image,regions
33331ef7-02fe-4d53-a1c2-19940d128b49.jpg,"[{""bbox"": [1255, 217, 1715, 357], ""type"": ""handwritten"", ""text"": ""Треба жити!""}, {""bbox"": [799, 346, 2409, 501], ""type"": ""handwritten"", ""text"": ""Жити треба цікаво: читати книжки, ходити в театр,""}, {""bbox"": [785, 484, 1564, 589], ""type"": ""handwritten"", ""text"": ""дресирувать пса Патрона…""}, {""bbox"": [860, 567, 2441, 706], ""type"": ""handwritten"", ""text"": ""Треба жити! Не впівсили, не трошки, не завтра,""}, {""bbox"": [799, 677, 1979, 789], ""type"": ""handwritten"", ""text"": ""не після. По-справжньому! Зараз!""}, {""bbox"": [833, 740, 2442, 869], ""type"": ""handwritten"", ""text"": ""Треба гладити котів, збирати гриби, везти цуценят""}, {""bbox"": [779, 821, 2465, 944], ""type"": ""handwritten"", ""text"": ""із фронту на \""інтерсіті\"", робити ремонт і приносити""}, {""bbox"": [782, 893, 2447, 1022], ""type"": ""handwritten"", ""text"": ""щастя тим, кого любимо. Треба купувати сукні""}, {""bbox"": [777, 970, 2452, 1100], ""type"": ""handwritten"", ""text"": ""з лелітками і донатити на військо, вишукувати""}, {""bbox"": [790, 1052, 2455, 1189], ""type"": ""handwritten"", ""text"": ""РЕБи і генератори, а ще — нишпорити вечорам""}, {""bbox"": [774, 1149, 2339, 1278], ""type"": ""handwritten"", ""text"": ""ми в міжʼярʼї ботсаду, бо на перший урок""}, {""bbox"": [778, 1236, 1657, 1342], ""type"": ""handwritten"", ""text"": ""треба принести каштанів.""}, {""bbox"": [872, 1314, 2352, 1434], ""type"": ""handwritten"", ""text"": ""Треба любити свій дім, навіть якщо він""}, {""bbox"": [788, 1390, 2452, 1506], ""type"": ""handwritten"", ""text"": ""тимчасовий і далеко від справжнього дому — того,""}, {""bbox"": [778, 1463, 2367, 1576], ""type"": ""handwritten"", ""text"": ""що в серці. Треба здавати кров, і, може, з""}, {""bbox"": [789, 1530, 2390, 1653], ""type"": ""handwritten"", ""text"": ""нею ще в чиємусь серці поселиться любов до""}, {""bbox"": [803, 1612, 1937, 1721], ""type"": ""handwritten"", ""text"": ""слів: \""допіру\"", \""пітятко\"" чи \""кияхи\"".""}, {""bbox"": [829, 1679, 2355, 1796], ""type"": ""handwritten"", ""text"": ""Треба цілуватися, коли випадає нагода, і""}, {""bbox"": [833, 1746, 2471, 1873], ""type"": ""handwritten"", ""text"": ""казати те, що на думці. Немає часу на півтони.""}, {""bbox"": [808, 1826, 2468, 1955], ""type"": ""handwritten"", ""text"": ""Матеріальне — крихке, життя тікає крізь пальці.""}, {""bbox"": [793, 1906, 2436, 2033], ""type"": ""handwritten"", ""text"": ""Справжнім виявилось тільки те, за що не можна""}, {""bbox"": [793, 1985, 2352, 2108], ""type"": ""handwritten"", ""text"": ""схопитись руками: спогади, сміх і любов.""}, {""bbox"": [853, 2058, 2441, 2179], ""type"": ""handwritten"", ""text"": ""Ще треба плакати, коли можеться. За все""}, {""bbox"": [798, 2135, 2433, 2256], ""type"": ""handwritten"", ""text"": ""те, що ніколи не мало з нами статися. За""}, {""bbox"": [772, 2211, 2349, 2323], ""type"": ""handwritten"", ""text"": ""те, що ми не тільки знаємо, як пишеться""}, {""bbox"": [754, 2288, 2457, 2412], ""type"": ""handwritten"", ""text"": ""\""далекобійний дрон\"" або \""балістична ракета\"",""}, {""bbox"": [760, 2375, 2016, 2491], ""type"": ""handwritten"", ""text"": ""а й розрізняємо їх на слух.""}, {""bbox"": [873, 2461, 2475, 2587], ""type"": ""handwritten"", ""text"": ""Росіяни хочуть, щоб ми стали схожими""}, {""bbox"": [792, 2549, 2339, 2680], ""type"": ""handwritten"", ""text"": ""на них: скніли у вічній гризоті. А ми""}, {""bbox"": [773, 2636, 2485, 2770], ""type"": ""handwritten"", ""text"": ""будемо жити цікаво — всупереч історії і заради т""}, {""bbox"": [770, 2719, 2454, 2844], ""type"": ""handwritten"", ""text"": ""тих, хто після нас говоритиме нашою мовою.""}]"
1f7e87e1-0fe9-47a8-be81-ee4d109e74a0.jpg,"[{""bbox"": [74, 44, 1111, 167], ""type"": ""handwritten"", ""text"": ""те, що ніколи не мал""}, {""bbox"": [92, 128, 1113, 228], ""type"": ""handwritten"", ""text"": ""ло з нами статися.""}, {""bbox"": [93, 194, 1110, 286], ""type"": ""handwritten"", ""text"": ""За те, що ми не тільк""}, {""bbox"": [90, 257, 1103, 342], ""type"": ""handwritten"", ""text"": ""ки знаємо, як пишетьс""}, {""bbox"": [77, 315, 1004, 398], ""type"": ""handwritten"", ""text"": ""ся \""далекобійний дрон\""""}, {""bbox"": [91, 375, 1105, 463], ""type"": ""handwritten"", ""text"": ""або \""балістична ракета\"",""}, {""bbox"": [91, 434, 1000, 518], ""type"": ""handwritten"", ""text"": ""а й розрізняємо їх""}, {""bbox"": [90, 497, 466, 567], ""type"": ""handwritten"", ""text"": ""на слух.""}, {""bbox"": [182, 548, 1026, 629], ""type"": ""handwritten"", ""text"": ""Росіяни хочуть, щоб""}, {""bbox"": [84, 605, 1080, 686], ""type"": ""handwritten"", ""text"": ""ми стали схожим""}, {""bbox"": [81, 663, 1082, 745], ""type"": ""handwritten"", ""text"": ""на них: скніли у вічн""}, {""bbox"": [83, 718, 1003, 800], ""type"": ""handwritten"", ""text"": ""ній гризоті. А ми""}, {""bbox"": [89, 773, 1082, 860], ""type"": ""handwritten"", ""text"": ""будемо жити цікаво —""}, {""bbox"": [89, 832, 1099, 920], ""type"": ""handwritten"", ""text"": ""всупереч історії і заради""}, {""bbox"": [79, 895, 1027, 981], ""type"": ""handwritten"", ""text"": ""тих, хто після нас""}, {""bbox"": [77, 957, 954, 1040], ""type"": ""handwritten"", ""text"": ""говоритиме нашою""}, {""bbox"": [83, 1026, 380, 1092], ""type"": ""handwritten"", ""text"": ""мовою.""}]"
26db9d85-0974-483b-b53e-0a2cff4f30c5.jpg,"[{""bbox"": [1051, 414, 2104, 619], ""type"": ""handwritten"", ""text"": ""Треба жити""}, {""bbox"": [608, 625, 3662, 852], ""type"": ""handwritten"", ""text"": ""Жити треба цікаво: читати книжки,""}, {""bbox"": [278, 810, 3623, 1028], ""type"": ""handwritten"", ""text"": ""ходити в театр, дресирувать пса Патрона…""}, {""bbox"": [563, 1012, 3757, 1238], ""type"": ""handwritten"", ""text"": ""Треба жити! Не впівсили, не трошки,""}, {""bbox"": [289, 1215, 3430, 1437], ""type"": ""handwritten"", ""text"": ""не завтра, не після. По-справжньому!""}, {""bbox"": [276, 1417, 3844, 1655], ""type"": ""handwritten"", ""text"": ""Зараз! Треба гладити котів, збирати гриби,""}, {""bbox"": [275, 1610, 3552, 1846], ""type"": ""handwritten"", ""text"": ""везти цуценят із фронту на \""інтерсіті\"",""}, {""bbox"": [285, 1800, 3565, 2021], ""type"": ""handwritten"", ""text"": ""робити ремонт і приносити щастя тим,""}, {""bbox"": [306, 1979, 3604, 2195], ""type"": ""handwritten"", ""text"": ""кого любимо. Треба купувати сукні з""}, {""bbox"": [308, 2163, 3803, 2391], ""type"": ""handwritten"", ""text"": ""лелітками і донатити на військо, вишук""}, {""bbox"": [301, 2346, 3820, 2579], ""type"": ""handwritten"", ""text"": ""кувати РЕБи і генератори, а ще — нишпор""}, {""bbox"": [290, 2539, 3755, 2764], ""type"": ""handwritten"", ""text"": ""рити вечорами в міжʼярʼї ботсаду, бо""}, {""bbox"": [288, 2727, 3799, 2942], ""type"": ""handwritten"", ""text"": ""на перший урок треба принести каштанів.""}, {""bbox"": [498, 2892, 3736, 3113], ""type"": ""handwritten"", ""text"": ""Треба любити свій дім, навіть якщо""}, {""bbox"": [249, 3056, 3835, 3287], ""type"": ""handwritten"", ""text"": ""він тимчасовий і далеко від справжнього""}, {""bbox"": [266, 3239, 3553, 3468], ""type"": ""handwritten"", ""text"": ""дому — того, що в серці. Треба здавати""}, {""bbox"": [268, 3431, 3637, 3671], ""type"": ""handwritten"", ""text"": ""кров, і, може, з нею ще в чиємусь серці""}, {""bbox"": [262, 3609, 3854, 3853], ""type"": ""handwritten"", ""text"": ""поселиться любов до слів: \""допіру\"", \""пітятко\"" чи""}, {""bbox"": [261, 3779, 788, 3948], ""type"": ""handwritten"", ""text"": ""кияхи\"".""}, {""bbox"": [512, 3967, 3882, 4215], ""type"": ""handwritten"", ""text"": ""Треба цілуватися, коли випадає нагода, і""}, {""bbox"": [233, 4151, 3612, 4392], ""type"": ""handwritten"", ""text"": ""казати те, що на думці. Немає часу на""}, {""bbox"": [227, 4320, 3705, 4572], ""type"": ""handwritten"", ""text"": ""півтони. Матеріальне — крихке, життя тікає""}, {""bbox"": [221, 4511, 3846, 4760], ""type"": ""handwritten"", ""text"": ""крізь пальці. Справжнім виявилось тільки""}, {""bbox"": [221, 4706, 3558, 4942], ""type"": ""handwritten"", ""text"": ""те, за що не можна схопитись руками:""}, {""bbox"": [220, 4883, 2340, 5100], ""type"": ""handwritten"", ""text"": ""спогади, сміх і любов.""}, {""bbox"": [507, 5056, 3820, 5291], ""type"": ""handwritten"", ""text"": ""Ще треба плакати, коли можеться. За""}, {""bbox"": [230, 5247, 3583, 5464], ""type"": ""handwritten"", ""text"": ""все те, що ніколи не мало з нами""}, {""bbox"": [249, 5427, 3870, 5662], ""type"": ""handwritten"", ""text"": ""статися. За те, що ми не тільки""}]"
3bc2244f-ea4a-4c1e-86bf-defa0f11402f.jpg,"[{""bbox"": [600, 188, 1115, 288], ""type"": ""handwritten"", ""text"": ""Треба жити""}, {""bbox"": [356, 269, 1373, 355], ""type"": ""handwritten"", ""text"": ""Жити треба цікаво: читати""}, {""bbox"": [243, 338, 1360, 418], ""type"": ""handwritten"", ""text"": ""книжки, ходити в театр, дрес""}, {""bbox"": [250, 397, 1154, 475], ""type"": ""handwritten"", ""text"": ""сирувать пса Патрона…""}, {""bbox"": [372, 457, 1341, 544], ""type"": ""handwritten"", ""text"": ""Треба жити! Не впівсили,""}, {""bbox"": [237, 525, 1358, 610], ""type"": ""handwritten"", ""text"": ""не трошки, не завтра, не після.""}, {""bbox"": [237, 584, 1281, 674], ""type"": ""handwritten"", ""text"": ""По-справжньому! Зараз! Треба""}, {""bbox"": [213, 652, 1271, 735], ""type"": ""handwritten"", ""text"": ""гладити котів, збирати гриби,""}, {""bbox"": [218, 717, 1350, 801], ""type"": ""handwritten"", ""text"": ""везти цуценят із фронту на""}, {""bbox"": [214, 779, 1357, 863], ""type"": ""handwritten"", ""text"": ""\""інтерсіті\"", робити ремонт і прин""}, {""bbox"": [217, 843, 1369, 928], ""type"": ""handwritten"", ""text"": ""носити щастя тим, кого любимо.""}, {""bbox"": [216, 906, 1376, 989], ""type"": ""handwritten"", ""text"": ""Треба купувати сукні з лелітками""}, {""bbox"": [216, 969, 1375, 1053], ""type"": ""handwritten"", ""text"": ""і донатити на військо, вишукуват""}, {""bbox"": [214, 1032, 1258, 1115], ""type"": ""handwritten"", ""text"": ""ти РЕБи і генератори, а ще""}, {""bbox"": [217, 1095, 1349, 1180], ""type"": ""handwritten"", ""text"": ""нишпорити вечорами в міжʼярʼї""}, {""bbox"": [222, 1155, 1250, 1242], ""type"": ""handwritten"", ""text"": ""ботсаду, бо на перший урок""}, {""bbox"": [226, 1223, 1194, 1303], ""type"": ""handwritten"", ""text"": ""треба принести каштанів.""}, {""bbox"": [333, 1283, 1346, 1370], ""type"": ""handwritten"", ""text"": ""Треба любити свій дім, нав""}, {""bbox"": [211, 1348, 1344, 1433], ""type"": ""handwritten"", ""text"": ""віть якщо він тимчасовий і дал""}, {""bbox"": [212, 1411, 1348, 1496], ""type"": ""handwritten"", ""text"": ""леко від справжнього дому — того,""}, {""bbox"": [226, 1473, 1355, 1559], ""type"": ""handwritten"", ""text"": ""що в серці. Треба здавати кров""}, {""bbox"": [230, 1542, 1271, 1622], ""type"": ""handwritten"", ""text"": ""і, може, з нею ще в чиємусь""}, {""bbox"": [217, 1603, 1342, 1693], ""type"": ""handwritten"", ""text"": ""серці поселиться любов до слів: \""до""}]"
272b57f4-1fc7-4cf8-97af-7fe575fbf601.jpg,"[{""bbox"": [1992, 178, 2598, 296], ""type"": ""handwritten"", ""text"": ""Дане Раде""}, {""bbox"": [544, 298, 2828, 507], ""type"": ""handwritten"", ""text"": ""ще в чиємусь серці поселиться любов""}, {""bbox"": [533, 460, 2679, 655], ""type"": ""handwritten"", ""text"": ""до слів: \""допіру\"", \""пітятко\"" чи \""кияхи\"".""}, {""bbox"": [704, 600, 2748, 820], ""type"": ""handwritten"", ""text"": ""Треба цілуватися, коли випадає""}, {""bbox"": [531, 765, 2829, 984], ""type"": ""handwritten"", ""text"": ""нагода, і казати те, що на думці.""}, {""bbox"": [505, 918, 2852, 1153], ""type"": ""handwritten"", ""text"": ""Немає часу на півтони. Матеріальне""}, {""bbox"": [493, 1089, 2669, 1302], ""type"": ""handwritten"", ""text"": ""крихке, життя тікає крізь пальці.""}, {""bbox"": [490, 1249, 2691, 1461], ""type"": ""handwritten"", ""text"": ""Справжнім виявилось тільки те, за""}, {""bbox"": [496, 1423, 2887, 1646], ""type"": ""handwritten"", ""text"": ""що не можна схопитись руками:""}, {""bbox"": [485, 1604, 1894, 1779], ""type"": ""handwritten"", ""text"": ""спогади, сміх і любов.""}, {""bbox"": [583, 1756, 2925, 1977], ""type"": ""handwritten"", ""text"": ""Ще треба плакати, коли можеться.""}, {""bbox"": [464, 1930, 2834, 2152], ""type"": ""handwritten"", ""text"": ""За все те, що ніколи не мало з""}, {""bbox"": [460, 2106, 2841, 2326], ""type"": ""handwritten"", ""text"": ""нами статися. За те, що ми не""}, {""bbox"": [437, 2279, 2844, 2507], ""type"": ""handwritten"", ""text"": ""тільки знаємо, як пишеться \""далекоб""}, {""bbox"": [426, 2466, 2860, 2691], ""type"": ""handwritten"", ""text"": ""бійний дрон\"" або \""балістична ракета\"",""}, {""bbox"": [439, 2647, 2604, 2852], ""type"": ""handwritten"", ""text"": ""а й розрізняємо їх на слух.""}, {""bbox"": [515, 2823, 2546, 3054], ""type"": ""handwritten"", ""text"": ""Росіяни хочуть, щоб ми стали""}, {""bbox"": [407, 3005, 2863, 3247], ""type"": ""handwritten"", ""text"": ""схожими на них: скніли у вічній""}, {""bbox"": [398, 3182, 2981, 3436], ""type"": ""handwritten"", ""text"": ""гризоті. А ми будемо жити цікаво —""}, {""bbox"": [388, 3383, 2739, 3624], ""type"": ""handwritten"", ""text"": ""всупереч історії і заради тих, хто""}, {""bbox"": [370, 3574, 2793, 3807], ""type"": ""handwritten"", ""text"": ""після нас говоритиме нашою мовою.""}]"
c5b345be-9365-4caa-bf71-7c89fc6d48f0.jpg,"[{""bbox"": [919, 2, 1530, 157], ""type"": ""handwritten"", ""text"": ""Диктант""}, {""bbox"": [680, 119, 1604, 321], ""type"": ""handwritten"", ""text"": ""реба жити""}, {""bbox"": [314, 290, 2588, 512], ""type"": ""handwritten"", ""text"": ""Жити треба цікаво: читати книжк""}, {""bbox"": [65, 446, 2475, 642], ""type"": ""handwritten"", ""text"": ""ки, ходити в театр, дресирувать пса""}, {""bbox"": [81, 580, 2489, 762], ""type"": ""handwritten"", ""text"": ""Патрона… Треба жити! Не впівсили, не""}, {""bbox"": [122, 713, 2559, 894], ""type"": ""handwritten"", ""text"": ""трошки, не завтра, не після. По-справжньом""}, {""bbox"": [75, 839, 2507, 1028], ""type"": ""handwritten"", ""text"": ""му! Зараз! Треба гладити котів, збирати""}, {""bbox"": [86, 976, 2548, 1155], ""type"": ""handwritten"", ""text"": ""гриби, везти цуценят із фронту на \""інтерс""}, {""bbox"": [145, 1101, 2504, 1279], ""type"": ""handwritten"", ""text"": ""сіті\"", робити ремонт і приносити щаст""}, {""bbox"": [153, 1234, 2498, 1404], ""type"": ""handwritten"", ""text"": ""тя тим, кого любимо. Треба купувати""}, {""bbox"": [167, 1365, 2487, 1532], ""type"": ""handwritten"", ""text"": ""сукні з лелітками і донатити на військо,""}, {""bbox"": [164, 1488, 2423, 1658], ""type"": ""handwritten"", ""text"": ""вишукувати РЕБи і генератори, а ще —""}, {""bbox"": [155, 1612, 2475, 1785], ""type"": ""handwritten"", ""text"": ""нишпорити вечорами в міжʼярʼї ботс""}, {""bbox"": [183, 1732, 2463, 1925], ""type"": ""handwritten"", ""text"": ""саду, бо на перший урок треба прин""}, {""bbox"": [204, 1875, 1134, 2005], ""type"": ""handwritten"", ""text"": ""нести каштанів.""}, {""bbox"": [420, 1978, 2363, 2155], ""type"": ""handwritten"", ""text"": ""Треба любити свій дім, навіть""}, {""bbox"": [127, 2099, 2526, 2289], ""type"": ""handwritten"", ""text"": ""якщо він тимчасовий і далеко від справжн""}, {""bbox"": [132, 2234, 2470, 2414], ""type"": ""handwritten"", ""text"": ""нього дому — того, що в серці. Треба здават""}, {""bbox"": [141, 2359, 2462, 2534], ""type"": ""handwritten"", ""text"": ""ти кров, і, може, з нею ще в чиємусь""}, {""bbox"": [213, 2479, 2379, 2655], ""type"": ""handwritten"", ""text"": ""серці поселиться любов до слів: \""допіру\"",""}, {""bbox"": [219, 2611, 1352, 2738], ""type"": ""handwritten"", ""text"": ""пітятко\"" чи \""кияхи\"".""}, {""bbox"": [500, 2703, 2443, 2897], ""type"": ""handwritten"", ""text"": ""Треба цілуватися, коли випадає наг""}, {""bbox"": [168, 2833, 2439, 3017], ""type"": ""handwritten"", ""text"": ""года, і казати те, що на думці. Немає""}, {""bbox"": [157, 2952, 2385, 3133], ""type"": ""handwritten"", ""text"": ""часу на півтони. Матеріальне — крихке,""}, {""bbox"": [161, 3078, 2403, 3256], ""type"": ""handwritten"", ""text"": ""життя тікає крізь пальці. Справжнім""}, {""bbox"": [161, 3192, 2369, 3374], ""type"": ""handwritten"", ""text"": ""виявилось тільки те, за що не можна""}, {""bbox"": [170, 3310, 2411, 3503], ""type"": ""handwritten"", ""text"": ""схопитись руками: спогади, сміх і люб""}, {""bbox"": [186, 3425, 392, 3555], ""type"": ""handwritten"", ""text"": ""бов.""}]"
0bb6a86a-b5a1-4e68-97eb-a1f503c040d9.jpg,"[{""bbox"": [638, 174, 936, 240], ""type"": ""handwritten"", ""text"": ""Треба жити""}, {""bbox"": [334, 245, 1546, 365], ""type"": ""handwritten"", ""text"": ""Жити треба цікаво: читати книжки, ходити в""}, {""bbox"": [291, 328, 1154, 424], ""type"": ""handwritten"", ""text"": ""ти неа патрона, ходити  в теато.""}, {""bbox"": [332, 404, 1427, 516], ""type"": ""handwritten"", ""text"": ""Треба жити! Не впівсили, не трошки, не""}, {""bbox"": [287, 488, 1509, 596], ""type"": ""handwritten"", ""text"": ""завтра, не після. По-справжньому! Зараз! Треба""}, {""bbox"": [293, 571, 1523, 683], ""type"": ""handwritten"", ""text"": ""гладити котів, збирати гриби, везти цуценят""}, {""bbox"": [300, 654, 1550, 768], ""type"": ""handwritten"", ""text"": ""із фронту на \""інтерсіті\"", робити ремонт і принос""}, {""bbox"": [299, 739, 1536, 846], ""type"": ""handwritten"", ""text"": ""сити щастя тим, кого любимо. Треба купувати""}, {""bbox"": [296, 821, 1541, 926], ""type"": ""handwritten"", ""text"": ""сукні з лелітками і донатити на військо, виш""}, {""bbox"": [295, 895, 1537, 1001], ""type"": ""handwritten"", ""text"": ""укувати РЕБи і генератори, а ще — нишпорити""}, {""bbox"": [292, 971, 1447, 1083], ""type"": ""handwritten"", ""text"": ""вечорами в міжʼярʼї ботсаду, бо на перший""}, {""bbox"": [293, 1058, 1122, 1155], ""type"": ""handwritten"", ""text"": ""урок треба принести каштанів.""}, {""bbox"": [331, 1108, 1538, 1234], ""type"": ""handwritten"", ""text"": ""Треба любити свій дім, навіть якщо він тимчас""}, {""bbox"": [296, 1199, 1505, 1311], ""type"": ""handwritten"", ""text"": ""совий і далеко від справжнього дому — того, що в""}, {""bbox"": [299, 1303, 449, 1376], ""type"": ""handwritten"", ""text"": ""серці.""}, {""bbox"": [316, 1324, 1508, 1447], ""type"": ""handwritten"", ""text"": ""Треба здавати кров, і, може, з нею ще в чиємусь""}, {""bbox"": [305, 1416, 1472, 1533], ""type"": ""handwritten"", ""text"": ""серці поселиться любов до слів: \""допіру\"", \""пітятко""}, {""bbox"": [305, 1514, 593, 1587], ""type"": ""handwritten"", ""text"": ""чи \""кияхи\"".""}, {""bbox"": [331, 1524, 1546, 1644], ""type"": ""handwritten"", ""text"": ""Треба цілуватися, коли випадає нагода, і казат""}, {""bbox"": [305, 1601, 1543, 1714], ""type"": ""handwritten"", ""text"": ""ти те, що на думці. Немає часу на півтони. Мат""}, {""bbox"": [297, 1669, 1542, 1782], ""type"": ""handwritten"", ""text"": ""теріальне — крихке, життя тікає крізь пальці. Справжн""}, {""bbox"": [312, 1738, 1544, 1846], ""type"": ""handwritten"", ""text"": ""нім виявилось тільки те, за що не можна схопитис""}, {""bbox"": [316, 1811, 1235, 1915], ""type"": ""handwritten"", ""text"": ""сь руками: спогади, сміх і любов.""}]"
27067f3f-09db-45ff-b654-1d183398076c.jpg,"[{""bbox"": [589, 109, 2397, 331], ""type"": ""handwritten"", ""text"": ""Радіодиктант націотальної єдності""}, {""bbox"": [1061, 263, 1914, 410], ""type"": ""handwritten"", ""text"": ""реба жити!""}, {""bbox"": [435, 323, 2596, 543], ""type"": ""handwritten"", ""text"": ""Жити треба цікаво: читати книжки,""}, {""bbox"": [162, 412, 2630, 632], ""type"": ""handwritten"", ""text"": ""ходити в театр, дресирувать пса Патрона""}, {""bbox"": [391, 534, 1297, 681], ""type"": ""handwritten"", ""text"": ""Треба жити!""}, {""bbox"": [370, 634, 2605, 809], ""type"": ""handwritten"", ""text"": ""Не впівсили, не трошки, не завтра, не""}, {""bbox"": [159, 740, 2486, 906], ""type"": ""handwritten"", ""text"": ""після. По-справжньому! Зараз! Треба""}, {""bbox"": [171, 833, 2455, 991], ""type"": ""handwritten"", ""text"": ""гладити котів, збирати гриби, везти""}, {""bbox"": [191, 920, 2642, 1091], ""type"": ""handwritten"", ""text"": ""цуценят із фронту на \""інтерсіті\"", робити""}, {""bbox"": [200, 1026, 2653, 1193], ""type"": ""handwritten"", ""text"": ""монт і приносити щастя тим, кого""}, {""bbox"": [180, 1106, 2613, 1267], ""type"": ""handwritten"", ""text"": ""любимо. Треба купувати сукні з лелітками і""}, {""bbox"": [176, 1199, 2598, 1347], ""type"": ""handwritten"", ""text"": ""донатити на військо, вишукувати РЕБи""}, {""bbox"": [166, 1276, 2685, 1447], ""type"": ""handwritten"", ""text"": ""і генератори, а ще — нишпорити вечорами""}, {""bbox"": [167, 1373, 2690, 1539], ""type"": ""handwritten"", ""text"": ""в міжʼярʼї ботсаду, бо на перший урок треба""}, {""bbox"": [159, 1461, 1456, 1595], ""type"": ""handwritten"", ""text"": ""принести каштанів.""}, {""bbox"": [350, 1533, 2617, 1693], ""type"": ""handwritten"", ""text"": ""Треба любити свій дім, навіть якщо""}, {""bbox"": [180, 1637, 2627, 1789], ""type"": ""handwritten"", ""text"": ""він тимчасовий і далеко від справжнього""}, {""bbox"": [158, 1814, 2607, 1959], ""type"": ""handwritten"", ""text"": ""кров, і, може, з нею ще в чиємусь серці""}, {""bbox"": [150, 1894, 2691, 2060], ""type"": ""handwritten"", ""text"": ""поселиться любов до слів: \""допіру\"", \""пітятко\""""}, {""bbox"": [163, 2009, 878, 2115], ""type"": ""handwritten"", ""text"": ""чи \""кияхи\""""}, {""bbox"": [304, 2068, 2706, 2238], ""type"": ""handwritten"", ""text"": ""Треба цілуватися, коли випадає нагода""}, {""bbox"": [134, 2164, 2616, 2320], ""type"": ""handwritten"", ""text"": ""і казати те, що на думці. Немає часу""}, {""bbox"": [121, 2251, 2456, 2410], ""type"": ""handwritten"", ""text"": ""на півтони. Матеріальне — крихке,""}, {""bbox"": [115, 2344, 2681, 2502], ""type"": ""handwritten"", ""text"": ""життя тікає крізь пальці. Справжнім""}, {""bbox"": [119, 2418, 2641, 2594], ""type"": ""handwritten"", ""text"": ""виявилось тільки те, за що не можна""}, {""bbox"": [346, 2614, 2721, 2776], ""type"": ""handwritten"", ""text"": ""Ще треба плахати, коли можеться""}, {""bbox"": [96, 2710, 2586, 2869], ""type"": ""handwritten"", ""text"": ""За все те, що ніколи не мало з нами""}, {""bbox"": [92, 2806, 2589, 2956], ""type"": ""handwritten"", ""text"": ""статися. За те, що ми не тільки знаєм""}, {""bbox"": [84, 2892, 2723, 3052], ""type"": ""handwritten"", ""text"": ""як пишеться \""далекобійний дрон\"" або""}, {""bbox"": [86, 2989, 2616, 3151], ""type"": ""handwritten"", ""text"": ""\""балістична ракета\"", а й розрізняєм""}, {""bbox"": [97, 3096, 967, 3220], ""type"": ""handwritten"", ""text"": ""їх на слух.""}, {""bbox"": [289, 3160, 2411, 3326], ""type"": ""handwritten"", ""text"": ""Росіяни хочуть, щоб ми стали""}, {""bbox"": [69, 3266, 2573, 3443], ""type"": ""handwritten"", ""text"": ""схожими на них: скніли у вічній""}, {""bbox"": [65, 3356, 2711, 3552], ""type"": ""handwritten"", ""text"": ""гризоті. А ми будемо жити цікаво""}, {""bbox"": [57, 3455, 2754, 3641], ""type"": ""handwritten"", ""text"": ""всупереч історії і заради тих, хто""}, {""bbox"": [40, 3567, 2747, 3770], ""type"": ""handwritten"", ""text"": ""після нас говоритиме нашою мовою.""}]"
baa8fd98-2332-4390-944e-f0847409251f.jpg,"[{""bbox"": [655, 528, 1173, 638], ""type"": ""handwritten"", ""text"": ""Треба жити""}, {""bbox"": [415, 629, 1932, 749], ""type"": ""handwritten"", ""text"": ""Жити треба цікаво, читати книжки,""}, {""bbox"": [237, 722, 888, 843], ""type"": ""handwritten"", ""text"": ""ходити в садок""}, {""bbox"": [281, 811, 1826, 934], ""type"": ""handwritten"", ""text"": ""Не впівсили, не трошки, не завтра, не після.""}, {""bbox"": [291, 918, 1935, 1033], ""type"": ""handwritten"", ""text"": ""По-справжньому! Зараз! Треба гладит""}, {""bbox"": [279, 1017, 1706, 1130], ""type"": ""handwritten"", ""text"": ""ти котів, збирати гриби, везти""}, {""bbox"": [271, 1113, 1923, 1228], ""type"": ""handwritten"", ""text"": ""цуценят із фронту на \""інтерсіті\"", робити""}, {""bbox"": [275, 1217, 1846, 1322], ""type"": ""handwritten"", ""text"": ""ремонт і приносити щастя тим, кого""}, {""bbox"": [273, 1306, 1969, 1422], ""type"": ""handwritten"", ""text"": ""любимо. Треба купувати сукні з леліткам""}, {""bbox"": [266, 1406, 1907, 1520], ""type"": ""handwritten"", ""text"": ""ми і приносити ~~щастя донатиті  на""}, {""bbox"": [283, 1496, 1967, 1620], ""type"": ""handwritten"", ""text"": ""військо, вишукувати РЕБи і генератори,""}, {""bbox"": [288, 1596, 1825, 1716], ""type"": ""handwritten"", ""text"": ""ботсаду, бо на перший урок треба принести""}, {""bbox"": [274, 1714, 672, 1809], ""type"": ""handwritten"", ""text"": ""каштанів.""}, {""bbox"": [494, 1780, 1861, 1914], ""type"": ""handwritten"", ""text"": ""Треба любити свій дім, навіть""}, {""bbox"": [262, 1896, 1697, 2011], ""type"": ""handwritten"", ""text"": ""якщо він тимчасовий і далеко від""}, {""bbox"": [266, 1995, 1765, 2109], ""type"": ""handwritten"", ""text"": ""справжнього дому — того, що в серці.""}, {""bbox"": [250, 2089, 1917, 2220], ""type"": ""handwritten"", ""text"": ""Треба здавати кров, і, може, з нею ще""}, {""bbox"": [261, 2198, 1832, 2317], ""type"": ""handwritten"", ""text"": ""в чиємусь серці поселиться любов до""}, {""bbox"": [253, 2300, 1692, 2416], ""type"": ""handwritten"", ""text"": ""слів: \""допіру\"", \""пітятко\"" чи \""кияхи""}, {""bbox"": [433, 2398, 1814, 2519], ""type"": ""handwritten"", ""text"": ""Треба цілуватися, коли випадає""}, {""bbox"": [240, 2503, 1978, 2626], ""type"": ""handwritten"", ""text"": ""нагода, і казати те, що на думці. Немає""}, {""bbox"": [245, 2603, 1930, 2726], ""type"": ""handwritten"", ""text"": ""часу на півтони. Матеріальне — крихке,""}, {""bbox"": [245, 2708, 1891, 2828], ""type"": ""handwritten"", ""text"": ""життя тікає крізь пальці. Справж""}]"
00829c22-1e80-4e13-a395-3f9d8b088f7d.jpg,"[{""bbox"": [834, 128, 1493, 277], ""type"": ""handwritten"", ""text"": ""Треба жити!""}, {""bbox"": [539, 339, 2802, 492], ""type"": ""handwritten"", ""text"": ""Жити треба цікаво: читати книжки, ходити""}, {""bbox"": [319, 454, 2032, 604], ""type"": ""handwritten"", ""text"": ""в театр, дресирувать пса Патрона…""}, {""bbox"": [523, 567, 2798, 705], ""type"": ""handwritten"", ""text"": ""Треба жити! Не впівсили, не трошки, не завтра,""}, {""bbox"": [273, 661, 2797, 809], ""type"": ""handwritten"", ""text"": ""не після. По-справжньому! Зараз! Треба гладити котів,""}, {""bbox"": [272, 768, 2811, 919], ""type"": ""handwritten"", ""text"": ""збирати гриби, везти цуценят із фронту на \""інтерс""}, {""bbox"": [274, 880, 2692, 1021], ""type"": ""handwritten"", ""text"": ""сіті\"", робити ремонт і приносити щастя тим,""}, {""bbox"": [277, 976, 2772, 1129], ""type"": ""handwritten"", ""text"": ""кого любимо. Треба купувати сукні з лелітками""}, {""bbox"": [281, 1087, 2797, 1232], ""type"": ""handwritten"", ""text"": ""і донатити на військо, вишукувати РЕБи і генер""}, {""bbox"": [280, 1198, 2792, 1333], ""type"": ""handwritten"", ""text"": ""ратори, а ще — нишпорити вечорами в міжʼярʼї""}, {""bbox"": [266, 1300, 2830, 1451], ""type"": ""handwritten"", ""text"": ""ботсаду, бо на перший урок треба принести каштан""}, {""bbox"": [290, 1398, 490, 1512], ""type"": ""handwritten"", ""text"": ""нів.""}, {""bbox"": [457, 1504, 2748, 1658], ""type"": ""handwritten"", ""text"": ""Треба любити свій дім, навіть якщо він тимч""}, {""bbox"": [278, 1615, 2771, 1777], ""type"": ""handwritten"", ""text"": ""часовий і далеко від справжнього дому — того, що""}, {""bbox"": [279, 1728, 2744, 1889], ""type"": ""handwritten"", ""text"": ""в серці. Треба здавати кров, і, може, з нею ще""}, {""bbox"": [274, 1841, 2779, 2000], ""type"": ""handwritten"", ""text"": ""в чиємусь серці поселиться любов до слів: \""допіру\"",""}, {""bbox"": [283, 1965, 1289, 2096], ""type"": ""handwritten"", ""text"": ""пітятко\"" чи \""кияхи\"".""}, {""bbox"": [506, 2069, 2592, 2219], ""type"": ""handwritten"", ""text"": ""Треба цілуватися, коли випадає нагода, і""}, {""bbox"": [259, 2184, 2805, 2341], ""type"": ""handwritten"", ""text"": ""казати те, що на думці. Немає часу на півтони.""}, {""bbox"": [259, 2303, 2855, 2454], ""type"": ""handwritten"", ""text"": ""Матеріальне — крихке, життя тікає крізь пальці.""}, {""bbox"": [256, 2411, 2849, 2574], ""type"": ""handwritten"", ""text"": ""Справжнім виявилось тільки те, за що не можна""}, {""bbox"": [250, 2528, 2389, 2679], ""type"": ""handwritten"", ""text"": ""схопитись руками: спогади, сміх і любов.""}, {""bbox"": [456, 2638, 2756, 2796], ""type"": ""handwritten"", ""text"": ""Ще треба плакати, коли можеться. За все""}, {""bbox"": [225, 2762, 2732, 2921], ""type"": ""handwritten"", ""text"": ""те, що ніколи не мало з нами статися. За""}, {""bbox"": [239, 2890, 2633, 3037], ""type"": ""handwritten"", ""text"": ""те, що ми не тільки знаємо, як пишеться""}, {""bbox"": [234, 3002, 2646, 3153], ""type"": ""handwritten"", ""text"": ""далекобійний дрон\"" або \""балістична ракета\"", а й""}, {""bbox"": [242, 3121, 1457, 3265], ""type"": ""handwritten"", ""text"": ""розрізняємо їх на слух.""}, {""bbox"": [383, 3230, 2811, 3392], ""type"": ""handwritten"", ""text"": ""Росіяни хочуть, щоб ми стали схожими на""}, {""bbox"": [249, 3352, 2678, 3514], ""type"": ""handwritten"", ""text"": ""них: скніли у вічній гризоті. А ми будемо""}, {""bbox"": [251, 3474, 2804, 3636], ""type"": ""handwritten"", ""text"": ""жити цікаво — всупереч історії і заради тих""}, {""bbox"": [245, 3608, 2557, 3764], ""type"": ""handwritten"", ""text"": ""хто після нас говоритиме нашою мовою.""}]"
4438131a-dcaf-4bcb-ad17-1ad32af9a9aa.jpg,"[{""bbox"": [247, 275, 2672, 452], ""type"": ""handwritten"", ""text"": ""агода, і казати те, що на думці.""}, {""bbox"": [254, 420, 2540, 608], ""type"": ""handwritten"", ""text"": ""Немає часу на півтони. Матеріальне —""}, {""bbox"": [245, 568, 2538, 744], ""type"": ""handwritten"", ""text"": ""крихке, життя тікає крізь пальці.""}, {""bbox"": [243, 704, 2531, 881], ""type"": ""handwritten"", ""text"": ""Справжнім виявилось тільки те, за що""}, {""bbox"": [242, 857, 2663, 1029], ""type"": ""handwritten"", ""text"": ""не можна схопитись руками: спогади,""}, {""bbox"": [264, 994, 1140, 1142], ""type"": ""handwritten"", ""text"": ""сміх і любов.""}, {""bbox"": [653, 1128, 2718, 1299], ""type"": ""handwritten"", ""text"": ""Ще треба плакати, коли можеться.""}, {""bbox"": [241, 1274, 2543, 1440], ""type"": ""handwritten"", ""text"": ""За все те, що ніколи не мало з""}, {""bbox"": [244, 1419, 2348, 1590], ""type"": ""handwritten"", ""text"": ""з нами статися. За те, що ми""}, {""bbox"": [244, 1563, 2274, 1729], ""type"": ""handwritten"", ""text"": ""не тільки знаємо, як пишеться""}, {""bbox"": [226, 1700, 2463, 1871], ""type"": ""handwritten"", ""text"": ""далекобійний дрон\"" або \""балістична""}, {""bbox"": [224, 1840, 2621, 2002], ""type"": ""handwritten"", ""text"": ""ракета\"", а й розрізняємо їх на слух.""}, {""bbox"": [671, 1970, 2448, 2140], ""type"": ""handwritten"", ""text"": ""Росіяни хочуть, щоб ми стали""}, {""bbox"": [316, 2112, 2558, 2281], ""type"": ""handwritten"", ""text"": ""схожими на них: скніли у вічній""}, {""bbox"": [297, 2252, 2605, 2414], ""type"": ""handwritten"", ""text"": ""гризоті. А ми будемо жити цікаво —""}, {""bbox"": [268, 2374, 2410, 2553], ""type"": ""handwritten"", ""text"": ""всупереч історії і заради тих, хто""}, {""bbox"": [260, 2514, 2383, 2690], ""type"": ""handwritten"", ""text"": ""після нас говоритиме нашою мов""}]"
0c6d05a0-bc4a-4640-80d0-4639da07c382.jpg,"[{""bbox"": [759, 164, 2298, 417], ""type"": ""handwritten"", ""text"": ""Треба жити!""}, {""bbox"": [572, 303, 2833, 586], ""type"": ""handwritten"", ""text"": ""реба цікаво: читати""}, {""bbox"": [370, 522, 2861, 816], ""type"": ""handwritten"", ""text"": ""сирувать пса Патрона… Треба""}, {""bbox"": [369, 624, 2908, 911], ""type"": ""handwritten"", ""text"": ""жити! Не впівсили, не трошки,""}, {""bbox"": [340, 739, 2890, 1031], ""type"": ""handwritten"", ""text"": ""не завтра, не після. По-справжньому!""}, {""bbox"": [338, 865, 2729, 1117], ""type"": ""handwritten"", ""text"": ""Зараз! Треба гладити котів,""}, {""bbox"": [335, 1003, 2857, 1239], ""type"": ""handwritten"", ""text"": ""збирати гриби, везти цуценят""}, {""bbox"": [321, 1124, 2869, 1348], ""type"": ""handwritten"", ""text"": ""з фронту на \""інтерсіті\"", робити""}, {""bbox"": [323, 1243, 2949, 1471], ""type"": ""handwritten"", ""text"": ""ремонт і приносити щистя тим,""}, {""bbox"": [289, 1373, 2708, 1587], ""type"": ""handwritten"", ""text"": ""кого любимо. Треба купувати""}, {""bbox"": [284, 1500, 2901, 1720], ""type"": ""handwritten"", ""text"": ""сукні з лелітками і д""}, {""bbox"": [281, 1632, 2721, 1831], ""type"": ""handwritten"", ""text"": ""щастя тим, кого любимо.""}, {""bbox"": [267, 1746, 2892, 1957], ""type"": ""handwritten"", ""text"": ""донатити на військо, вишук""}, {""bbox"": [261, 1873, 2726, 2080], ""type"": ""handwritten"", ""text"": ""кувати РЕБи і генератори, а""}, {""bbox"": [248, 1995, 3036, 2208], ""type"": ""handwritten"", ""text"": ""ще — нишпорити вечорами в міжʼярʼї""}, {""bbox"": [255, 2136, 2792, 2333], ""type"": ""handwritten"", ""text"": ""ботсаду, бо на перший урок""}, {""bbox"": [270, 2273, 2628, 2458], ""type"": ""handwritten"", ""text"": ""треба принести каштанів.""}, {""bbox"": [364, 2393, 3021, 2601], ""type"": ""handwritten"", ""text"": ""Треба любити свій дім, навіть""}, {""bbox"": [165, 2534, 2819, 2732], ""type"": ""handwritten"", ""text"": ""якщо він тимчасовий і далеко""}, {""bbox"": [186, 2671, 2973, 2869], ""type"": ""handwritten"", ""text"": ""від справжнього дому — того, що""}, {""bbox"": [215, 2808, 2799, 3005], ""type"": ""handwritten"", ""text"": ""в серці. Треба здавати кров,""}, {""bbox"": [250, 2954, 2873, 3149], ""type"": ""handwritten"", ""text"": ""і, може, з нею ще в чиємусь""}, {""bbox"": [195, 3099, 2915, 3295], ""type"": ""handwritten"", ""text"": ""серці поселиться любов до слів:""}, {""bbox"": [168, 3236, 2911, 3437], ""type"": ""handwritten"", ""text"": ""\""допіру\"", \""пітятко\"" чи \""кияхи\"".""}, {""bbox"": [244, 3373, 2926, 3579], ""type"": ""handwritten"", ""text"": ""Треба цілуватися, коли вип""}, {""bbox"": [174, 3522, 2800, 3721], ""type"": ""handwritten"", ""text"": ""падає нагода, і казати те,""}, {""bbox"": [178, 3661, 3049, 3886], ""type"": ""handwritten"", ""text"": ""що на думці. Немає часу на""}, {""bbox"": [166, 3827, 2930, 4079], ""type"": ""handwritten"", ""text"": ""півтони. Матеріальне — крихке,""}]"
25849906-8ae6-4b9d-8dca-8c298e9d00a7.jpg,"[{""bbox"": [336, 48, 872, 169], ""type"": ""handwritten"", ""text"": ""Треба жити""}, {""bbox"": [193, 153, 1644, 284], ""type"": ""handwritten"", ""text"": ""Жити треба цікаво: читати книжки, ход""}, {""bbox"": [36, 254, 1516, 383], ""type"": ""handwritten"", ""text"": ""дити в театр, дресирувать пса Патрона…""}, {""bbox"": [174, 352, 1625, 481], ""type"": ""handwritten"", ""text"": ""Треба жити! Не впівсили, не трошки, не""}, {""bbox"": [33, 448, 1642, 587], ""type"": ""handwritten"", ""text"": ""завтра, не після. По-справжньому! Зараз! Треба гладит""}, {""bbox"": [32, 550, 1624, 686], ""type"": ""handwritten"", ""text"": ""ти котів, збирати гриби, везти цуценят із фронту""}, {""bbox"": [33, 649, 1643, 771], ""type"": ""handwritten"", ""text"": ""на \""інтерсіті\"", робити ремонт і приносити щастя""}, {""bbox"": [33, 736, 1633, 866], ""type"": ""handwritten"", ""text"": ""тим, кого любимо. Треба купувати сукні з леліткам""}, {""bbox"": [36, 834, 1616, 958], ""type"": ""handwritten"", ""text"": ""ми і донатити на військо, вишукувати РЕБи і""}, {""bbox"": [43, 929, 1615, 1047], ""type"": ""handwritten"", ""text"": ""генератори, а ще — нишпорити вечорами в міжʼярʼї""}, {""bbox"": [46, 1017, 1470, 1137], ""type"": ""handwritten"", ""text"": ""ботсаду, бо на перший урок треба принести""}, {""bbox"": [48, 1123, 346, 1198], ""type"": ""handwritten"", ""text"": ""каштанів.""}, {""bbox"": [226, 1181, 1536, 1311], ""type"": ""handwritten"", ""text"": ""Треба любити свій дім, навіть якщо він""}, {""bbox"": [52, 1282, 1584, 1403], ""type"": ""handwritten"", ""text"": ""тимчасовий і далеко від справжнього дому — того,""}, {""bbox"": [48, 1368, 1526, 1482], ""type"": ""handwritten"", ""text"": ""що в серці. Треба здавати кров, і, може, з нею""}, {""bbox"": [52, 1455, 1471, 1572], ""type"": ""handwritten"", ""text"": ""ще в чиємусь серці поселиться любов до слів""}, {""bbox"": [59, 1547, 1049, 1654], ""type"": ""handwritten"", ""text"": ""\""допіру\"", \""пітятко\"" чи \""кияхи\"".""}, {""bbox"": [261, 1615, 1498, 1735], ""type"": ""handwritten"", ""text"": ""Треба цілуватися, коли випадає нагода, і""}, {""bbox"": [59, 1703, 1571, 1826], ""type"": ""handwritten"", ""text"": ""казати те, що на думці. Немає часу на півтони.""}, {""bbox"": [61, 1793, 1542, 1907], ""type"": ""handwritten"", ""text"": ""Матеріальне — крихке, життя тікає крізь пальці.""}, {""bbox"": [54, 1876, 1607, 1995], ""type"": ""handwritten"", ""text"": ""Справжнім виявилось тільки те, за що не можна""}, {""bbox"": [56, 1970, 1343, 2072], ""type"": ""handwritten"", ""text"": ""схопитись руками: спогади, сміх і любов.""}, {""bbox"": [290, 2044, 1590, 2167], ""type"": ""handwritten"", ""text"": ""Ще треба плакати, коли можеться. За все""}]"
176081e8-907f-4bd3-b881-5cc2052cde31.jpg,"[{""bbox"": [423, 126, 828, 234], ""type"": ""annotation"", ""text"": ""27.10.25.""}, {""bbox"": [858, 335, 1684, 552], ""type"": ""handwritten"", ""text"": ""Радіодиктинт""}, {""bbox"": [1039, 526, 1769, 675], ""type"": ""handwritten"", ""text"": ""реба жити""}, {""bbox"": [629, 622, 2714, 834], ""type"": ""handwritten"", ""text"": ""Жити треба цікаво: читати книжки,""}, {""bbox"": [379, 790, 2467, 969], ""type"": ""handwritten"", ""text"": ""ходити в театр, дресирувать пса Патрона…""}, {""bbox"": [633, 924, 2716, 1109], ""type"": ""handwritten"", ""text"": ""Треба жити! Не впівсили, не трошки, не""}, {""bbox"": [382, 1056, 2466, 1257], ""type"": ""handwritten"", ""text"": ""завтра, не після. По-справжньому! Зараз!""}, {""bbox"": [391, 1208, 2489, 1412], ""type"": ""handwritten"", ""text"": ""Треба гладити котів, збирати гриби,""}, {""bbox"": [430, 1354, 2709, 1562], ""type"": ""handwritten"", ""text"": ""везти цуценят із фронту на \""інтерсіті\"",""}, {""bbox"": [364, 1511, 2668, 1700], ""type"": ""handwritten"", ""text"": ""робити ремонт і приносити щастя тим, кого""}, {""bbox"": [360, 1652, 2677, 1851], ""type"": ""handwritten"", ""text"": ""любимо. Треба купувати сукні з лелітками і""}, {""bbox"": [350, 1793, 2640, 2003], ""type"": ""handwritten"", ""text"": ""донатити на військо, вишукувати РЕБи і""}, {""bbox"": [338, 1944, 2943, 2163], ""type"": ""handwritten"", ""text"": ""генератори, а ще — нишпорити вечорами в міжʼярʼї""}, {""bbox"": [342, 2116, 2919, 2329], ""type"": ""handwritten"", ""text"": ""ботсаду, бо на перший урок треба принести каштанів.""}, {""bbox"": [445, 2274, 2691, 2472], ""type"": ""handwritten"", ""text"": ""Треба любити свій дім, навіть якщо він""}, {""bbox"": [321, 2430, 2699, 2635], ""type"": ""handwritten"", ""text"": ""тимчасовий і далеко від справжнього дому""}, {""bbox"": [320, 2575, 2800, 2792], ""type"": ""handwritten"", ""text"": ""того, що в серці. Треба здавати кров, і, може, з""}, {""bbox"": [319, 2734, 2737, 2955], ""type"": ""handwritten"", ""text"": ""нею ще в чиємусь серці поселиться любов до""}, {""bbox"": [320, 2924, 1933, 3098], ""type"": ""handwritten"", ""text"": ""слів: \""допіру\"", \""пітятко\"" чи \""кияхи\"".""}, {""bbox"": [477, 3066, 2745, 3285], ""type"": ""handwritten"", ""text"": ""Треба цілуватися, коли випадає нагода, і""}, {""bbox"": [323, 3245, 2690, 3464], ""type"": ""handwritten"", ""text"": ""казати те, що на думці. Немає часу на""}, {""bbox"": [299, 3406, 2954, 3629], ""type"": ""handwritten"", ""text"": ""півтони. Матеріальне — крихке, життя тікає крізь""}, {""bbox"": [299, 3573, 2890, 3805], ""type"": ""handwritten"", ""text"": ""пальці. Справжнім виявилось тільки те, за що""}, {""bbox"": [300, 3759, 2951, 3998], ""type"": ""handwritten"", ""text"": ""неможна схаритись рукати - спочаза, сміт і""}]"
1d4953af-c8e6-4095-b58a-b2bc9f26a415.jpg,"[{""bbox"": [1053, 178, 2427, 381], ""type"": ""handwritten"", ""text"": ""Треба жити!""}, {""bbox"": [667, 404, 2623, 619], ""type"": ""handwritten"", ""text"": ""Жити треба цікаво""}, {""bbox"": [516, 539, 3058, 789], ""type"": ""handwritten"", ""text"": ""читати книжки, ходити в""}, {""bbox"": [513, 719, 2772, 954], ""type"": ""handwritten"", ""text"": ""театр, дресирувать пса""}, {""bbox"": [496, 942, 1246, 1109], ""type"": ""handwritten"", ""text"": ""Патрона…""}, {""bbox"": [631, 1032, 3225, 1274], ""type"": ""handwritten"", ""text"": ""Треба жити! Не впівсили,""}, {""bbox"": [406, 1199, 3298, 1439], ""type"": ""handwritten"", ""text"": ""не трошки, не завтра, не після.""}, {""bbox"": [561, 1379, 3049, 1599], ""type"": ""handwritten"", ""text"": ""По-справжньому! Зараз! Треба""}, {""bbox"": [461, 1539, 3222, 1765], ""type"": ""handwritten"", ""text"": ""гладити котів, збирати гриби,""}, {""bbox"": [463, 1721, 3098, 1927], ""type"": ""handwritten"", ""text"": ""везти цуценят із фронту на""}, {""bbox"": [444, 1869, 3082, 2088], ""type"": ""handwritten"", ""text"": ""інтерсіті\"", робити ремонт і""}, {""bbox"": [419, 2034, 3060, 2250], ""type"": ""handwritten"", ""text"": ""приносити щастя тим, кого""}, {""bbox"": [413, 2183, 3144, 2405], ""type"": ""handwritten"", ""text"": ""любимо. Треба купувати сукні""}, {""bbox"": [396, 2325, 3168, 2572], ""type"": ""handwritten"", ""text"": ""з лелітками і донатити на""}, {""bbox"": [392, 2492, 3045, 2719], ""type"": ""handwritten"", ""text"": ""військо, вишукувати РЕБи і""}, {""bbox"": [402, 2634, 3395, 2874], ""type"": ""handwritten"", ""text"": ""генератори, а ще — нишпорити""}, {""bbox"": [378, 2781, 3279, 3026], ""type"": ""handwritten"", ""text"": ""вечорами в міжʼярʼї ботсаду, бо""}, {""bbox"": [368, 2936, 3356, 3193], ""type"": ""handwritten"", ""text"": ""на перший урок треба п""}, {""bbox"": [377, 3147, 1253, 3332], ""type"": ""handwritten"", ""text"": ""каштанів.""}, {""bbox"": [466, 3245, 3125, 3506], ""type"": ""handwritten"", ""text"": ""Треба любити свій дім,""}, {""bbox"": [348, 3397, 3221, 3667], ""type"": ""handwritten"", ""text"": ""навіть якщо він тимчасовий і""}, {""bbox"": [322, 3567, 3252, 3827], ""type"": ""handwritten"", ""text"": ""далеко від справжнього дому — того,""}, {""bbox"": [307, 3719, 3244, 4000], ""type"": ""handwritten"", ""text"": ""що в серці. Треба здавати кров""}, {""bbox"": [305, 3903, 3175, 4180], ""type"": ""handwritten"", ""text"": ""і може з нею ще в чиємусь""}, {""bbox"": [298, 4076, 2969, 4351], ""type"": ""handwritten"", ""text"": ""серці поселиться любов до""}, {""bbox"": [291, 4283, 3100, 4567], ""type"": ""handwritten"", ""text"": ""слів: \""допіру\"", \""пітятко\"" чи""}]"
b106dc0f-0ab9-487c-b86d-4c51e91c802c.jpg,"[{""bbox"": [303, 181, 2714, 386], ""type"": ""handwritten"", ""text"": ""нагода, і казати те, що на думці.""}, {""bbox"": [287, 328, 2852, 533], ""type"": ""handwritten"", ""text"": ""Немає часу на півтони. Матеріальне""}, {""bbox"": [266, 489, 2753, 674], ""type"": ""handwritten"", ""text"": ""крихке, життя тікає крізь пальці.""}, {""bbox"": [257, 624, 2744, 820], ""type"": ""handwritten"", ""text"": ""Справжнім виявилось тільки те, за""}, {""bbox"": [252, 776, 2707, 957], ""type"": ""handwritten"", ""text"": ""що не можна схопитись руками:""}, {""bbox"": [249, 914, 1809, 1073], ""type"": ""handwritten"", ""text"": ""спогади, сміх і любов.""}, {""bbox"": [387, 1038, 2838, 1238], ""type"": ""handwritten"", ""text"": ""Ще треба плакати, коли можеться.""}, {""bbox"": [245, 1183, 2875, 1381], ""type"": ""handwritten"", ""text"": ""За все те, що ніколи не мало з нами""}, {""bbox"": [230, 1331, 2693, 1531], ""type"": ""handwritten"", ""text"": ""статися. За те, що ми не тільки""}, {""bbox"": [234, 1485, 2748, 1673], ""type"": ""handwritten"", ""text"": ""знаємо, як пишеться \""далекобійний""}, {""bbox"": [240, 1622, 2730, 1828], ""type"": ""handwritten"", ""text"": ""дрон\"" або \""балістична ракета\"", а й""}, {""bbox"": [187, 1774, 1922, 1960], ""type"": ""handwritten"", ""text"": ""розрізняємо їх на слух.""}, {""bbox"": [405, 1917, 2910, 2135], ""type"": ""handwritten"", ""text"": ""Росіяни хочуть, щоб ми стали схож""}, {""bbox"": [158, 2084, 2825, 2281], ""type"": ""handwritten"", ""text"": ""жими на них: скніли у вічній гризоті.""}, {""bbox"": [190, 2233, 2860, 2440], ""type"": ""handwritten"", ""text"": ""А ми будемо жити цікаво — всупереч""}, {""bbox"": [195, 2398, 2864, 2602], ""type"": ""handwritten"", ""text"": ""історії і заради тих, хто після нас""}, {""bbox"": [199, 2548, 2132, 2756], ""type"": ""handwritten"", ""text"": ""говоритиме нашою мово""}]"
ff56b7f0-be49-469d-97c6-32af486c8f6c.jpg,"[{""bbox"": [209, 193, 2427, 482], ""type"": ""handwritten"", ""text"": ""сь руками: спогади, сміх""}, {""bbox"": [232, 395, 1013, 581], ""type"": ""handwritten"", ""text"": ""і любов.""}, {""bbox"": [472, 555, 2266, 779], ""type"": ""handwritten"", ""text"": ""Ще треба плакати,""}, {""bbox"": [252, 720, 2497, 954], ""type"": ""handwritten"", ""text"": ""коли можеться. За все те,""}, {""bbox"": [257, 889, 2490, 1115], ""type"": ""handwritten"", ""text"": ""що ніколи не мало з нам""}, {""bbox"": [251, 1052, 2436, 1276], ""type"": ""handwritten"", ""text"": ""ми статися. За те, що""}, {""bbox"": [229, 1219, 2455, 1446], ""type"": ""handwritten"", ""text"": ""ми не тільки знаємо, як""}, {""bbox"": [225, 1386, 2495, 1601], ""type"": ""handwritten"", ""text"": ""пишеться \""далекобійний""}, {""bbox"": [229, 1532, 2547, 1774], ""type"": ""handwritten"", ""text"": ""дрон\"" або \""балістична ракет""}, {""bbox"": [237, 1706, 2444, 1944], ""type"": ""handwritten"", ""text"": ""та\"", а й розрізняємо їх""}, {""bbox"": [208, 1899, 993, 2100], ""type"": ""handwritten"", ""text"": ""на слух.""}, {""bbox"": [474, 2024, 2556, 2256], ""type"": ""handwritten"", ""text"": ""Росіяни хочуть, щоб ми""}, {""bbox"": [221, 2203, 2544, 2402], ""type"": ""handwritten"", ""text"": ""стали схожими на них:""}, {""bbox"": [245, 2337, 2526, 2582], ""type"": ""handwritten"", ""text"": ""скніли у вічній гризоті.""}, {""bbox"": [380, 2517, 2564, 2750], ""type"": ""handwritten"", ""text"": ""А ми будемо жити цікав""}, {""bbox"": [260, 2679, 2557, 2927], ""type"": ""handwritten"", ""text"": ""во — всупереч історії і зарад""}, {""bbox"": [284, 2852, 2539, 3088], ""type"": ""handwritten"", ""text"": ""ди тих, хто після нас гов""}, {""bbox"": [386, 3013, 2623, 3307], ""type"": ""handwritten"", ""text"": ""воритиме нашою мовою.""}]"
2efee78e-0580-4604-b0b1-fa084de91814.jpg,"[{""bbox"": [45, 0, 1182, 105], ""type"": ""handwritten"", ""text"": ""Радіодиктант національної єдності 2025""}, {""bbox"": [660, 116, 1100, 219], ""type"": ""handwritten"", ""text"": ""Треба жити!""}, {""bbox"": [215, 192, 1618, 309], ""type"": ""handwritten"", ""text"": ""треба цікаво: читати книжки, ходити в""}, {""bbox"": [124, 281, 1065, 368], ""type"": ""handwritten"", ""text"": ""театр, дресирувать пса Патрона…""}, {""bbox"": [208, 337, 1624, 444], ""type"": ""handwritten"", ""text"": ""Треба жити! Не впівсили, не трошки, не завтра,""}, {""bbox"": [135, 409, 1541, 509], ""type"": ""handwritten"", ""text"": ""не після. По-справжньому! Зараз! Треба гладити""}, {""bbox"": [132, 472, 1595, 573], ""type"": ""handwritten"", ""text"": ""котів, збирати гриби, везти цуценят із фронту на""}, {""bbox"": [140, 538, 1611, 640], ""type"": ""handwritten"", ""text"": ""інтерсіті\"", робити ремонт і приносити щастя тим,""}, {""bbox"": [139, 602, 1501, 697], ""type"": ""handwritten"", ""text"": ""кого любимо. Треба купувати сукні з лелітками і""}, {""bbox"": [147, 656, 1625, 762], ""type"": ""handwritten"", ""text"": ""донатити на військо, вишукувати РЕБи і генератори,""}, {""bbox"": [154, 720, 1614, 825], ""type"": ""handwritten"", ""text"": ""а ще — нишпорити вечорами в міжʼярʼї ботсаду, бо""}, {""bbox"": [156, 789, 1414, 884], ""type"": ""handwritten"", ""text"": ""на перший урок треба принести каштанів.""}, {""bbox"": [220, 845, 1650, 946], ""type"": ""handwritten"", ""text"": ""Треба любити свій дім, навіть якщо він тимчасовий""}, {""bbox"": [152, 910, 1621, 1015], ""type"": ""handwritten"", ""text"": ""і далеко від справжнього дому — того, що в серці. Треба""}, {""bbox"": [152, 985, 1505, 1083], ""type"": ""handwritten"", ""text"": ""здавати кров, і, може, з нею ще в чиємусь серці""}, {""bbox"": [152, 1053, 1571, 1152], ""type"": ""handwritten"", ""text"": ""поселиться любов до слів: \""допіру\"", \""пітятко\"" чи""}, {""bbox"": [148, 1115, 1593, 1214], ""type"": ""handwritten"", ""text"": ""\""кияхи\"". Треба цілуватися, коли випадає нагода, і""}, {""bbox"": [147, 1175, 1607, 1278], ""type"": ""handwritten"", ""text"": ""казати те, що на думці. Немає часу на півтони.""}, {""bbox"": [146, 1237, 1504, 1336], ""type"": ""handwritten"", ""text"": ""Матеріальне — крихке, життя тікає крізь пальці.""}, {""bbox"": [139, 1298, 1467, 1396], ""type"": ""handwritten"", ""text"": ""Справжнім виявилось тільки те, за що не можна""}, {""bbox"": [131, 1365, 1226, 1455], ""type"": ""handwritten"", ""text"": ""схопитись руками: спогади, сміх і любов.""}, {""bbox"": [243, 1418, 1576, 1516], ""type"": ""handwritten"", ""text"": ""Ще треба плакати, коли можеться. За все те,""}, {""bbox"": [151, 1474, 1608, 1577], ""type"": ""handwritten"", ""text"": ""що ніколи не мало з нами статися. За те, що""}, {""bbox"": [158, 1538, 1589, 1636], ""type"": ""handwritten"", ""text"": ""ми не тільки знаємо, як пишеться \""далекобійний""}, {""bbox"": [155, 1593, 1596, 1695], ""type"": ""handwritten"", ""text"": ""дрон\"" або \""балістична ракета\"", а й розрізняємо їх на""}, {""bbox"": [161, 1667, 282, 1731], ""type"": ""handwritten"", ""text"": ""слух.""}, {""bbox"": [213, 1703, 1609, 1800], ""type"": ""handwritten"", ""text"": ""Росіяни хочуть, щоб ми стали схожими на них:""}, {""bbox"": [151, 1766, 1595, 1874], ""type"": ""handwritten"", ""text"": ""скніли у вічній гризоті. А ми будемо жити цікаво —""}, {""bbox"": [152, 1838, 1470, 1936], ""type"": ""handwritten"", ""text"": ""всупереч історії і заради тих, хто після нас""}, {""bbox"": [160, 1909, 935, 2005], ""type"": ""handwritten"", ""text"": ""говоритиме нашою мовою.""}]"
0316ef50-0619-485b-9144-51f92b343dbf.jpg,"[{""bbox"": [967, 774, 1646, 940], ""type"": ""handwritten"", ""text"": ""Треба жити""}, {""bbox"": [775, 937, 2244, 1146], ""type"": ""handwritten"", ""text"": ""Жити треба цікаво: чит""}, {""bbox"": [544, 1082, 2377, 1300], ""type"": ""handwritten"", ""text"": ""тати книжки, ходити в театр,""}, {""bbox"": [536, 1238, 2008, 1440], ""type"": ""handwritten"", ""text"": ""дресирувать пса Патрона…""}, {""bbox"": [805, 1366, 2315, 1577], ""type"": ""handwritten"", ""text"": ""Треба жити! Не впівсили,""}, {""bbox"": [549, 1511, 2369, 1730], ""type"": ""handwritten"", ""text"": ""не трошки, не завтра, не після.""}, {""bbox"": [529, 1668, 2225, 1879], ""type"": ""handwritten"", ""text"": ""По-справжньому! Зараз! Треба""}, {""bbox"": [537, 1807, 2313, 2036], ""type"": ""handwritten"", ""text"": ""гладити котів, збирати гриби,""}, {""bbox"": [537, 1968, 2277, 2194], ""type"": ""handwritten"", ""text"": ""везти цуценят із фронту на""}, {""bbox"": [557, 2119, 2325, 2347], ""type"": ""handwritten"", ""text"": ""терсіті\"", робити ремонт і""}, {""bbox"": [546, 2277, 2353, 2512], ""type"": ""handwritten"", ""text"": ""приносити щастя тим, кого""}, {""bbox"": [528, 2439, 2219, 2681], ""type"": ""handwritten"", ""text"": ""любимо. Треба купувати""}, {""bbox"": [528, 2601, 2487, 2872], ""type"": ""handwritten"", ""text"": ""сукні з лелітками і донатити""}, {""bbox"": [515, 2776, 2428, 3024], ""type"": ""handwritten"", ""text"": ""на військо, вишукувати РЕБи""}, {""bbox"": [520, 2939, 2591, 3219], ""type"": ""handwritten"", ""text"": ""і генератори, а ще — нишпорити""}, {""bbox"": [519, 3122, 2521, 3405], ""type"": ""handwritten"", ""text"": ""вечорами в міжʼярʼї ботсаду,""}, {""bbox"": [490, 3314, 2532, 3612], ""type"": ""handwritten"", ""text"": ""бо на перший урок треба прин""}]"
1d83146e-892d-41d2-a8bb-1aa67a4e1cd4.jpg,"[{""bbox"": [106, 756, 1558, 896], ""type"": ""handwritten"", ""text"": ""су на півтони. Матеріальне — крихке,""}, {""bbox"": [105, 814, 1633, 980], ""type"": ""handwritten"", ""text"": ""Десиття тіжні. Прикупальнці Перевнєм""}, {""bbox"": [112, 918, 1622, 1074], ""type"": ""handwritten"", ""text"": ""виявилось тільки те, за що не можн""}, {""bbox"": [119, 1004, 1623, 1165], ""type"": ""handwritten"", ""text"": ""на схопитись руками: спогади, сміх і""}, {""bbox"": [121, 1150, 332, 1236], ""type"": ""handwritten"", ""text"": ""любов.""}, {""bbox"": [204, 1176, 1689, 1320], ""type"": ""handwritten"", ""text"": ""Ще треба плакати, коли можеться.""}, {""bbox"": [114, 1271, 1659, 1408], ""type"": ""handwritten"", ""text"": ""За все те, що ніколи не мало з нам""}, {""bbox"": [105, 1360, 1560, 1492], ""type"": ""handwritten"", ""text"": ""ми статися. За те, що ми не тільки""}, {""bbox"": [104, 1453, 1575, 1573], ""type"": ""handwritten"", ""text"": ""знаємо, як пишеться \""далекобійний""}, {""bbox"": [106, 1544, 1533, 1660], ""type"": ""handwritten"", ""text"": ""дрон\"" або \""балістична ракета\"", а й""}, {""bbox"": [105, 1650, 863, 1767], ""type"": ""handwritten"", ""text"": ""розрізняємо їх на слух.""}, {""bbox"": [204, 1707, 1662, 1846], ""type"": ""handwritten"", ""text"": ""осіяни хочуть, щоб ми стали схож""}, {""bbox"": [134, 1797, 1671, 1937], ""type"": ""handwritten"", ""text"": ""жими на них: скніли у вічній гризот""}, {""bbox"": [95, 1890, 1683, 2021], ""type"": ""handwritten"", ""text"": ""ті. А ми будемо жити цікаво — всупер""}, {""bbox"": [102, 1987, 1555, 2109], ""type"": ""handwritten"", ""text"": ""реч історії і заради тих, хто після""}, {""bbox"": [98, 2080, 1301, 2194], ""type"": ""handwritten"", ""text"": ""нас говоритиме нашою мовою.""}]"
45ee8701-c383-467c-a765-cb61fcefad03.jpg,"[{""bbox"": [175, 1001, 2079, 1134], ""type"": ""handwritten"", ""text"": ""Треба цілуватися, коли випадає наг""}, {""bbox"": [140, 1116, 1837, 1246], ""type"": ""handwritten"", ""text"": ""года, і казати те, що на думці.""}, {""bbox"": [193, 1222, 2066, 1354], ""type"": ""handwritten"", ""text"": ""Немає часу на півтони. Матеріальн""}, {""bbox"": [157, 1335, 2051, 1467], ""type"": ""handwritten"", ""text"": ""не — крихке, життя тікає крізь пальц""}, {""bbox"": [146, 1447, 1979, 1575], ""type"": ""handwritten"", ""text"": ""ці. Справжнім виявилось тільки те,""}, {""bbox"": [133, 1555, 2071, 1693], ""type"": ""handwritten"", ""text"": ""за що не можна схопитись руками:""}, {""bbox"": [153, 1669, 1269, 1789], ""type"": ""handwritten"", ""text"": ""спогади, сміх і любов.""}, {""bbox"": [186, 1773, 2047, 1908], ""type"": ""handwritten"", ""text"": ""Ще треба плакати, коли можеть""}, {""bbox"": [148, 1878, 1967, 2016], ""type"": ""handwritten"", ""text"": ""ся. За все те, що ніколи не мало""}, {""bbox"": [137, 1985, 1993, 2125], ""type"": ""handwritten"", ""text"": ""з нами статися. За те, що ми не""}, {""bbox"": [133, 2093, 2033, 2238], ""type"": ""handwritten"", ""text"": ""тільки знаємо, як пишеться \""далек""}, {""bbox"": [136, 2194, 2012, 2350], ""type"": ""handwritten"", ""text"": ""кобійний дрон\"" або \""балістична рак""}, {""bbox"": [132, 2306, 2012, 2465], ""type"": ""handwritten"", ""text"": ""кета\"", а й розрізняємо їх на слух.""}, {""bbox"": [178, 2400, 1880, 2572], ""type"": ""handwritten"", ""text"": ""Росіяни хочуть, щоб ми стали""}, {""bbox"": [118, 2519, 2030, 2691], ""type"": ""handwritten"", ""text"": ""схожими на них: скніли у вічній гриз""}, {""bbox"": [96, 2622, 2007, 2805], ""type"": ""handwritten"", ""text"": ""зоті. А ми будемо жити цікаво — всуп""}, {""bbox"": [86, 2740, 2027, 2928], ""type"": ""handwritten"", ""text"": ""переч історії і заради тих, хто після""}, {""bbox"": [85, 2849, 1820, 3051], ""type"": ""handwritten"", ""text"": ""нас говоритиме нашою мовою.""}]"
0d5f90e2-3f58-4aee-ac5e-1577a42392dd.jpg,"[{""bbox"": [474, 46, 959, 111], ""type"": ""handwritten"", ""text"": ""Треба жити!""}, {""bbox"": [185, 94, 1544, 169], ""type"": ""handwritten"", ""text"": ""Жити треба цікаво: читати книжки, ходити""}, {""bbox"": [105, 157, 1341, 227], ""type"": ""handwritten"", ""text"": ""в театр, дресирувать пса Патрона… Треба""}, {""bbox"": [103, 207, 1432, 281], ""type"": ""handwritten"", ""text"": ""жити! Не впівсили, не трошки, не завтра,""}, {""bbox"": [102, 259, 1475, 338], ""type"": ""handwritten"", ""text"": ""не після. По-справжньому! Зараз! Треба глад""}, {""bbox"": [101, 318, 1434, 393], ""type"": ""handwritten"", ""text"": ""дити котів, збирати гриби, везти цуценят""}, {""bbox"": [101, 371, 1443, 448], ""type"": ""handwritten"", ""text"": ""із фронту на \""інтерсіті\"", робити ремонт і""}, {""bbox"": [98, 426, 1449, 501], ""type"": ""handwritten"", ""text"": ""приносити щастя тим, кого любимо. Треба""}, {""bbox"": [92, 479, 1423, 554], ""type"": ""handwritten"", ""text"": ""купувати сукні з лелітками і донатити""}, {""bbox"": [94, 536, 1412, 608], ""type"": ""handwritten"", ""text"": ""на військо, вишукувати РЕБи і генератори,""}, {""bbox"": [92, 593, 1352, 660], ""type"": ""handwritten"", ""text"": ""а ще — нишпорити вечорами в міжʼярʼї""}, {""bbox"": [85, 644, 1453, 719], ""type"": ""handwritten"", ""text"": ""ботсаду, бо на перший урок треба принести""}, {""bbox"": [88, 709, 402, 764], ""type"": ""handwritten"", ""text"": ""каштанів.""}, {""bbox"": [201, 754, 1438, 828], ""type"": ""handwritten"", ""text"": ""Треба любити свій дім, навіть якщо він""}, {""bbox"": [78, 806, 1408, 882], ""type"": ""handwritten"", ""text"": ""тимчасовий і далеко від справжнього дому —""}, {""bbox"": [84, 862, 1429, 939], ""type"": ""handwritten"", ""text"": ""того, що в серці. Треба здавати кров, і, може,""}, {""bbox"": [75, 918, 1391, 994], ""type"": ""handwritten"", ""text"": ""з нею ще в чиємусь серці поселиться любов""}, {""bbox"": [73, 971, 1488, 1047], ""type"": ""handwritten"", ""text"": ""до слів: \""допіру\"", \""пітятко\"" чи \""кияхи\"". Треба цілув""}, {""bbox"": [72, 1030, 1450, 1103], ""type"": ""handwritten"", ""text"": ""ватися, коли випадає нагода, і казати те, що""}, {""bbox"": [77, 1081, 1568, 1158], ""type"": ""handwritten"", ""text"": ""на думці. Немає часу на півтони. Матеріальне""}, {""bbox"": [75, 1138, 1517, 1214], ""type"": ""handwritten"", ""text"": ""е — крихке, життя тікає крізь пальці.""}, {""bbox"": [71, 1189, 1521, 1268], ""type"": ""handwritten"", ""text"": ""Справжнім виявилось тільки те, за що не можна""}, {""bbox"": [78, 1246, 1428, 1322], ""type"": ""handwritten"", ""text"": ""схопитись руками: спогади, сміх і любов.""}, {""bbox"": [129, 1298, 1474, 1378], ""type"": ""handwritten"", ""text"": ""Ще треба плакати, коли можеться. За все""}, {""bbox"": [85, 1355, 1471, 1431], ""type"": ""handwritten"", ""text"": ""те, що ніколи не мало з нами статися. За те,""}, {""bbox"": [70, 1412, 1342, 1486], ""type"": ""handwritten"", ""text"": ""що ми не тільки знаємо, як пишеться""}, {""bbox"": [59, 1466, 1430, 1539], ""type"": ""handwritten"", ""text"": ""\""далекобійний дрон\"" або \""балістична ракета\"",""}, {""bbox"": [51, 1527, 895, 1590], ""type"": ""handwritten"", ""text"": ""а й розрізняємо їх на слух.""}, {""bbox"": [205, 1578, 1488, 1649], ""type"": ""handwritten"", ""text"": ""Росіяни хочуть, щоб ми стали схожими""}, {""bbox"": [60, 1632, 1448, 1706], ""type"": ""handwritten"", ""text"": ""на них: скніли у вічній гризоті. А ми будемо""}, {""bbox"": [53, 1686, 1475, 1764], ""type"": ""handwritten"", ""text"": ""жити цікаво — всупереч історії і заради тих, хто""}, {""bbox"": [59, 1740, 1185, 1814], ""type"": ""handwritten"", ""text"": ""після нас говоритиме нашою мовою.""}]"
095598e0-a443-4e8b-a567-e03b889d2d61.jpg,"[{""bbox"": [932, 70, 1640, 253], ""type"": ""handwritten"", ""text"": ""Треба жити!""}, {""bbox"": [300, 202, 2595, 429], ""type"": ""handwritten"", ""text"": ""Жити треба цікаво: читати книжки, ходити""}, {""bbox"": [229, 351, 2160, 583], ""type"": ""handwritten"", ""text"": ""в театр, дресирувать пса Патрона…""}, {""bbox"": [336, 565, 973, 733], ""type"": ""handwritten"", ""text"": ""Треба жити!""}, {""bbox"": [314, 647, 2478, 886], ""type"": ""handwritten"", ""text"": ""Не впівсили, не трошки, не завтра, не""}, {""bbox"": [209, 750, 2609, 1078], ""type"": ""handwritten"", ""text"": ""я. По-справжньому! Зараз! Треба гладити""}, {""bbox"": [199, 904, 2530, 1159], ""type"": ""handwritten"", ""text"": ""котів, збирати гриби, везти цуценят із""}, {""bbox"": [201, 1034, 2518, 1282], ""type"": ""handwritten"", ""text"": ""фронту на \""інтерсіті\"", робити ремонт""}, {""bbox"": [193, 1168, 2604, 1517], ""type"": ""handwritten"", ""text"": ""приносити щастя тим, кого любимо. Треба""}, {""bbox"": [198, 1312, 2592, 1657], ""type"": ""handwritten"", ""text"": ""купувати сукні з лелітками і донатити на""}, {""bbox"": [182, 1434, 2595, 1796], ""type"": ""handwritten"", ""text"": ""військо, вишукувати РЕБи і генератори, а""}, {""bbox"": [180, 1570, 2613, 1951], ""type"": ""handwritten"", ""text"": ""ще — нишпорити вечорами в міжʼярʼї ботс""}, {""bbox"": [172, 1722, 2592, 2052], ""type"": ""handwritten"", ""text"": ""саду, бо на перший урок треба принести""}, {""bbox"": [170, 1977, 723, 2130], ""type"": ""handwritten"", ""text"": ""каштанів.""}, {""bbox"": [250, 2014, 2657, 2319], ""type"": ""handwritten"", ""text"": ""Треба любити свій дім, навіть якщо він""}, {""bbox"": [139, 2140, 2617, 2618], ""type"": ""handwritten"", ""text"": ""тийчасовип і замґо від справченнього зому-""}, {""bbox"": [119, 2443, 2689, 2921], ""type"": ""handwritten"", ""text"": ""з нею ще в тайті темусь серці поемення""}, {""bbox"": [225, 2719, 2658, 3201], ""type"": ""handwritten"", ""text"": ""Треба цілуватися, коли випадає нагода,""}, {""bbox"": [126, 2888, 2618, 3374], ""type"": ""handwritten"", ""text"": ""і казати те, що на думці. Немає часу на""}, {""bbox"": [110, 3189, 2607, 3636], ""type"": ""handwritten"", ""text"": ""крізь пальці. Справжнім виявилось тільки""}, {""bbox"": [110, 3569, 1400, 3834], ""type"": ""handwritten"", ""text"": ""спогади, сміх і любов.""}]"
0c185e35-0fe4-4682-b6b7-dbb2fc9521e7.jpg,"[{""bbox"": [1625, 408, 3450, 573], ""type"": ""printed"", ""text"": ""Провота воний розвична обсагати самою держать) пробища двіль""}, {""bbox"": [831, 477, 1055, 537], ""type"": ""printed"", ""text"": ""ють (99к""}, {""bbox"": [1619, 542, 3390, 677], ""type"": ""printed"", ""text"": ""ність ін партицуються для пристру перших можого потри""}, {""bbox"": [1596, 689, 2362, 843], ""type"": ""handwritten"", ""text"": ""Треба жити""}, {""bbox"": [1109, 772, 3489, 970], ""type"": ""handwritten"", ""text"": ""Кольчи продо цінаво, чехтати намоки, якретив""}, {""bbox"": [1062, 1041, 3080, 1220], ""type"": ""handwritten"", ""text"": ""Треба жити! Не впівсили, не трошки, не""}, {""bbox"": [1051, 1156, 3204, 1334], ""type"": ""handwritten"", ""text"": ""завтра, не після. По-справжньому! Зараз!""}, {""bbox"": [1047, 1258, 3507, 1453], ""type"": ""handwritten"", ""text"": ""Проде гладати котів, збират умін, видки реліона""}, {""bbox"": [1053, 1380, 3685, 1563], ""type"": ""handwritten"", ""text"": ""удереження з держати, на інтерсіті, робити ремант""}, {""bbox"": [1029, 1603, 3628, 1793], ""type"": ""handwritten"", ""text"": ""Триба купувати сунні з ментрами і  приносити""}, {""bbox"": [1019, 1691, 3616, 1903], ""type"": ""handwritten"", ""text"": ""ти на військо, вишукувати""}, {""bbox"": [1015, 1810, 3580, 2026], ""type"": ""handwritten"", ""text"": ""РЕБи і генератори, а ще — нишпорити вечорами""}, {""bbox"": [978, 1887, 3372, 2117], ""type"": ""handwritten"", ""text"": ""в сейжер'і і ботгаду, ба на перший урок треба""}, {""bbox"": [972, 2025, 2084, 2194], ""type"": ""handwritten"", ""text"": ""принести каштанів.""}, {""bbox"": [1205, 2178, 3350, 2386], ""type"": ""handwritten"", ""text"": ""Треба любити свій дім, навіть якщо він""}, {""bbox"": [992, 2319, 3651, 2538], ""type"": ""handwritten"", ""text"": ""тимчасовий і далеко від справжнього дому —""}, {""bbox"": [972, 2451, 3646, 2667], ""type"": ""handwritten"", ""text"": ""того, що в серці. Треба здавати кров, і, може, з""}, {""bbox"": [943, 2572, 3720, 2796], ""type"": ""handwritten"", ""text"": ""нею ще в чиємусь серці поселиться любов до слів""}, {""bbox"": [936, 2709, 2516, 2888], ""type"": ""handwritten"", ""text"": ""допіру\"", \""пітятко\"" чи \""кияхи\"".""}, {""bbox"": [1130, 2862, 3667, 3080], ""type"": ""handwritten"", ""text"": ""Треба цілуватися, коли випадає нагода, і""}, {""bbox"": [981, 3022, 2448, 3210], ""type"": ""handwritten"", ""text"": ""казати те, що на думці.""}, {""bbox"": [996, 3162, 3406, 3380], ""type"": ""handwritten"", ""text"": ""Немає часу на півтони. Матеріальне""}, {""bbox"": [915, 3272, 3586, 3542], ""type"": ""handwritten"", ""text"": ""крихке, життя тікає крізь пальці. Справжнім""}, {""bbox"": [907, 3419, 3560, 3714], ""type"": ""handwritten"", ""text"": ""виявилось тільки те, за що не можна""}, {""bbox"": [971, 3573, 3599, 3896], ""type"": ""handwritten"", ""text"": ""схопитись руками: спогади, сміх і""}, {""bbox"": [979, 3728, 1472, 3887], ""type"": ""handwritten"", ""text"": ""любов.""}, {""bbox"": [751, 3964, 3579, 4261], ""type"": ""handwritten"", ""text"": ""Ще треба плакати, коли можеться. За все""}, {""bbox"": [712, 4168, 3665, 4503], ""type"": ""handwritten"", ""text"": ""те, що ніколи не мало з нами статися.""}, {""bbox"": [701, 4338, 3653, 4667], ""type"": ""handwritten"", ""text"": ""За те, що ми не тільки знаємо, як пишеться""}, {""bbox"": [654, 4493, 3734, 4869], ""type"": ""handwritten"", ""text"": ""алекобійний дрон\"" або \""балістична ракета\"",""}, {""bbox"": [665, 4707, 2521, 5040], ""type"": ""handwritten"", ""text"": ""алі розрі знеємо на слух.""}]"
002b94ef-e000-4e76-bc7e-7846166bc806.jpg,"[{""bbox"": [678, 423, 3485, 702], ""type"": ""handwritten"", ""text"": ""Радіодиктант національної єдності""}, {""bbox"": [1401, 648, 2469, 873], ""type"": ""handwritten"", ""text"": ""реба жити""}, {""bbox"": [546, 812, 3810, 1078], ""type"": ""handwritten"", ""text"": ""Жити треба цікаво: читати книжки,""}, {""bbox"": [344, 1043, 3789, 1309], ""type"": ""handwritten"", ""text"": ""ходити в театр, дресирувать пса Патр""}, {""bbox"": [319, 1288, 749, 1461], ""type"": ""handwritten"", ""text"": ""рона…""}, {""bbox"": [523, 1411, 3836, 1674], ""type"": ""handwritten"", ""text"": ""Треба жити! Не впівсили, не трошки,""}, {""bbox"": [345, 1631, 3522, 1870], ""type"": ""handwritten"", ""text"": ""не завтра, не після. По-справжньому""}, {""bbox"": [337, 1841, 3592, 2067], ""type"": ""handwritten"", ""text"": ""Зараз! Треба гладити котів, збирати""}, {""bbox"": [335, 2026, 3864, 2275], ""type"": ""handwritten"", ""text"": ""гриби, везти цуценят із фронту на \""інтерс""}, {""bbox"": [337, 2233, 3791, 2466], ""type"": ""handwritten"", ""text"": ""сіті\"", робити ремонт і приносити щастя""}, {""bbox"": [331, 2422, 3784, 2659], ""type"": ""handwritten"", ""text"": ""тим, кого любимо. Треба купувати сукні""}, {""bbox"": [325, 2613, 3800, 2862], ""type"": ""handwritten"", ""text"": ""з лелітками і донатити на військо, виш""}, {""bbox"": [332, 2798, 3870, 3052], ""type"": ""handwritten"", ""text"": ""шукувати РЕБи і генератори, а ще — нишп""}, {""bbox"": [324, 3007, 3730, 3255], ""type"": ""handwritten"", ""text"": ""порити вечорами в міжʼярʼї ботсаду,""}, {""bbox"": [321, 3198, 3772, 3453], ""type"": ""handwritten"", ""text"": ""бо на перший урок треба принести кашт""}, {""bbox"": [330, 3405, 3614, 3648], ""type"": ""handwritten"", ""text"": ""танів. Треба любити свій дім, навіть""}, {""bbox"": [323, 3597, 3436, 3844], ""type"": ""handwritten"", ""text"": ""якщо він тимчасовий і далеко від""}, {""bbox"": [325, 3790, 3865, 4054], ""type"": ""handwritten"", ""text"": ""справжнього дому — того, що в серці. Треба""}, {""bbox"": [317, 3994, 3945, 4254], ""type"": ""handwritten"", ""text"": ""здавати кров, і, може, з нею ще в чиємусь""}, {""bbox"": [344, 4209, 2890, 4450], ""type"": ""handwritten"", ""text"": ""серці поселиться любов до слів:""}, {""bbox"": [509, 4386, 3854, 4647], ""type"": ""handwritten"", ""text"": ""піру\"", \""пітятко\"" чи \""кияхи\"". Треба цілуватися, коли випадає нагода,""}, {""bbox"": [352, 4586, 3662, 4864], ""type"": ""handwritten"", ""text"": ""і казати те, що на думці. Немає часу""}, {""bbox"": [348, 4778, 3791, 5069], ""type"": ""handwritten"", ""text"": ""на півтони. Матеріальне — крихке""}]"
18729e79-2f24-4db6-ba11-39d5650a2e68.jpg,"[{""bbox"": [191, 30, 1001, 111], ""type"": ""handwritten"", ""text"": ""Всеукраїнський диктант 426 гольр.""}, {""bbox"": [306, 118, 611, 188], ""type"": ""handwritten"", ""text"": ""еба жити""}, {""bbox"": [62, 159, 1119, 263], ""type"": ""handwritten"", ""text"": ""Жити треба цікаво: читати книжки, ходити""}, {""bbox"": [14, 217, 1111, 329], ""type"": ""handwritten"", ""text"": ""в театр, дресирувать пса Патрона… Треба жити!""}, {""bbox"": [19, 276, 1058, 370], ""type"": ""handwritten"", ""text"": ""Не впівсили, не трошки, не завтра, не після.""}, {""bbox"": [19, 329, 1046, 427], ""type"": ""handwritten"", ""text"": ""По-справжньому! Зараз! Треба гладити котів,""}, {""bbox"": [18, 389, 1048, 481], ""type"": ""handwritten"", ""text"": ""збирати гриби, везти цуценят із фронту на""}, {""bbox"": [24, 446, 975, 537], ""type"": ""handwritten"", ""text"": ""\""інтерсіті\"", робити ремонт і приносити""}, {""bbox"": [21, 495, 1085, 589], ""type"": ""handwritten"", ""text"": ""щастя тим, кого любимо. Треба купувати сукні""}, {""bbox"": [22, 550, 1090, 637], ""type"": ""handwritten"", ""text"": ""з лелітками і донатити на військо, вишукув""}, {""bbox"": [21, 601, 1042, 684], ""type"": ""handwritten"", ""text"": ""вати РЕБи і генератори, а ще — нишпорити""}, {""bbox"": [20, 650, 1084, 734], ""type"": ""handwritten"", ""text"": ""вечорами в міжʼярʼї ботсаду, бо на перший урок""}, {""bbox"": [23, 698, 1086, 781], ""type"": ""handwritten"", ""text"": ""треба принести каштанів. Треба любити свій""}, {""bbox"": [28, 748, 1024, 825], ""type"": ""handwritten"", ""text"": ""дім, навіть якщо він тимчасовий і далеко""}, {""bbox"": [26, 792, 1046, 876], ""type"": ""handwritten"", ""text"": ""від справжнього дому — того, що в серці. Треба""}, {""bbox"": [26, 845, 1008, 925], ""type"": ""handwritten"", ""text"": ""здавати кров, і, може, з нею ще в чиємусь""}, {""bbox"": [28, 895, 1098, 982], ""type"": ""handwritten"", ""text"": ""серці поселиться любов до слів: \""допіру\"", \""пітятк""}, {""bbox"": [33, 969, 391, 1032], ""type"": ""handwritten"", ""text"": ""ко\"" чи \""кияхи\"".""}, {""bbox"": [79, 1004, 1051, 1092], ""type"": ""handwritten"", ""text"": ""Треба цілуватися, коли випадає нагода, і""}, {""bbox"": [22, 1059, 1044, 1145], ""type"": ""handwritten"", ""text"": ""казати те, що на думці. Немає часу на""}, {""bbox"": [26, 1111, 1050, 1191], ""type"": ""handwritten"", ""text"": ""півтони. Матеріальне — крихке, життя тікає""}, {""bbox"": [28, 1157, 1069, 1241], ""type"": ""handwritten"", ""text"": ""крізь пальці. Справжнім виявилось тільки те,""}, {""bbox"": [37, 1206, 1042, 1282], ""type"": ""handwritten"", ""text"": ""за що не можна схопитись руками: спогади,""}, {""bbox"": [44, 1270, 319, 1332], ""type"": ""handwritten"", ""text"": ""сміх і любов.""}, {""bbox"": [75, 1294, 1071, 1385], ""type"": ""handwritten"", ""text"": ""Ще треба плакати, коли можеться. За все те,""}, {""bbox"": [36, 1341, 1066, 1430], ""type"": ""handwritten"", ""text"": ""що ніколи не мало з нами статися. За те,""}, {""bbox"": [39, 1388, 1100, 1480], ""type"": ""handwritten"", ""text"": ""що ми не тільки знаємо, як пишеться \""далекобійн""}, {""bbox"": [44, 1434, 1098, 1535], ""type"": ""handwritten"", ""text"": ""ний дрон\"" або \""балістична ракета\"", а й розрізняєм""}, {""bbox"": [41, 1518, 338, 1578], ""type"": ""handwritten"", ""text"": ""мо їх на слух.""}]"
25bababa-7207-425a-93bb-a7c95856ba42.jpg,"[{""bbox"": [745, 117, 1497, 270], ""type"": ""handwritten"", ""text"": ""Треба жити!""}, {""bbox"": [215, 253, 1978, 396], ""type"": ""handwritten"", ""text"": ""Жити треба цікаво: читати книжки,""}, {""bbox"": [100, 380, 2112, 520], ""type"": ""handwritten"", ""text"": ""ходити в театр, дресирувать пса Патрона…""}, {""bbox"": [156, 493, 2042, 621], ""type"": ""handwritten"", ""text"": ""Треба жити! Не впівсили, не трошки,""}, {""bbox"": [92, 607, 2148, 745], ""type"": ""handwritten"", ""text"": ""не завтра, не після. По-справжньому! Зараз!""}, {""bbox"": [92, 722, 1988, 866], ""type"": ""handwritten"", ""text"": ""Треба гладити котів, збирати гриби, везти""}, {""bbox"": [102, 839, 1936, 991], ""type"": ""handwritten"", ""text"": ""цуценят із фронту на \""інтерсіті\"", робити""}, {""bbox"": [97, 969, 1971, 1094], ""type"": ""handwritten"", ""text"": ""ремонт і приносити щастя тим, кого""}, {""bbox"": [88, 1074, 2114, 1220], ""type"": ""handwritten"", ""text"": ""любимо. Треба купувати сукні з лелітками і""}, {""bbox"": [98, 1194, 2042, 1333], ""type"": ""handwritten"", ""text"": ""донатити на військо, вишукувати РЕБи і""}, {""bbox"": [122, 1313, 2113, 1445], ""type"": ""handwritten"", ""text"": ""генератори, а ще — нишпорити вечорами в""}, {""bbox"": [94, 1420, 2194, 1568], ""type"": ""handwritten"", ""text"": ""міжʼярʼї ботсаду, бо на перший урок треба принести каштанів.""}, {""bbox"": [162, 1542, 2055, 1683], ""type"": ""handwritten"", ""text"": ""Треба любити свій дім, навіть якщо він""}, {""bbox"": [113, 1660, 2025, 1805], ""type"": ""handwritten"", ""text"": ""тимчасовий і далеко від справжнього дому —""}, {""bbox"": [99, 1777, 2133, 1923], ""type"": ""handwritten"", ""text"": ""того, що в серці. Треба здавати кров, і, може,""}, {""bbox"": [75, 1896, 2140, 2034], ""type"": ""handwritten"", ""text"": ""з нею ще в чиємусь серці поселиться любов до""}, {""bbox"": [75, 2010, 1731, 2139], ""type"": ""handwritten"", ""text"": ""лів: \""допіру\"", \""пітятко\"" чи \""кияхи\"".""}, {""bbox"": [130, 2124, 2138, 2269], ""type"": ""handwritten"", ""text"": ""Треба цілуватися, коли випадає нагода, і казат""}, {""bbox"": [66, 2243, 2152, 2382], ""type"": ""handwritten"", ""text"": ""ти те, що на думці. Немає часу на півтони""}, {""bbox"": [87, 2364, 2086, 2499], ""type"": ""handwritten"", ""text"": ""Матеріальне — крихке, життя тікає крізь""}, {""bbox"": [92, 2478, 2129, 2609], ""type"": ""handwritten"", ""text"": ""пальці. Справжнім виявилось тільки те, за""}, {""bbox"": [88, 2592, 2111, 2732], ""type"": ""handwritten"", ""text"": ""що не можна схопитись руками: спогади,""}, {""bbox"": [58, 2717, 718, 2837], ""type"": ""handwritten"", ""text"": ""сміх і любов.""}]"
54d24772-90a7-4ac2-8e6c-6122fc113764.jpg,"[{""bbox"": [376, 207, 830, 296], ""type"": ""handwritten"", ""text"": ""Треба жити!""}, {""bbox"": [153, 270, 950, 350], ""type"": ""handwritten"", ""text"": ""Жити треба цікаво: читати""}, {""bbox"": [102, 322, 957, 405], ""type"": ""handwritten"", ""text"": ""книжки, ходити в театр, дресиру""}, {""bbox"": [104, 388, 655, 451], ""type"": ""handwritten"", ""text"": ""вать пса Патрона…""}, {""bbox"": [156, 424, 959, 497], ""type"": ""handwritten"", ""text"": ""Треба жити! Не впівсили, не""}, {""bbox"": [128, 471, 973, 544], ""type"": ""handwritten"", ""text"": ""трошки, не завтра, не після. По-""}, {""bbox"": [112, 513, 967, 592], ""type"": ""handwritten"", ""text"": ""справжньому! Зараз! Треба глад""}, {""bbox"": [110, 561, 965, 641], ""type"": ""handwritten"", ""text"": ""дити котів, збирати гриби, везти""}, {""bbox"": [113, 609, 969, 690], ""type"": ""handwritten"", ""text"": ""цуценят із фронту на \""інтерсіті\"",""}, {""bbox"": [120, 655, 988, 737], ""type"": ""handwritten"", ""text"": ""робити ремонт і приносити щаст""}, {""bbox"": [110, 704, 987, 785], ""type"": ""handwritten"", ""text"": ""тя тим, кого любимо. Треба куп""}, {""bbox"": [108, 754, 983, 832], ""type"": ""handwritten"", ""text"": ""пувати бурні з лемерноми і [illegible]""}, {""bbox"": [108, 799, 989, 880], ""type"": ""handwritten"", ""text"": ""ити на військо, вишукувати РЕБ""}, {""bbox"": [102, 847, 987, 931], ""type"": ""handwritten"", ""text"": ""Би і генератори, а ще — нишпорити""}, {""bbox"": [100, 894, 986, 978], ""type"": ""handwritten"", ""text"": ""вечорами в міжʼярʼї ботсаду, бо на""}, {""bbox"": [102, 946, 989, 1025], ""type"": ""handwritten"", ""text"": ""перший урок треба принести""}, {""bbox"": [105, 1020, 279, 1078], ""type"": ""handwritten"", ""text"": ""анів.""}, {""bbox"": [146, 1041, 1003, 1121], ""type"": ""handwritten"", ""text"": ""Треба любити свій дім, навіть якщ""}, {""bbox"": [117, 1088, 1006, 1177], ""type"": ""handwritten"", ""text"": ""що він тимчасовий і далеко від с""}, {""bbox"": [117, 1141, 997, 1227], ""type"": ""handwritten"", ""text"": ""справжнього дому — того, що в серці.""}, {""bbox"": [114, 1193, 968, 1277], ""type"": ""handwritten"", ""text"": ""Треба здавати кров, і, може, з нею""}, {""bbox"": [110, 1242, 1002, 1329], ""type"": ""handwritten"", ""text"": ""ще в чиємусь серці поселиться любов до""}, {""bbox"": [114, 1296, 922, 1383], ""type"": ""handwritten"", ""text"": ""слів: \""допіру\"", \""пітятко\"" чи \""кияхи\"".""}]"
373c7720-1c00-4ea9-874f-5486bdb46879.jpg,"[{""bbox"": [866, 181, 1965, 367], ""type"": ""handwritten"", ""text"": ""Радіодиктант""}, {""bbox"": [759, 319, 1889, 495], ""type"": ""handwritten"", ""text"": ""реба жити!""}, {""bbox"": [279, 435, 2570, 653], ""type"": ""handwritten"", ""text"": ""Жити треба цікаво: читати""}, {""bbox"": [101, 581, 2655, 794], ""type"": ""handwritten"", ""text"": ""книжки, ходити в театр, дресирув""}, {""bbox"": [103, 742, 1553, 922], ""type"": ""handwritten"", ""text"": ""вать пса Патрона…""}, {""bbox"": [277, 858, 2594, 1058], ""type"": ""handwritten"", ""text"": ""Треба жити! Не впівсили, не""}, {""bbox"": [56, 991, 2701, 1207], ""type"": ""handwritten"", ""text"": ""трошки, не завтра, не після. По-справжн""}, {""bbox"": [70, 1131, 2651, 1346], ""type"": ""handwritten"", ""text"": ""ьому! Зараз! Треба гладити котів,""}, {""bbox"": [68, 1279, 2690, 1490], ""type"": ""handwritten"", ""text"": ""збирати гриби, везти цуценят із""}, {""bbox"": [65, 1415, 2691, 1633], ""type"": ""handwritten"", ""text"": ""фронту на \""інтерсіті\"", робити ремонт""}, {""bbox"": [65, 1565, 2731, 1768], ""type"": ""handwritten"", ""text"": ""і приносити щастя тим, кого люб""}, {""bbox"": [70, 1706, 2714, 1916], ""type"": ""handwritten"", ""text"": ""бимо. Треба купувати сукні з лел""}, {""bbox"": [67, 1851, 2720, 2054], ""type"": ""handwritten"", ""text"": ""літками і донатити на військо, виш""}, {""bbox"": [66, 1992, 2749, 2197], ""type"": ""handwritten"", ""text"": ""шукувати РЕБи і генератори, а ще — ни""}, {""bbox"": [69, 2139, 2685, 2352], ""type"": ""handwritten"", ""text"": ""порити вечорами в міжʼярʼї ботс""}, {""bbox"": [76, 2294, 2803, 2507], ""type"": ""handwritten"", ""text"": ""саду, бо на перший урок треба прин""}, {""bbox"": [81, 2468, 1364, 2636], ""type"": ""handwritten"", ""text"": ""нести каштанів.""}, {""bbox"": [237, 2577, 2695, 2791], ""type"": ""handwritten"", ""text"": ""Треба любити свій дім, навіть""}, {""bbox"": [107, 2734, 2742, 2960], ""type"": ""handwritten"", ""text"": ""якщо він тимчасовий і далеко від""}, {""bbox"": [92, 2895, 2786, 3096], ""type"": ""handwritten"", ""text"": ""справжнього дому — того, що в серці.""}, {""bbox"": [80, 3034, 2776, 3255], ""type"": ""handwritten"", ""text"": ""Треба здавати кров, і, може, з нею""}, {""bbox"": [77, 3195, 2796, 3411], ""type"": ""handwritten"", ""text"": ""ще в чиємусь серці поселиться люб""}, {""bbox"": [68, 3350, 2741, 3602], ""type"": ""handwritten"", ""text"": ""бов до слів: \""допіру\"", \""пітятко\"" чи""}]"
1a25dd59-a5ea-48dc-a5b1-bad49ee8d4e0.jpg,"[{""bbox"": [1686, 353, 2660, 604], ""type"": ""handwritten"", ""text"": ""Радіодиктант""}, {""bbox"": [1608, 554, 2638, 795], ""type"": ""handwritten"", ""text"": ""реба жити""}, {""bbox"": [842, 755, 3670, 1062], ""type"": ""handwritten"", ""text"": ""Жити треба цікаво: читати книжки,""}, {""bbox"": [481, 976, 3695, 1288], ""type"": ""handwritten"", ""text"": ""ходити в театр, дресирувать пса Патрона…""}, {""bbox"": [816, 1190, 3639, 1507], ""type"": ""handwritten"", ""text"": ""Треба жити! Не впівсили, не трошки,""}, {""bbox"": [456, 1414, 3332, 1718], ""type"": ""handwritten"", ""text"": ""не завтра, не після. По-справжньому!""}, {""bbox"": [436, 1626, 3704, 1966], ""type"": ""handwritten"", ""text"": ""Зараз! Треба гладити котів, збирати гриби,""}, {""bbox"": [427, 1862, 3617, 2192], ""type"": ""handwritten"", ""text"": ""везти цуценят із фронту на \""інтерсіті\"",""}, {""bbox"": [395, 2095, 3390, 2389], ""type"": ""handwritten"", ""text"": ""робити ремонт і приносити щастя""}, {""bbox"": [371, 2320, 3630, 2639], ""type"": ""handwritten"", ""text"": ""тим, кого любимо. Треба купувати сукні""}, {""bbox"": [348, 2561, 3297, 2855], ""type"": ""handwritten"", ""text"": ""з лелітками і донатити на військо,""}, {""bbox"": [362, 2784, 3447, 3101], ""type"": ""handwritten"", ""text"": ""вишукувати РЕБи і генератори, а ще —""}, {""bbox"": [356, 3034, 3177, 3333], ""type"": ""handwritten"", ""text"": ""нишпорити вечорами в міжʼярʼї""}, {""bbox"": [352, 3250, 3183, 3614], ""type"": ""handwritten"", ""text"": ""ботсаду, бо на перший урок треба""}, {""bbox"": [332, 3546, 2020, 3785], ""type"": ""handwritten"", ""text"": ""принести каштанів.""}, {""bbox"": [459, 3737, 3603, 4088], ""type"": ""handwritten"", ""text"": ""Треба любити свій дім, навіть якщо""}, {""bbox"": [300, 4006, 3660, 4336], ""type"": ""handwritten"", ""text"": ""він тимчасовий і далеко від справжнього""}, {""bbox"": [279, 4264, 3556, 4625], ""type"": ""handwritten"", ""text"": ""дому — того, що в серці. Треба здавати""}, {""bbox"": [267, 4537, 3496, 4878], ""type"": ""handwritten"", ""text"": ""кров, і, може, з нею ще в чиємусь серці""}, {""bbox"": [270, 4787, 3778, 5143], ""type"": ""handwritten"", ""text"": ""поселиться любов до слів: \""допіру\"", \""пітятко""}]"
3a2f413e-5251-4be1-b39a-85029cea053c.jpg,"[{""bbox"": [33, 2, 1529, 85], ""type"": ""handwritten"", ""text"": ""здавати кров, і, може, з нею""}, {""bbox"": [39, 67, 1525, 161], ""type"": ""handwritten"", ""text"": ""ще в чиємусь серці поселиться любов""}, {""bbox"": [43, 139, 1631, 249], ""type"": ""handwritten"", ""text"": ""до слів: \""допіру\"", \""пітятко\"" чи \""кияхи\"".""}, {""bbox"": [41, 230, 1605, 329], ""type"": ""handwritten"", ""text"": ""Треба цілуватися, коли випадає нагода,""}, {""bbox"": [50, 311, 1516, 410], ""type"": ""handwritten"", ""text"": ""і казати те, що на думці. Немає""}, {""bbox"": [59, 394, 1482, 490], ""type"": ""handwritten"", ""text"": ""часу на півтони. Матеріальне —""}, {""bbox"": [59, 474, 1586, 575], ""type"": ""handwritten"", ""text"": ""крихке, життя тікає крізь пальці.""}, {""bbox"": [63, 557, 1546, 664], ""type"": ""handwritten"", ""text"": ""Справжнім виявилось тільки те,""}, {""bbox"": [61, 644, 1540, 748], ""type"": ""handwritten"", ""text"": ""за що не можна схопитись руками:""}, {""bbox"": [60, 739, 988, 837], ""type"": ""handwritten"", ""text"": ""спогади, сміх і любов.""}, {""bbox"": [55, 820, 1558, 928], ""type"": ""handwritten"", ""text"": ""Ще треба плакати, коли можеться.""}, {""bbox"": [50, 917, 1534, 1020], ""type"": ""handwritten"", ""text"": ""За все те, що ніколи не мало з""}, {""bbox"": [51, 1003, 1452, 1106], ""type"": ""handwritten"", ""text"": ""нами статися. За те, що ми не""}, {""bbox"": [63, 1096, 1236, 1194], ""type"": ""handwritten"", ""text"": ""тільки знаємо, як пишеться""}, {""bbox"": [49, 1175, 1560, 1288], ""type"": ""handwritten"", ""text"": ""\""далекобійний дрон\"" або \""балістична""}, {""bbox"": [71, 1271, 1503, 1382], ""type"": ""handwritten"", ""text"": ""ракета\"", а й розрізняємо їх на""}, {""bbox"": [78, 1362, 261, 1460], ""type"": ""handwritten"", ""text"": ""ащх.""}, {""bbox"": [83, 1424, 1365, 1537], ""type"": ""handwritten"", ""text"": ""Росіяни хочуть, щоб ми стали""}, {""bbox"": [79, 1510, 1569, 1623], ""type"": ""handwritten"", ""text"": ""схожими на них: скніли у вічній""}, {""bbox"": [76, 1605, 400, 1701], ""type"": ""handwritten"", ""text"": ""гризоті.""}, {""bbox"": [81, 1681, 1604, 1790], ""type"": ""handwritten"", ""text"": ""А ми будемо жити цікаво — всупереч""}, {""bbox"": [82, 1768, 1540, 1886], ""type"": ""handwritten"", ""text"": ""історії і заради тих, хто після""}, {""bbox"": [77, 1862, 1521, 1972], ""type"": ""handwritten"", ""text"": ""нас говоритиме нашою мовою.""}]"
43b38c7c-f913-406d-a267-b9ef9529b9ca.jpg,"[{""bbox"": [1044, 621, 1871, 814], ""type"": ""handwritten"", ""text"": ""Треба жити""}, {""bbox"": [203, 753, 2606, 989], ""type"": ""handwritten"", ""text"": ""Жити треба цікаво: читати книжки,""}, {""bbox"": [151, 904, 2600, 1145], ""type"": ""handwritten"", ""text"": ""ходити в театр, дресирувать пса Патр""}, {""bbox"": [151, 1072, 445, 1179], ""type"": ""handwritten"", ""text"": ""роки.""}, {""bbox"": [220, 1172, 2653, 1411], ""type"": ""handwritten"", ""text"": ""Треба жити! Не впівсили, не трошки,""}, {""bbox"": [131, 1319, 2613, 1559], ""type"": ""handwritten"", ""text"": ""не завтра, не після. По-справжньому!""}, {""bbox"": [124, 1466, 2630, 1694], ""type"": ""handwritten"", ""text"": ""Зараз! Треба гладити котів, збирати гр""}, {""bbox"": [118, 1609, 2624, 1841], ""type"": ""handwritten"", ""text"": ""би, везти цуценят із фронту на \""інтерс""}, {""bbox"": [104, 1762, 2607, 1974], ""type"": ""handwritten"", ""text"": ""сіті\"", робити ремонт і приносити щастя""}, {""bbox"": [100, 1903, 2608, 2111], ""type"": ""handwritten"", ""text"": ""тим, кого любимо. Треба купувати сукні""}, {""bbox"": [113, 2042, 2586, 2247], ""type"": ""handwritten"", ""text"": ""з лелітками і донатити на військо""}, {""bbox"": [105, 2193, 2599, 2386], ""type"": ""handwritten"", ""text"": ""вишукувати РЕБи і генератори, а ще""}, {""bbox"": [91, 2326, 2633, 2541], ""type"": ""handwritten"", ""text"": ""нишпорити вечорами в міжʼярʼї ботс""}, {""bbox"": [94, 2470, 2618, 2676], ""type"": ""handwritten"", ""text"": ""ду, бо на перший урок треба принес""}, {""bbox"": [96, 2634, 1161, 2797], ""type"": ""handwritten"", ""text"": ""ти каштанів.""}, {""bbox"": [174, 2749, 2594, 2957], ""type"": ""handwritten"", ""text"": ""Треба любити свій дім, навіть""}, {""bbox"": [74, 2894, 2623, 3103], ""type"": ""handwritten"", ""text"": ""якщо він тимчасовий і далеко від справж""}, {""bbox"": [73, 3034, 2573, 3253], ""type"": ""handwritten"", ""text"": ""нього дому — того, що в серці. Треба""}, {""bbox"": [79, 3167, 2591, 3395], ""type"": ""handwritten"", ""text"": ""здавати кров, і, може, з нею ще в чиємусь""}, {""bbox"": [85, 3309, 2598, 3542], ""type"": ""handwritten"", ""text"": ""серці поселиться любов до слів: \""допіру\"",""}, {""bbox"": [81, 3506, 1314, 3666], ""type"": ""handwritten"", ""text"": ""пітятко\"" чи \""кияхи\"".""}, {""bbox"": [128, 3590, 2592, 3826], ""type"": ""handwritten"", ""text"": ""Треба цілуватися, коли випадає нагод""}, {""bbox"": [75, 3733, 2577, 3984], ""type"": ""handwritten"", ""text"": ""да, і казати те, що на думці. Н""}]"
3b4990e0-d71c-4e12-a083-a306730eb52b.jpg,"[{""bbox"": [264, 43, 428, 89], ""type"": ""handwritten"", ""text"": ""Треба жити""}, {""bbox"": [49, 119, 859, 195], ""type"": ""handwritten"", ""text"": ""Жити треба цікаво: читати книжки, ходити в театр, дресирувать""}, {""bbox"": [39, 169, 199, 216], ""type"": ""handwritten"", ""text"": ""пса Патрона…""}, {""bbox"": [66, 212, 824, 280], ""type"": ""handwritten"", ""text"": ""Треба жити! Не впівсили, не трошки, не завтра, не після.""}, {""bbox"": [49, 261, 850, 332], ""type"": ""handwritten"", ""text"": ""По-справжньому! Зараз! Треба гладити котів, збирати гриби,""}, {""bbox"": [33, 311, 791, 372], ""type"": ""handwritten"", ""text"": ""везти цуценят із фронту на \""інтерсіті\"", робити ремонт і""}, {""bbox"": [37, 354, 830, 413], ""type"": ""handwritten"", ""text"": ""приносити щастя тим, кого любимо. Треба купувати сукні з""}, {""bbox"": [31, 390, 880, 453], ""type"": ""handwritten"", ""text"": ""елітками і донатити на військо, вишукувати РЕБи і генератори,""}, {""bbox"": [28, 428, 852, 490], ""type"": ""handwritten"", ""text"": ""а ще — нишпорити вечорами в міжʼярʼї ботсаду, бо на""}, {""bbox"": [31, 461, 570, 518], ""type"": ""handwritten"", ""text"": ""перший урок треба принести каштанів.""}, {""bbox"": [77, 488, 863, 562], ""type"": ""handwritten"", ""text"": ""Треба любити свій дім, навіть якщо він тимчасовий і далеко""}, {""bbox"": [25, 508, 894, 605], ""type"": ""handwritten"", ""text"": ""від справжнього дому — того, що в серці. Треба здавати кров, і, може, з""}, {""bbox"": [21, 566, 900, 648], ""type"": ""handwritten"", ""text"": ""чею в на чистусь серді поселіться любов до слюд дегіру, тічатко,""}, {""bbox"": [39, 598, 195, 640], ""type"": ""handwritten"", ""text"": ""чи \""кияхи\"".""}, {""bbox"": [75, 632, 885, 713], ""type"": ""handwritten"", ""text"": ""Треба цілуватися, коли випадає нагода, і казати те, що на думці.""}, {""bbox"": [21, 672, 874, 753], ""type"": ""handwritten"", ""text"": ""Немає часу на півтони. Матеріальне — крихке, життя тікає крізь пальці.""}, {""bbox"": [24, 700, 864, 781], ""type"": ""handwritten"", ""text"": ""справки, що побою тіжи ~~піда це можна сбатись розками""}, {""bbox"": [19, 735, 318, 775], ""type"": ""handwritten"", ""text"": ""спогади, сміх і любов.""}, {""bbox"": [48, 746, 867, 836], ""type"": ""handwritten"", ""text"": ""Ще треба плакати, коли можеться. З""}, {""bbox"": [18, 798, 777, 865], ""type"": ""handwritten"", ""text"": ""з нами статися. За те, що ми не тільки знаємо, як пишеться""}, {""bbox"": [17, 832, 859, 907], ""type"": ""handwritten"", ""text"": ""підомнобійний дрон\"" або \""болістична ракета\"", але й розрі�нення їх""}, {""bbox"": [29, 869, 173, 906], ""type"": ""handwritten"", ""text"": ""на слух.""}, {""bbox"": [68, 883, 852, 987], ""type"": ""handwritten"", ""text"": ""Росіяни хочуть, щоб ми стали схожими на них: скніли у вічній""}, {""bbox"": [30, 983, 614, 1042], ""type"": ""handwritten"", ""text"": ""хто після нас говоритиме нашою мовою.""}]"
3f8d8f92-c06b-4dea-a648-ad9593ece94e.jpg,"[{""bbox"": [284, 30, 762, 128], ""type"": ""handwritten"", ""text"": ""Радіодитант 2025""}, {""bbox"": [224, 119, 547, 192], ""type"": ""handwritten"", ""text"": ""реба жити""}, {""bbox"": [19, 177, 1137, 273], ""type"": ""handwritten"", ""text"": ""Жити треба цікаво: читати книжки, ходити""}, {""bbox"": [19, 254, 779, 334], ""type"": ""handwritten"", ""text"": ""в театр, дресирувать пса Патрона…""}, {""bbox"": [67, 312, 1111, 410], ""type"": ""handwritten"", ""text"": ""Треба жити! Не впівсили, не трошки, не""}, {""bbox"": [12, 382, 1155, 476], ""type"": ""handwritten"", ""text"": ""завтра, не після. По-справжньому! Зараз! Треба""}, {""bbox"": [11, 449, 1137, 542], ""type"": ""handwritten"", ""text"": ""гладити котів, збирати гриби, везти цуценят""}, {""bbox"": [5, 516, 1152, 611], ""type"": ""handwritten"", ""text"": ""з фронту на \""інтерсіті\"", робити ремонт і принос""}, {""bbox"": [1, 585, 795, 661], ""type"": ""handwritten"", ""text"": ""сити щастя тим, кого любимо.""}, {""bbox"": [89, 642, 1159, 736], ""type"": ""handwritten"", ""text"": ""Треба купувати сукні з лелітками і донатити""}, {""bbox"": [1, 709, 1111, 798], ""type"": ""handwritten"", ""text"": ""на військо, вишукувати РЕБи і генератори, а""}, {""bbox"": [10, 775, 1045, 859], ""type"": ""handwritten"", ""text"": ""ще — нишпорити вечорами в міжʼярʼї""}, {""bbox"": [16, 838, 1161, 925], ""type"": ""handwritten"", ""text"": ""ботсаду, бо на перший урок треба принес""}, {""bbox"": [14, 913, 390, 975], ""type"": ""handwritten"", ""text"": ""сти каштанів.""}, {""bbox"": [99, 962, 1112, 1050], ""type"": ""handwritten"", ""text"": ""Треба любити свій дім, навіть якщо він""}, {""bbox"": [8, 1028, 1128, 1116], ""type"": ""handwritten"", ""text"": ""тимчасовий і далеко від справжнього дому —""}, {""bbox"": [6, 1092, 1125, 1183], ""type"": ""handwritten"", ""text"": ""того, що в серці. Треба здавати кров, і, може""}, {""bbox"": [0, 1159, 1163, 1250], ""type"": ""handwritten"", ""text"": ""з нею ще в чиємусь серці поселиться любов""}, {""bbox"": [6, 1230, 909, 1312], ""type"": ""handwritten"", ""text"": ""до слів: \""допіру\"", \""пітятко\"" чи \""кияхи\"".""}, {""bbox"": [85, 1287, 1086, 1379], ""type"": ""handwritten"", ""text"": ""Треба цілуватися, коли випадає нагода""}, {""bbox"": [6, 1355, 1143, 1445], ""type"": ""handwritten"", ""text"": ""і казати те, що на думці. Немає часу""}, {""bbox"": [8, 1421, 1142, 1513], ""type"": ""handwritten"", ""text"": ""на півтони. Матеріальне — крихке, життя тікає""}, {""bbox"": [7, 1487, 1105, 1586], ""type"": ""handwritten"", ""text"": ""крізь пальці. Справжнім виявилось тільки те""}]"
24127c01-a407-45e6-af73-02562354378c.jpg,"[{""bbox"": [556, 29, 1007, 119], ""type"": ""handwritten"", ""text"": ""Треба жити""}, {""bbox"": [207, 107, 1478, 198], ""type"": ""handwritten"", ""text"": ""треба цікаво: читати книжки, ходит""}, {""bbox"": [81, 189, 1192, 281], ""type"": ""handwritten"", ""text"": ""ти в театр, дресирувать пса Патрона…""}, {""bbox"": [186, 264, 1420, 352], ""type"": ""handwritten"", ""text"": ""Треба жити! Не впівсили, не трошки,""}, {""bbox"": [77, 337, 1371, 423], ""type"": ""handwritten"", ""text"": ""не завтра, не після. По-справжньому! Зараз!""}, {""bbox"": [81, 403, 1403, 499], ""type"": ""handwritten"", ""text"": ""Треба гладити котів, збирати гриби, везти""}, {""bbox"": [81, 482, 1422, 572], ""type"": ""handwritten"", ""text"": ""цуценят із фронту на \""інтерсіті\"", робити""}, {""bbox"": [81, 555, 1462, 642], ""type"": ""handwritten"", ""text"": ""ремонт і приносити щастя тим, кого любимо.""}, {""bbox"": [85, 623, 1480, 723], ""type"": ""handwritten"", ""text"": ""Треба купувати сукні з лелітками і дон""}, {""bbox"": [94, 708, 1490, 800], ""type"": ""handwritten"", ""text"": ""тити на військо, вишукувати РЕБи і генератор""}, {""bbox"": [87, 787, 1390, 874], ""type"": ""handwritten"", ""text"": ""ри, а ще — нишпорити вечорами в міжʼярʼї""}, {""bbox"": [81, 853, 1371, 946], ""type"": ""handwritten"", ""text"": ""ботсаду, бо на перший урок треба принести""}, {""bbox"": [92, 932, 348, 1000], ""type"": ""handwritten"", ""text"": ""каштанів.""}, {""bbox"": [192, 998, 1416, 1093], ""type"": ""handwritten"", ""text"": ""Треба любити свій дім, навіть якщо він""}, {""bbox"": [87, 1070, 1489, 1170], ""type"": ""handwritten"", ""text"": ""тимчасовий і далеко від справжнього дому — того,""}, {""bbox"": [86, 1151, 1428, 1243], ""type"": ""handwritten"", ""text"": ""що в серці. Треба здавати кров, і, може, з""}, {""bbox"": [83, 1225, 1487, 1324], ""type"": ""handwritten"", ""text"": ""нею ще в чиємусь серці поселиться любов до слів""}, {""bbox"": [91, 1299, 869, 1381], ""type"": ""handwritten"", ""text"": ""\""допіру\"", \""пітятко\"" чи \""кияхи\"".""}, {""bbox"": [186, 1371, 1440, 1461], ""type"": ""handwritten"", ""text"": ""Треба цілуватися, коли випадає нагода, і""}, {""bbox"": [83, 1443, 1466, 1539], ""type"": ""handwritten"", ""text"": ""казати те, що на думці. Немає часу на півтони.""}, {""bbox"": [76, 1519, 1357, 1605], ""type"": ""handwritten"", ""text"": ""Матеріальне — крихке, життя тікає крізь пальці.""}, {""bbox"": [71, 1584, 1505, 1687], ""type"": ""handwritten"", ""text"": ""Справжнім виявилось тільки те, за що не можна""}, {""bbox"": [63, 1664, 1267, 1756], ""type"": ""handwritten"", ""text"": ""схопитись руками: спогади, сміх і любов.""}, {""bbox"": [199, 1737, 1450, 1828], ""type"": ""handwritten"", ""text"": ""Ще треба плакати, коли можеться. За все""}, {""bbox"": [62, 1812, 1410, 1900], ""type"": ""handwritten"", ""text"": ""те, що ніколи не мало з нами статися.""}, {""bbox"": [61, 1881, 1399, 1981], ""type"": ""handwritten"", ""text"": ""За те, що ми не тільки знаємо, як пишеться""}, {""bbox"": [65, 1959, 1372, 2059], ""type"": ""handwritten"", ""text"": ""\""далекобійний дрон\"" або \""балістична ракета\"", а й""}, {""bbox"": [35, 2045, 662, 2142], ""type"": ""handwritten"", ""text"": ""розрізняємо їх на слух.""}]"
0207523a-9012-42d9-9533-e960eae7f4e0.jpg,"[{""bbox"": [1113, 171, 1931, 371], ""type"": ""handwritten"", ""text"": ""Радіодиктант""}, {""bbox"": [821, 365, 2307, 564], ""type"": ""handwritten"", ""text"": ""національної єдності 2025""}, {""bbox"": [467, 526, 2747, 758], ""type"": ""handwritten"", ""text"": ""до Дня української писеленості й мови""}, {""bbox"": [887, 732, 1947, 931], ""type"": ""handwritten"", ""text"": ""ба жити!""}, {""bbox"": [499, 887, 2765, 1117], ""type"": ""handwritten"", ""text"": ""Жити треба цікаво: читати к""}, {""bbox"": [328, 1061, 2965, 1289], ""type"": ""handwritten"", ""text"": ""книжки, ходити в театр, дресирувать пса Патрона…""}, {""bbox"": [329, 1227, 2820, 1462], ""type"": ""handwritten"", ""text"": ""Треба жити! Не впівсили, не т""}, {""bbox"": [333, 1413, 2601, 1639], ""type"": ""handwritten"", ""text"": ""трошки, не завтра, не після. По-""}, {""bbox"": [314, 1580, 2763, 1819], ""type"": ""handwritten"", ""text"": ""справжньому! Зараз! Треба г""}, {""bbox"": [323, 1780, 2544, 1986], ""type"": ""handwritten"", ""text"": ""гладити котів, збирати гриби,""}, {""bbox"": [314, 1958, 2381, 2166], ""type"": ""handwritten"", ""text"": ""везти цуценят із фронту на""}, {""bbox"": [333, 2117, 2391, 2341], ""type"": ""handwritten"", ""text"": ""\""інтерсіті\"", робити ремонт і""}, {""bbox"": [316, 2307, 2766, 2526], ""type"": ""handwritten"", ""text"": ""приносити щастя тим, кого любимо.""}, {""bbox"": [305, 2485, 2681, 2700], ""type"": ""handwritten"", ""text"": ""Треба купувати сукні з лелітка""}, {""bbox"": [295, 2673, 2438, 2874], ""type"": ""handwritten"", ""text"": ""і приносити щастя тим, коло""}, {""bbox"": [298, 2851, 2718, 3061], ""type"": ""handwritten"", ""text"": ""и і донатити на військо,""}, {""bbox"": [284, 2997, 2814, 3262], ""type"": ""handwritten"", ""text"": ""вишукувати РЕБи і генератори,""}, {""bbox"": [263, 3209, 2685, 3434], ""type"": ""handwritten"", ""text"": ""а ще — нишпорити вечорами в""}, {""bbox"": [243, 3381, 2758, 3619], ""type"": ""handwritten"", ""text"": ""міжʼярʼї ботсаду, бо на перший""}, {""bbox"": [209, 3551, 2621, 3785], ""type"": ""handwritten"", ""text"": ""урок треба принести каштанів.""}, {""bbox"": [256, 3729, 1936, 3991], ""type"": ""handwritten"", ""text"": ""~~А~~ ~~Х. ~~в~~""}]"
331ab90e-daef-42a7-b577-f761b052d663.jpg,"[{""bbox"": [198, 40, 716, 106], ""type"": ""handwritten"", ""text"": ""тко\"" чи \""кияхи\"".""}, {""bbox"": [238, 91, 1165, 181], ""type"": ""handwritten"", ""text"": ""Треба цілуватися, коли випадає""}, {""bbox"": [178, 165, 1110, 246], ""type"": ""handwritten"", ""text"": ""нагода, і казати те, що на думці.""}, {""bbox"": [184, 226, 1141, 307], ""type"": ""handwritten"", ""text"": ""Немає часу на півтони. Матеріальне""}, {""bbox"": [185, 288, 1117, 364], ""type"": ""handwritten"", ""text"": ""крихке, життя тікає крізь пальці.""}, {""bbox"": [185, 340, 1129, 425], ""type"": ""handwritten"", ""text"": ""Справжнім виявилось тільки те, за""}, {""bbox"": [177, 405, 1076, 485], ""type"": ""handwritten"", ""text"": ""що не можна схопитись руками:""}, {""bbox"": [187, 465, 806, 529], ""type"": ""handwritten"", ""text"": ""спогади, сміх і любов.""}, {""bbox"": [281, 516, 1133, 599], ""type"": ""handwritten"", ""text"": ""Ще треба плакати, коли мож""}, {""bbox"": [185, 578, 1120, 658], ""type"": ""handwritten"", ""text"": ""жеться. За все те, що ніколи не""}, {""bbox"": [180, 636, 1109, 716], ""type"": ""handwritten"", ""text"": ""мало з нами статися. За те, що""}, {""bbox"": [184, 692, 1126, 770], ""type"": ""handwritten"", ""text"": ""ми не тільки знаємо, як пишеться""}, {""bbox"": [171, 748, 1082, 825], ""type"": ""handwritten"", ""text"": ""далекобійний дрон\"" або \""балістична""}, {""bbox"": [170, 805, 1035, 886], ""type"": ""handwritten"", ""text"": ""ракета\"", а й розрізняємо їх на""}, {""bbox"": [171, 865, 327, 926], ""type"": ""handwritten"", ""text"": ""слух.""}, {""bbox"": [272, 905, 1127, 991], ""type"": ""handwritten"", ""text"": ""Росіяни хочуть, щоб ми стали""}, {""bbox"": [185, 969, 1134, 1050], ""type"": ""handwritten"", ""text"": ""схожими на них: скніли у вічній""}, {""bbox"": [173, 1027, 986, 1101], ""type"": ""handwritten"", ""text"": ""гризоті. А ми будемо жити""}, {""bbox"": [176, 1079, 1058, 1159], ""type"": ""handwritten"", ""text"": ""цікаво — всупереч історії і заради""}, {""bbox"": [170, 1137, 1079, 1221], ""type"": ""handwritten"", ""text"": ""тих, хто після нас говоритиме""}, {""bbox"": [167, 1194, 569, 1256], ""type"": ""handwritten"", ""text"": ""нашою мов""}]"
158dffcf-d9ef-4c75-9081-22414baed387.jpg,"[{""bbox"": [627, 522, 2944, 727], ""type"": ""handwritten"", ""text"": ""Треба цілуватися, коли випадає""}, {""bbox"": [344, 680, 2874, 873], ""type"": ""handwritten"", ""text"": ""нагода, і казати те, що на думці.""}, {""bbox"": [343, 818, 2922, 1011], ""type"": ""handwritten"", ""text"": ""Немає часу на півтони. Матеріаль""}, {""bbox"": [322, 956, 2963, 1157], ""type"": ""handwritten"", ""text"": ""не — крихке, життя тікає крізь пальці.""}, {""bbox"": [308, 1095, 2864, 1304], ""type"": ""handwritten"", ""text"": ""Справжнім виявилось тільки те, за що""}, {""bbox"": [297, 1242, 2902, 1462], ""type"": ""handwritten"", ""text"": ""не можна схопитись руками: спог""}, {""bbox"": [299, 1392, 1702, 1560], ""type"": ""handwritten"", ""text"": ""гади, сміх і любов.""}, {""bbox"": [553, 1524, 2994, 1740], ""type"": ""handwritten"", ""text"": ""Ще треба плакати, коли можеть""}, {""bbox"": [269, 1662, 2884, 1894], ""type"": ""handwritten"", ""text"": ""ся. За все те, що ніколи не""}, {""bbox"": [273, 1823, 2870, 2038], ""type"": ""handwritten"", ""text"": ""мало з нами статися. За те, що""}, {""bbox"": [270, 1973, 2902, 2183], ""type"": ""handwritten"", ""text"": ""ми не тільки знаємо, як пишеться""}, {""bbox"": [260, 2115, 2915, 2333], ""type"": ""handwritten"", ""text"": ""далекобійний дрон\"" або \""балістична""}, {""bbox"": [248, 2262, 2958, 2495], ""type"": ""handwritten"", ""text"": ""ракета\"", а й розрізняємо їх на слух.""}, {""bbox"": [469, 2415, 2807, 2634], ""type"": ""handwritten"", ""text"": ""Росіяни хочуть, щоб ми стали""}, {""bbox"": [257, 2572, 2662, 2774], ""type"": ""handwritten"", ""text"": ""схожими на них: скніли у""}, {""bbox"": [263, 2703, 2973, 2930], ""type"": ""handwritten"", ""text"": ""вічній гризоті. А ми будемо жити""}, {""bbox"": [248, 2865, 2743, 3084], ""type"": ""handwritten"", ""text"": ""цікаво — всупереч історії і заради""}, {""bbox"": [247, 3011, 2886, 3241], ""type"": ""handwritten"", ""text"": ""тих, хто після нас говоритиме""}, {""bbox"": [253, 3178, 1475, 3344], ""type"": ""handwritten"", ""text"": ""нашою мовою.""}]"
12113942-a50f-4d2c-b731-d8a8afb0e875.jpg,"[{""bbox"": [1517, 296, 2698, 506], ""type"": ""handwritten"", ""text"": ""Треба жити""}, {""bbox"": [1055, 466, 3555, 693], ""type"": ""handwritten"", ""text"": ""Жити треба цікаво: читати""}, {""bbox"": [697, 631, 3465, 840], ""type"": ""handwritten"", ""text"": ""книжки, ходити в театр, дрес""}, {""bbox"": [700, 779, 3553, 998], ""type"": ""handwritten"", ""text"": ""сирувать пса Патрона… Треба""}, {""bbox"": [690, 935, 3574, 1162], ""type"": ""handwritten"", ""text"": ""жити! Не впівсили, не трошки,""}, {""bbox"": [693, 1099, 3600, 1315], ""type"": ""handwritten"", ""text"": ""не завтра, не після. По-справжньом""}, {""bbox"": [698, 1254, 3273, 1479], ""type"": ""handwritten"", ""text"": ""му! Зараз! Треба гладити""}, {""bbox"": [683, 1421, 3293, 1655], ""type"": ""handwritten"", ""text"": ""котів, збирати гриби, везти""}, {""bbox"": [686, 1590, 3601, 1835], ""type"": ""handwritten"", ""text"": ""цуценят із фронту на \""інтерсіті\"",""}, {""bbox"": [658, 1770, 3292, 2005], ""type"": ""handwritten"", ""text"": ""робити ремонт і приносити""}, {""bbox"": [655, 1938, 3747, 2175], ""type"": ""handwritten"", ""text"": ""щастя тим, кого любимо. Треба""}, {""bbox"": [651, 2124, 3486, 2352], ""type"": ""handwritten"", ""text"": ""купувати сукні з лелітками і""}, {""bbox"": [640, 2297, 3665, 2522], ""type"": ""handwritten"", ""text"": ""донатити на військо, вишукув""}, {""bbox"": [629, 2462, 3614, 2709], ""type"": ""handwritten"", ""text"": ""вати РЕБи і генератори, а ще""}, {""bbox"": [636, 2645, 3572, 2895], ""type"": ""handwritten"", ""text"": ""нишпорити вечорами в міжʼярʼї""}, {""bbox"": [628, 2832, 3787, 3089], ""type"": ""handwritten"", ""text"": ""ботсаду, бо на перший урок треба""}, {""bbox"": [633, 3044, 2552, 3258], ""type"": ""handwritten"", ""text"": ""принести каштанів.""}, {""bbox"": [1013, 3204, 3588, 3451], ""type"": ""handwritten"", ""text"": ""Треба любити свій дім,""}, {""bbox"": [603, 3388, 3613, 3651], ""type"": ""handwritten"", ""text"": ""навіть якщо він тимчасовий і""}, {""bbox"": [582, 3587, 3493, 3867], ""type"": ""handwritten"", ""text"": ""далеко від справжнього дому —""}, {""bbox"": [610, 3816, 2365, 4035], ""type"": ""handwritten"", ""text"": ""того, що в серці.""}, {""bbox"": [976, 3976, 3710, 4237], ""type"": ""handwritten"", ""text"": ""Треба здавати кров, і, може""}, {""bbox"": [537, 4160, 3691, 4438], ""type"": ""handwritten"", ""text"": ""з нею ще в чиємусь серці посел""}, {""bbox"": [563, 4379, 3748, 4651], ""type"": ""handwritten"", ""text"": ""литься любов до слів: \""допіру\"",""}, {""bbox"": [583, 4607, 2765, 4835], ""type"": ""handwritten"", ""text"": ""пітятко\"" чи \""кияхи\""""}]"
1dd10944-9049-4ca8-9944-fb83e3d1daeb.jpg,"[{""bbox"": [544, 281, 903, 372], ""type"": ""handwritten"", ""text"": ""[illegible] [illeg] [Illegible[]""}, {""bbox"": [517, 520, 2438, 759], ""type"": ""handwritten"", ""text"": ""Матеріальне — крихке, життя""}, {""bbox"": [515, 693, 2478, 916], ""type"": ""handwritten"", ""text"": ""тікає крізь пальці. Справжнім""}, {""bbox"": [535, 844, 2426, 1078], ""type"": ""handwritten"", ""text"": ""виявилось тільки те, за що""}, {""bbox"": [524, 1013, 2532, 1236], ""type"": ""handwritten"", ""text"": ""не можна схопитись руками""}, {""bbox"": [535, 1192, 1983, 1383], ""type"": ""handwritten"", ""text"": ""спогади, сміх і любов.""}, {""bbox"": [674, 1366, 2348, 1537], ""type"": ""handwritten"", ""text"": ""Ще треба плакати, коли""}, {""bbox"": [574, 1501, 2457, 1709], ""type"": ""handwritten"", ""text"": ""можеться. За все те, що ніколи""}, {""bbox"": [577, 1663, 2467, 1872], ""type"": ""handwritten"", ""text"": ""не мало з нами статися.""}, {""bbox"": [595, 1829, 2369, 2033], ""type"": ""handwritten"", ""text"": ""За те, що ми не тільки""}, {""bbox"": [584, 1974, 2580, 2202], ""type"": ""handwritten"", ""text"": ""знаємо, як пишеться \""далекобійний""}, {""bbox"": [585, 2140, 2473, 2373], ""type"": ""handwritten"", ""text"": ""дрон\"" або \""балістична ракета\"",""}, {""bbox"": [603, 2299, 2487, 2533], ""type"": ""handwritten"", ""text"": ""а й розрізняємо їх на слух.""}, {""bbox"": [665, 2459, 2499, 2700], ""type"": ""handwritten"", ""text"": ""Росіяни хочуть, щоб ми стали""}, {""bbox"": [633, 2629, 2440, 2897], ""type"": ""handwritten"", ""text"": ""схожими на них: скніли у""}, {""bbox"": [617, 2771, 2555, 3092], ""type"": ""handwritten"", ""text"": ""вічній гризоті. А ми будемо""}, {""bbox"": [628, 2960, 2248, 3254], ""type"": ""handwritten"", ""text"": ""жити цікаво — всупереч""}, {""bbox"": [602, 3130, 2570, 3480], ""type"": ""handwritten"", ""text"": ""історії і заради тих, хто після""}, {""bbox"": [576, 3277, 2575, 3674], ""type"": ""handwritten"", ""text"": ""нас говоритиме нашою мовою.""}]"
0dd25909-0295-45f0-9c52-c318abb01d41.jpg,"[{""bbox"": [1114, 382, 1877, 578], ""type"": ""handwritten"", ""text"": ""Треба жити!""}, {""bbox"": [180, 544, 2190, 711], ""type"": ""handwritten"", ""text"": ""Жити треба цікаво: читати книжки,""}, {""bbox"": [215, 674, 2488, 854], ""type"": ""handwritten"", ""text"": ""ходити в театр, дресирувать пса Патрона…""}, {""bbox"": [348, 807, 2414, 977], ""type"": ""handwritten"", ""text"": ""Треба жити! Не впівсили, не трошки,""}, {""bbox"": [154, 935, 1304, 1095], ""type"": ""handwritten"", ""text"": ""не завтра, не після.""}, {""bbox"": [183, 1063, 2418, 1244], ""type"": ""handwritten"", ""text"": ""Зараз! Треба гладити котів, збирати гриби,""}, {""bbox"": [141, 1206, 2454, 1387], ""type"": ""handwritten"", ""text"": ""везти цуценят із фронту на \""інтерсіті\"", робити""}, {""bbox"": [152, 1342, 2213, 1511], ""type"": ""handwritten"", ""text"": ""ремонт і приносити щастя тим, кого""}, {""bbox"": [212, 1472, 2217, 1641], ""type"": ""handwritten"", ""text"": ""любимо. Треба купувати сукні з""}, {""bbox"": [225, 1610, 2225, 1769], ""type"": ""handwritten"", ""text"": ""лелітками і донатити на військо,""}, {""bbox"": [180, 1732, 2310, 1905], ""type"": ""handwritten"", ""text"": ""вишукувати РЕБи і генератори, а ще""}, {""bbox"": [195, 1868, 2447, 2049], ""type"": ""handwritten"", ""text"": ""нишпорити вечорами в міжʼярʼї ботсаду,""}, {""bbox"": [169, 2010, 2268, 2183], ""type"": ""handwritten"", ""text"": ""бо на перший урок треба принести""}, {""bbox"": [162, 2166, 737, 2299], ""type"": ""handwritten"", ""text"": ""каштанів.""}, {""bbox"": [360, 2261, 2463, 2439], ""type"": ""handwritten"", ""text"": ""Треба любити свій дім, навіть якщо""}, {""bbox"": [159, 2400, 2450, 2578], ""type"": ""handwritten"", ""text"": ""він тимчасовий і далеко від справжнього""}, {""bbox"": [192, 2528, 2425, 2712], ""type"": ""handwritten"", ""text"": ""дому — того, що в серці. Треба здавати""}, {""bbox"": [146, 2671, 2203, 2841], ""type"": ""handwritten"", ""text"": ""кров, і, може, з нею ще в чиємусь""}, {""bbox"": [169, 2799, 2390, 2976], ""type"": ""handwritten"", ""text"": ""серці поселиться любов до слів: \""допіру\"",""}, {""bbox"": [167, 2946, 1257, 3101], ""type"": ""handwritten"", ""text"": ""\""пітятко\"" чи \""кияхи\"".""}, {""bbox"": [335, 3065, 2375, 3243], ""type"": ""handwritten"", ""text"": ""Треба цілуватися, коли випадає нагода,""}, {""bbox"": [153, 3198, 2340, 3374], ""type"": ""handwritten"", ""text"": ""і казати те, що на думці. Немає часу""}, {""bbox"": [161, 3333, 2347, 3516], ""type"": ""handwritten"", ""text"": ""на півтони. Матеріальне — крихке, життя""}]"
1af72a02-665a-41b9-91c7-e031d763fbb2.jpg,"[{""bbox"": [322, 112, 2908, 310], ""type"": ""handwritten"", ""text"": ""має часу на півтони. Матеріальне""}, {""bbox"": [325, 248, 2480, 429], ""type"": ""handwritten"", ""text"": ""крихке, життя тікає крізь пальці.""}, {""bbox"": [314, 356, 3016, 567], ""type"": ""handwritten"", ""text"": ""Справжнім виявилось тільки те, за що""}, {""bbox"": [305, 505, 2924, 715], ""type"": ""handwritten"", ""text"": ""не можна схопитись руками: спогади,""}, {""bbox"": [301, 659, 1362, 823], ""type"": ""handwritten"", ""text"": ""сміх і любов.""}, {""bbox"": [707, 798, 3062, 1012], ""type"": ""handwritten"", ""text"": ""Ще треба плакати, коли можеться.""}, {""bbox"": [274, 945, 2804, 1172], ""type"": ""handwritten"", ""text"": ""За все те, що ніколи не мало з""}, {""bbox"": [281, 1100, 2816, 1323], ""type"": ""handwritten"", ""text"": ""нами статися. За те, що ми не""}, {""bbox"": [241, 1251, 3117, 1490], ""type"": ""handwritten"", ""text"": ""тільки знаємо, як пишеться \""далекобійний""}, {""bbox"": [216, 1407, 2990, 1651], ""type"": ""handwritten"", ""text"": ""дрон\"" або \""балістична ракета\"", а""}, {""bbox"": [219, 1583, 2262, 1803], ""type"": ""handwritten"", ""text"": ""й розрізняємо їх на слух.""}, {""bbox"": [706, 1768, 2994, 2015], ""type"": ""handwritten"", ""text"": ""Росіяни хочуть, щоб ми стали""}, {""bbox"": [208, 1944, 2937, 2177], ""type"": ""handwritten"", ""text"": ""схожими на них: скніли у вічній""}, {""bbox"": [189, 2099, 3083, 2356], ""type"": ""handwritten"", ""text"": ""гризоті. А ми будемо жити цікаво —""}, {""bbox"": [170, 2287, 3097, 2545], ""type"": ""handwritten"", ""text"": ""всупереч історії і заради тих, хто""}, {""bbox"": [154, 2470, 3065, 2738], ""type"": ""handwritten"", ""text"": ""після нас говоритиме нашою мовою.""}]"
382c3795-d27c-4e20-a6f4-3704045a9c19.jpg,"[{""bbox"": [1427, 354, 2337, 535], ""type"": ""handwritten"", ""text"": ""Треба жити""}, {""bbox"": [575, 539, 3907, 775], ""type"": ""handwritten"", ""text"": ""Жити треба цікаво: читати книжки, ходити""}, {""bbox"": [352, 724, 2580, 947], ""type"": ""handwritten"", ""text"": ""в театр, дресирувать пса Патрона…""}, {""bbox"": [518, 885, 4019, 1120], ""type"": ""handwritten"", ""text"": ""Треба жити! Не впівсили, не трошки, не завтра,""}, {""bbox"": [356, 1053, 3995, 1316], ""type"": ""handwritten"", ""text"": ""не після. По-справжньому! Зараз! Треба гладити котів,""}, {""bbox"": [359, 1259, 4013, 1490], ""type"": ""handwritten"", ""text"": ""збирати гриби, везти цуценят із фронту на \""інтерсіті\"",""}, {""bbox"": [360, 1446, 3986, 1661], ""type"": ""handwritten"", ""text"": ""робити ремонт і приносити щастя тим, кого любимо""}, {""bbox"": [381, 1627, 3862, 1853], ""type"": ""handwritten"", ""text"": ""Треба купувати сукні з лелітками і донатити""}, {""bbox"": [382, 1797, 3976, 2036], ""type"": ""handwritten"", ""text"": ""військо, вишукувати РЕБи і генератори, а ще — нишп""}, {""bbox"": [367, 1997, 3857, 2222], ""type"": ""handwritten"", ""text"": ""порити вечорами в міжʼярʼї ботсаду, бо на перший""}, {""bbox"": [368, 2179, 2535, 2372], ""type"": ""handwritten"", ""text"": ""урок треба принести каштанів.""}, {""bbox"": [482, 2332, 3969, 2566], ""type"": ""handwritten"", ""text"": ""Треба любити свій дім, навіть якщо він тимчасовий""}, {""bbox"": [408, 2518, 3955, 2758], ""type"": ""handwritten"", ""text"": ""і далеко від справжнього дому — того, що в серці. Треба""}, {""bbox"": [386, 2702, 3979, 2918], ""type"": ""handwritten"", ""text"": ""здавати кров, і, може, з нею ще в чиємусь серці""}, {""bbox"": [385, 2872, 3827, 3106], ""type"": ""handwritten"", ""text"": ""ться любов до слів: \""допіру\"", \""пітятко\"" чи \""кияхи""}, {""bbox"": [511, 3133, 3937, 3364], ""type"": ""handwritten"", ""text"": ""Треба цілуватися, коли випадає нагода, і казати те,""}, {""bbox"": [379, 3317, 3699, 3543], ""type"": ""handwritten"", ""text"": ""що на думці. Немає часу на півтони. Матеріальне""}, {""bbox"": [409, 3489, 3931, 3729], ""type"": ""handwritten"", ""text"": ""крихке, життя тікає крізь пальці. Справжнім вияв""}, {""bbox"": [431, 3675, 3964, 3898], ""type"": ""handwritten"", ""text"": ""вилось тільки те, за що не можна схопитись руками:""}, {""bbox"": [435, 3859, 1824, 4026], ""type"": ""handwritten"", ""text"": ""спогади, сміх і любов.""}, {""bbox"": [615, 4014, 3796, 4235], ""type"": ""handwritten"", ""text"": ""треба плакати, коли можеться. За все те, що""}, {""bbox"": [453, 4188, 3842, 4419], ""type"": ""handwritten"", ""text"": ""ніколи не мало з нами статися. За те, що ми не""}, {""bbox"": [461, 4366, 3799, 4599], ""type"": ""handwritten"", ""text"": ""тільки знаємо, як пишеться \""далекобійний дрон\"" або""}, {""bbox"": [455, 4533, 3702, 4759], ""type"": ""handwritten"", ""text"": ""\""балістична ракета\"", а й розрізняємо їх на слух.""}, {""bbox"": [647, 4703, 3825, 4927], ""type"": ""handwritten"", ""text"": ""Росіяни хочуть, щоб ми стали схожими""}, {""bbox"": [496, 4862, 3948, 5109], ""type"": ""handwritten"", ""text"": ""на них: скніли у вічній гризоті. А ми будемо жит""}, {""bbox"": [500, 5024, 3690, 5267], ""type"": ""handwritten"", ""text"": ""ти цікаво — всупереч історії і заради тих, хто""}, {""bbox"": [492, 5196, 3232, 5433], ""type"": ""handwritten"", ""text"": ""після нас говоритиме наш""}]"
2930d9df-572f-4514-802d-bd13be6d0003.jpg,"[{""bbox"": [1009, 98, 1820, 229], ""type"": ""handwritten"", ""text"": ""27 жовтня.""}, {""bbox"": [544, 201, 2224, 382], ""type"": ""handwritten"", ""text"": ""Всеукраїнський, диктант.""}, {""bbox"": [547, 324, 1533, 475], ""type"": ""handwritten"", ""text"": ""еба жити!""}, {""bbox"": [331, 440, 2219, 629], ""type"": ""handwritten"", ""text"": ""Жити треба цікаво: читат""}, {""bbox"": [120, 577, 2257, 759], ""type"": ""handwritten"", ""text"": ""ти книжки, ходити в театр,""}, {""bbox"": [117, 702, 2223, 890], ""type"": ""handwritten"", ""text"": ""дресирувать пса Патрона…""}, {""bbox"": [229, 832, 1385, 992], ""type"": ""handwritten"", ""text"": ""Треба жити!""}, {""bbox"": [223, 954, 2133, 1152], ""type"": ""handwritten"", ""text"": ""Не впівсили, не трошки,""}, {""bbox"": [207, 1102, 2142, 1286], ""type"": ""handwritten"", ""text"": ""не завтра, не після.""}, {""bbox"": [260, 1230, 2298, 1428], ""type"": ""handwritten"", ""text"": ""По-справжньому! Зараз!""}, {""bbox"": [332, 1365, 2275, 1556], ""type"": ""handwritten"", ""text"": ""Треба гладити котів,""}, {""bbox"": [140, 1498, 2282, 1706], ""type"": ""handwritten"", ""text"": ""збирати гриби, везти цуц""}, {""bbox"": [157, 1654, 1940, 1835], ""type"": ""handwritten"", ""text"": ""ценят із фронту на""}, {""bbox"": [129, 1783, 2236, 1973], ""type"": ""handwritten"", ""text"": ""інтерсіті\"", робити ремонт""}, {""bbox"": [123, 1920, 2215, 2122], ""type"": ""handwritten"", ""text"": ""і приносити щастя тим,""}, {""bbox"": [124, 2080, 1161, 2229], ""type"": ""handwritten"", ""text"": ""кого любимо.""}, {""bbox"": [331, 2206, 2152, 2403], ""type"": ""handwritten"", ""text"": ""Треба купувати сукні з""}, {""bbox"": [126, 2356, 2175, 2546], ""type"": ""handwritten"", ""text"": ""лелітками і донатити""}, {""bbox"": [133, 2496, 2222, 2690], ""type"": ""handwritten"", ""text"": ""на військо, вишукувати""}, {""bbox"": [121, 2648, 2248, 2835], ""type"": ""handwritten"", ""text"": ""РЕБи і генератори, а ще —""}, {""bbox"": [101, 2792, 2176, 2983], ""type"": ""handwritten"", ""text"": ""нишпорити вечорами в""}, {""bbox"": [96, 2944, 2054, 3136], ""type"": ""handwritten"", ""text"": ""міжʼярʼї ботсаду, бо на""}, {""bbox"": [86, 3087, 2167, 3285], ""type"": ""handwritten"", ""text"": ""перший урок треба прин""}, {""bbox"": [61, 3259, 1436, 3419], ""type"": ""handwritten"", ""text"": ""нести каштанів.""}]"
11fa2396-a758-4153-896f-0f18b14b4874.jpg,"[{""bbox"": [555, 231, 2423, 459], ""type"": ""handwritten"", ""text"": ""Треба цілуватися, коли випадає""}, {""bbox"": [275, 420, 2735, 625], ""type"": ""handwritten"", ""text"": ""нагода, і казати те, що на думці. Немає""}, {""bbox"": [287, 592, 2537, 788], ""type"": ""handwritten"", ""text"": ""часу на півтони. Матеріальне — крихке,""}, {""bbox"": [279, 771, 2488, 971], ""type"": ""handwritten"", ""text"": ""життя тікає крізь пальці. Справжнім""}, {""bbox"": [300, 933, 2607, 1144], ""type"": ""handwritten"", ""text"": ""виявилось тільки те, за що не можна""}, {""bbox"": [313, 1104, 2656, 1302], ""type"": ""handwritten"", ""text"": ""схопитись руками: спогади, сміх і любов.""}, {""bbox"": [571, 1292, 2634, 1487], ""type"": ""handwritten"", ""text"": ""Ще треба плакати, коли можеться.""}, {""bbox"": [305, 1478, 2718, 1682], ""type"": ""handwritten"", ""text"": ""За все те, що ніколи не мало з нами""}, {""bbox"": [291, 1649, 2781, 1855], ""type"": ""handwritten"", ""text"": ""статися. За те, що ми не тільки знаємо,""}, {""bbox"": [294, 1828, 2460, 2039], ""type"": ""handwritten"", ""text"": ""як пишеться \""далекобійний дрон\"" або""}, {""bbox"": [282, 1987, 2694, 2198], ""type"": ""handwritten"", ""text"": ""\""балістична ракета\"", а й розрізняємо їх на""}, {""bbox"": [286, 2184, 508, 2338], ""type"": ""handwritten"", ""text"": ""слух.""}, {""bbox"": [567, 2311, 2429, 2531], ""type"": ""handwritten"", ""text"": ""Росіяни хочуть, щоб ми стали""}, {""bbox"": [275, 2495, 2776, 2703], ""type"": ""handwritten"", ""text"": ""схожими на них: скніли у вічній гризоті.""}, {""bbox"": [293, 2679, 2547, 2897], ""type"": ""handwritten"", ""text"": ""А ми будемо жити цікаво — всупереч""}, {""bbox"": [279, 2853, 2463, 3066], ""type"": ""handwritten"", ""text"": ""історії і заради тих, хто після нас""}, {""bbox"": [282, 3030, 1892, 3241], ""type"": ""handwritten"", ""text"": ""говоритиме нашою мовою.""}]"
2ab689ce-5a01-4285-aacf-f48a680fe422.jpg,"[{""bbox"": [2160, 0, 2687, 104], ""type"": ""handwritten"", ""text"": ""27.10.2025р.""}, {""bbox"": [368, 1, 1450, 186], ""type"": ""handwritten"", ""text"": ""Радіо диктант 2025""}, {""bbox"": [629, 139, 1443, 285], ""type"": ""handwritten"", ""text"": ""реба жити!""}, {""bbox"": [161, 223, 2929, 423], ""type"": ""handwritten"", ""text"": ""Жити треба цікаво: читати книжки, ходити""}, {""bbox"": [113, 360, 2263, 544], ""type"": ""handwritten"", ""text"": ""в театр, дресирувать пса Патрона…""}, {""bbox"": [147, 481, 1074, 630], ""type"": ""handwritten"", ""text"": ""Треба жити!""}, {""bbox"": [52, 585, 2686, 759], ""type"": ""handwritten"", ""text"": ""Не впівсили, не трошки, не завтра, не після.""}, {""bbox"": [49, 697, 2795, 876], ""type"": ""handwritten"", ""text"": ""По-справжньому! Зараз! Треба гладити котів,""}, {""bbox"": [39, 802, 2791, 987], ""type"": ""handwritten"", ""text"": ""збирати гриби, везти цуценят із фронту на""}, {""bbox"": [35, 909, 2772, 1096], ""type"": ""handwritten"", ""text"": ""інтерсіті\"", робити ремонт і приносити щастя""}, {""bbox"": [39, 1013, 2665, 1189], ""type"": ""handwritten"", ""text"": ""тим, кого любимо. Треба купувати сукні з""}, {""bbox"": [47, 1110, 2958, 1297], ""type"": ""handwritten"", ""text"": ""лелітками і донатити на військо, вишукувати""}, {""bbox"": [59, 1210, 2845, 1383], ""type"": ""handwritten"", ""text"": ""РЕБи і генератори, а ще — нишпорити вечорами""}, {""bbox"": [65, 1306, 2813, 1489], ""type"": ""handwritten"", ""text"": ""в міжʼярʼї ботсаду, бо на перший урок треба""}, {""bbox"": [71, 1408, 2808, 1603], ""type"": ""handwritten"", ""text"": ""принести каштанів. Треба любити свій дім,""}, {""bbox"": [74, 1523, 2706, 1716], ""type"": ""handwritten"", ""text"": ""навіть якщо він тимчасовий і далеко від""}, {""bbox"": [74, 1580, 2969, 1766], ""type"": ""handwritten"", ""text"": ""справжнього дому — того, що в серці. Треба здавати""}, {""bbox"": [71, 1674, 2790, 1863], ""type"": ""handwritten"", ""text"": ""кров, і, може, з нею ще в чиємусь серці поселиться""}, {""bbox"": [74, 1773, 2912, 1971], ""type"": ""handwritten"", ""text"": ""любов до слів: \""допіру\"", \""пітятко\"" чи \""кияхи\"".""}, {""bbox"": [112, 1871, 2924, 2084], ""type"": ""handwritten"", ""text"": ""Треба цілуватися, коли випадає нагода, і казати""}, {""bbox"": [71, 2031, 1201, 2188], ""type"": ""handwritten"", ""text"": ""те, що на думці.""}, {""bbox"": [89, 2074, 2766, 2281], ""type"": ""handwritten"", ""text"": ""ає часу на півтони. Матеріальне —""}, {""bbox"": [106, 2173, 3024, 2399], ""type"": ""handwritten"", ""text"": ""життя тікає крізь пальці. Справжнім виявилось""}, {""bbox"": [105, 2273, 2916, 2490], ""type"": ""handwritten"", ""text"": ""тільки те, за що не можна схопитись руками""}, {""bbox"": [156, 2412, 1496, 2598], ""type"": ""handwritten"", ""text"": ""спогади, сміх і любов.""}, {""bbox"": [137, 2450, 2957, 2663], ""type"": ""handwritten"", ""text"": ""Ще треба плакати, коли можеться. За все те,""}, {""bbox"": [145, 2571, 2610, 2760], ""type"": ""handwritten"", ""text"": ""що ніколи не мало з нами статися.""}, {""bbox"": [241, 2669, 2947, 2873], ""type"": ""handwritten"", ""text"": ""е, що ми не тільки знаємо, як пишеться""}, {""bbox"": [175, 2776, 2941, 2981], ""type"": ""handwritten"", ""text"": ""\""далекобійний дрон\"" або \""балістична ракета\"",""}, {""bbox"": [164, 2892, 1977, 3068], ""type"": ""handwritten"", ""text"": ""а й розрізняємо їх на слух.""}, {""bbox"": [233, 3010, 2840, 3192], ""type"": ""handwritten"", ""text"": ""Росіяни хочуть, щоб ми стали схожими""}, {""bbox"": [183, 3114, 2674, 3285], ""type"": ""handwritten"", ""text"": ""на них: скніли у вічній гризоті. А ми""}, {""bbox"": [181, 3207, 2638, 3383], ""type"": ""handwritten"", ""text"": ""будемо жити цікаво — всупереч історії і""}, {""bbox"": [214, 3307, 2638, 3488], ""type"": ""handwritten"", ""text"": ""заради тих, хто після нас""}, {""bbox"": [240, 3418, 1968, 3592], ""type"": ""handwritten"", ""text"": ""говоритиме нашою мовою.""}]"
0d663978-be4a-4860-9685-1bb0aa5802e2.jpg,"[{""bbox"": [3137, 83, 4374, 337], ""type"": ""handwritten"", ""text"": ""Радіодиктант""}, {""bbox"": [3159, 274, 5080, 518], ""type"": ""handwritten"", ""text"": ""націотицької єдності""}, {""bbox"": [1081, 965, 2802, 1364], ""type"": ""handwritten"", ""text"": ""еба жити!""}, {""bbox"": [703, 1344, 4576, 1711], ""type"": ""handwritten"", ""text"": ""Жити треба цікаво: читати книжки,""}, {""bbox"": [652, 1642, 4708, 2029], ""type"": ""handwritten"", ""text"": ""ходити в театр, дресирувать пса""}, {""bbox"": [645, 1954, 1700, 2253], ""type"": ""handwritten"", ""text"": ""Патрона…""}, {""bbox"": [800, 2066, 4653, 2534], ""type"": ""handwritten"", ""text"": ""Треба жити! Не впівсили, не""}, {""bbox"": [741, 2420, 4469, 2849], ""type"": ""handwritten"", ""text"": ""трошки, не завтра, не після.""}, {""bbox"": [1051, 2684, 5044, 3063], ""type"": ""handwritten"", ""text"": ""По-справжньому! Зараз! Треба""}, {""bbox"": [743, 2933, 4984, 3350], ""type"": ""handwritten"", ""text"": ""гладити котів, збирати гриби, везти""}, {""bbox"": [718, 3211, 4678, 3601], ""type"": ""handwritten"", ""text"": ""цуценят із фронту на \""інтерсіті\"",""}, {""bbox"": [725, 3442, 4963, 3871], ""type"": ""handwritten"", ""text"": ""робити ремонт і приносити щастя""}, {""bbox"": [714, 3700, 4962, 4144], ""type"": ""handwritten"", ""text"": ""тим, кого любимо. Треба купувати""}, {""bbox"": [695, 3986, 4631, 4472], ""type"": ""handwritten"", ""text"": ""сущі з легівками і фносачани""}, {""bbox"": [688, 4197, 5016, 4835], ""type"": ""handwritten"", ""text"": ""шають так, то любина донатити""}, {""bbox"": [701, 4648, 4544, 5127], ""type"": ""handwritten"", ""text"": ""генератори, а ще — нишпорити""}, {""bbox"": [674, 4856, 4882, 5473], ""type"": ""handwritten"", ""text"": ""вечорами в міжʼярʼї ботсаду,""}, {""bbox"": [650, 5140, 4327, 5561], ""type"": ""handwritten"", ""text"": ""бо на перший урок треба""}, {""bbox"": [658, 5400, 3717, 5787], ""type"": ""handwritten"", ""text"": ""принести каштанів.""}, {""bbox"": [1060, 5638, 4870, 6070], ""type"": ""handwritten"", ""text"": ""реба любити свій дім, навіть""}, {""bbox"": [574, 5933, 4637, 6332], ""type"": ""handwritten"", ""text"": ""якщо він тимчасовий і далеко""}, {""bbox"": [560, 6202, 4786, 6641], ""type"": ""handwritten"", ""text"": ""від справжнього дому — того, що""}, {""bbox"": [562, 6496, 4712, 6913], ""type"": ""handwritten"", ""text"": ""в серці. Треба здавати кров, і""}, {""bbox"": [579, 6750, 4912, 7218], ""type"": ""handwritten"", ""text"": ""може, з нею ще в чиємусь серці""}]"
2a9a0fa6-30af-45d8-8fde-8eccfda9af19.jpg,"[{""bbox"": [1001, 42, 1569, 182], ""type"": ""handwritten"", ""text"": ""Треба жити""}, {""bbox"": [344, 156, 2643, 359], ""type"": ""handwritten"", ""text"": ""Жити треба цікаво: читати книжки, ходити в театр,""}, {""bbox"": [115, 325, 1298, 498], ""type"": ""handwritten"", ""text"": ""дресирувать пса Патрона""}, {""bbox"": [320, 471, 2745, 693], ""type"": ""handwritten"", ""text"": ""Треба жити! Не впівсили, не трошки, не завтра, не після.""}, {""bbox"": [92, 638, 2653, 877], ""type"": ""handwritten"", ""text"": ""По-справжньому! Зараз! Треба гладити котів, збирати гриби,""}, {""bbox"": [93, 782, 2410, 994], ""type"": ""handwritten"", ""text"": ""везти цуценят із фронту на \""інтерсіті\"", робити ремонт""}, {""bbox"": [97, 910, 2700, 1122], ""type"": ""handwritten"", ""text"": ""і приносити щастя тим, кого любимо. Треба купувати сукні""}, {""bbox"": [71, 1019, 2447, 1223], ""type"": ""handwritten"", ""text"": ""з лелітками і донатити на військо, вишукувати РЕБи""}, {""bbox"": [53, 1130, 2743, 1354], ""type"": ""handwritten"", ""text"": ""і генератори, а ще — нишпорити вечорами в міжʼярʼї ботсаду,""}, {""bbox"": [36, 1226, 2063, 1437], ""type"": ""handwritten"", ""text"": ""бо на перший урок треба принести каштанів.""}, {""bbox"": [276, 1356, 2665, 1585], ""type"": ""handwritten"", ""text"": ""Треба любити свій дім, навіть якщо він тимчасовий і далеко""}, {""bbox"": [58, 1461, 2657, 1717], ""type"": ""handwritten"", ""text"": ""від справжнього дому — того, що в серці. Треба здавати кров, і""}, {""bbox"": [62, 1580, 2456, 1832], ""type"": ""handwritten"", ""text"": ""ще в чиємусь серці поселиться любов до слів: \""допіру\"",""}, {""bbox"": [66, 1706, 962, 1848], ""type"": ""handwritten"", ""text"": ""\""пітятко\"" чи \""кияхи\"".""}, {""bbox"": [277, 1800, 2735, 2075], ""type"": ""handwritten"", ""text"": "", коли випадає нагода, і казати те, що на ду""}, {""bbox"": [32, 2027, 2599, 2296], ""type"": ""handwritten"", ""text"": ""пальці. Справжнім виявилось тільки те, за що не можна схопитись""}, {""bbox"": [46, 2156, 1275, 2309], ""type"": ""handwritten"", ""text"": ""руками: спогади, сміх і любов.""}, {""bbox"": [201, 2237, 2546, 2489], ""type"": ""handwritten"", ""text"": ""Ще треба плакати, коли можеться. За все те, що ніколи""}, {""bbox"": [24, 2344, 2449, 2602], ""type"": ""handwritten"", ""text"": ""не мало з нами статися. За те, що ми не тільки знаємо, як""}, {""bbox"": [35, 2412, 2726, 2728], ""type"": ""handwritten"", ""text"": ""пишеться \""далекобійний дрон\"" або \""балістична ракета\"", а й розрізняє""}, {""bbox"": [121, 2577, 764, 2694], ""type"": ""handwritten"", ""text"": ""ємо їх на слух.""}, {""bbox"": [206, 2653, 2578, 2902], ""type"": ""handwritten"", ""text"": ""Росіяни хочуть, щоб ми стали схожими на них: скніли""}, {""bbox"": [37, 2778, 2502, 3023], ""type"": ""handwritten"", ""text"": ""у вічній гризоті. А ми будемо жити цікаво — всупереч історії""}, {""bbox"": [42, 2900, 2343, 3147], ""type"": ""handwritten"", ""text"": ""і заради тих, хто після нас говоритиме нашою мовою.""}]"
01e7254a-cda3-4e9f-82ae-f0db5e3ec0a3.jpg,"[{""bbox"": [157, 135, 2505, 366], ""type"": ""handwritten"", ""text"": ""крихке, життя тікає крізь пальці.""}, {""bbox"": [172, 296, 2683, 546], ""type"": ""handwritten"", ""text"": ""Справжнім виявилось тільки те, за що""}, {""bbox"": [192, 460, 2685, 695], ""type"": ""handwritten"", ""text"": ""не можна схопитись руками: спогади,""}, {""bbox"": [162, 619, 1031, 774], ""type"": ""handwritten"", ""text"": ""сміх і любов.""}, {""bbox"": [254, 757, 2676, 978], ""type"": ""handwritten"", ""text"": ""Ще треба плакати, коли можеться.""}, {""bbox"": [181, 898, 2711, 1128], ""type"": ""handwritten"", ""text"": ""За все те, що ніколи не мало з нами""}, {""bbox"": [140, 1057, 2398, 1259], ""type"": ""handwritten"", ""text"": ""статися. За те, що ми не тільки""}, {""bbox"": [136, 1193, 2729, 1422], ""type"": ""handwritten"", ""text"": ""знаємо, як пишеться \""далекобійний дрон""}, {""bbox"": [125, 1348, 2722, 1564], ""type"": ""handwritten"", ""text"": ""або \""балістична ракета\"", а й розрізняємо""}, {""bbox"": [134, 1498, 939, 1690], ""type"": ""handwritten"", ""text"": ""їх на слух.""}, {""bbox"": [237, 1626, 2735, 1862], ""type"": ""handwritten"", ""text"": ""Росіяни хочуть, щоб ми стали схожим""}, {""bbox"": [105, 1797, 2560, 2002], ""type"": ""handwritten"", ""text"": ""ми на них: скніли у вічній гризоті.""}, {""bbox"": [108, 1940, 2518, 2144], ""type"": ""handwritten"", ""text"": ""А ми будемо жити цікаво — всупереч""}, {""bbox"": [112, 2087, 2579, 2299], ""type"": ""handwritten"", ""text"": ""історії і заради тих, хто після нас""}, {""bbox"": [112, 2242, 1920, 2443], ""type"": ""handwritten"", ""text"": ""говоритиме нашою мово""}]"
e6523c4f-32ab-4b30-a2e9-3e73b3a33eb1.jpg,"[{""bbox"": [416, 5, 915, 98], ""type"": ""handwritten"", ""text"": ""Треба жити!""}, {""bbox"": [125, 90, 1627, 207], ""type"": ""handwritten"", ""text"": ""Жити треба цікаво: читати книжки, ходити в""}, {""bbox"": [51, 164, 1100, 256], ""type"": ""handwritten"", ""text"": ""театр, дресирувать пса Патрона…""}, {""bbox"": [117, 221, 1652, 332], ""type"": ""handwritten"", ""text"": ""Треба жити! Не впівсили, не трошки, не завтра,""}, {""bbox"": [49, 290, 1563, 393], ""type"": ""handwritten"", ""text"": ""не після. По-справжньому! Зараз! Треба гладити""}, {""bbox"": [55, 354, 1628, 460], ""type"": ""handwritten"", ""text"": ""котів, збирати гриби, везти цуценят із фронту""}, {""bbox"": [55, 418, 1653, 521], ""type"": ""handwritten"", ""text"": ""на \""інтерсіті\"", робити ремонт і приносити щастя""}, {""bbox"": [56, 476, 1644, 578], ""type"": ""handwritten"", ""text"": ""тим, кого любимо. Треба купувати сукні з леліткам""}, {""bbox"": [52, 535, 1625, 639], ""type"": ""handwritten"", ""text"": ""ми і донатити на військо, вишукувати РЕБи""}, {""bbox"": [55, 588, 1658, 704], ""type"": ""handwritten"", ""text"": ""і генератори, а ще — нишпорити вечорами в міжʼя""}, {""bbox"": [48, 648, 1620, 765], ""type"": ""handwritten"", ""text"": ""рʼї ботсаду, бо на перший урок треба принести""}, {""bbox"": [62, 703, 395, 775], ""type"": ""handwritten"", ""text"": ""каштанів.""}, {""bbox"": [133, 755, 1644, 875], ""type"": ""handwritten"", ""text"": ""Треба любити свій дім, навіть якщо він тимч""}, {""bbox"": [39, 832, 1631, 940], ""type"": ""handwritten"", ""text"": ""часовий і долеко від справжнього даму, тога, що о серці.""}, {""bbox"": [37, 889, 1582, 1005], ""type"": ""handwritten"", ""text"": ""Треба здавати кров, і, може, з нею ще в чиємусь""}, {""bbox"": [38, 948, 1545, 1078], ""type"": ""handwritten"", ""text"": ""серці поселиться любов до слів: \""допіру\"", \""пітятко""}, {""bbox"": [63, 997, 393, 1068], ""type"": ""handwritten"", ""text"": ""чи кияхи.""}, {""bbox"": [148, 1050, 1537, 1182], ""type"": ""handwritten"", ""text"": ""Треба цілуватися, коли випадає нагода, і""}, {""bbox"": [38, 1115, 1547, 1253], ""type"": ""handwritten"", ""text"": ""казати те, що на думці. Немає часу на пів""}, {""bbox"": [41, 1176, 1629, 1329], ""type"": ""handwritten"", ""text"": ""тони. Матеріальне — крихке, життя тікає крізь""}, {""bbox"": [42, 1237, 1600, 1392], ""type"": ""handwritten"", ""text"": ""пальці. Справжнім виявилось тільки те, за що""}, {""bbox"": [29, 1315, 1550, 1470], ""type"": ""handwritten"", ""text"": ""питись руками: спогади, сміх і""}, {""bbox"": [55, 1364, 244, 1427], ""type"": ""handwritten"", ""text"": ""любов.""}, {""bbox"": [147, 1409, 1591, 1545], ""type"": ""handwritten"", ""text"": ""Ще треба плакати, коли можеться. За все те,""}, {""bbox"": [43, 1481, 1554, 1605], ""type"": ""handwritten"", ""text"": ""що ніколи не мало з нами статися. За те,""}, {""bbox"": [54, 1545, 1642, 1680], ""type"": ""handwritten"", ""text"": ""що ми не тільки знаємо, як пишеться \""далекоб""}, {""bbox"": [54, 1597, 1658, 1743], ""type"": ""handwritten"", ""text"": ""бійний дрон\"" або \""балістична ракета\"", а й розрізняємо""}, {""bbox"": [40, 1667, 411, 1742], ""type"": ""handwritten"", ""text"": ""їх на слух.""}, {""bbox"": [149, 1719, 1648, 1842], ""type"": ""handwritten"", ""text"": ""Росіяни хочуть, щоб ми стали схожими на""}, {""bbox"": [53, 1782, 1644, 1903], ""type"": ""handwritten"", ""text"": ""них: скніли у вічній гризоті. А ми будемо""}, {""bbox"": [57, 1851, 1551, 1970], ""type"": ""handwritten"", ""text"": ""жити цікаво — всупереч історії і заради тих,""}, {""bbox"": [54, 1912, 1479, 2035], ""type"": ""handwritten"", ""text"": ""хто після нас говоритиме нашою мовою.""}]"
5c27cedd-96c8-460d-bb51-ec0343a510f6.jpg,"[{""bbox"": [446, 7, 864, 99], ""type"": ""handwritten"", ""text"": ""Треба жити!""}, {""bbox"": [104, 73, 1503, 181], ""type"": ""handwritten"", ""text"": ""Жити треба цікаво: читати книжки, ходити в театр,""}, {""bbox"": [38, 164, 724, 250], ""type"": ""handwritten"", ""text"": ""дресирувать пса Патрона…""}, {""bbox"": [103, 224, 1518, 324], ""type"": ""handwritten"", ""text"": ""Треба жити! Не впівсили, не трошки, не завтра,""}, {""bbox"": [37, 295, 1528, 398], ""type"": ""handwritten"", ""text"": ""не після. По-справжньому! Зараз! Треба гладити котів,""}, {""bbox"": [38, 361, 1616, 469], ""type"": ""handwritten"", ""text"": ""збирати гриби, везти цуценят із фронту на \""інтерсіті\"",""}, {""bbox"": [44, 434, 1557, 536], ""type"": ""handwritten"", ""text"": ""робити ремонт і приносити щастя тим, кого любимо.""}, {""bbox"": [58, 507, 1503, 602], ""type"": ""handwritten"", ""text"": ""Треба купувати сукні з лелітками і донатити на""}, {""bbox"": [63, 568, 1638, 671], ""type"": ""handwritten"", ""text"": ""військо, вишукувати РЕБи і генератори, а ще — нишпорити""}, {""bbox"": [61, 639, 1539, 740], ""type"": ""handwritten"", ""text"": ""вечорами в міжʼярʼї ботсаду, бо на перший урок треба""}, {""bbox"": [58, 705, 1527, 812], ""type"": ""handwritten"", ""text"": ""принести каштанів. Треба любити свій дім, навіть""}, {""bbox"": [53, 767, 1540, 881], ""type"": ""handwritten"", ""text"": ""якщо він тимчасовий і далеко від справжнього дому —""}, {""bbox"": [54, 830, 1568, 937], ""type"": ""handwritten"", ""text"": ""того, що в серці. Треба здавати кров, і, може, з нею""}, {""bbox"": [47, 891, 1554, 993], ""type"": ""handwritten"", ""text"": ""ще в чиємусь серці поселиться любов до слів: \""допіру\"",""}, {""bbox"": [53, 962, 642, 1036], ""type"": ""handwritten"", ""text"": ""\""пітятко\"" чи \""кияхи\""""}, {""bbox"": [152, 1011, 1588, 1126], ""type"": ""handwritten"", ""text"": ""Треба цілуватися, коли випадає нагода, і казати те""}, {""bbox"": [41, 1084, 1597, 1192], ""type"": ""handwritten"", ""text"": ""що на думці. Немає часу на півтони. Матеріальне —""}, {""bbox"": [49, 1149, 1615, 1253], ""type"": ""handwritten"", ""text"": ""крихке, життя тікає крізь пальці. Справжнім виявилось""}, {""bbox"": [54, 1214, 1529, 1315], ""type"": ""handwritten"", ""text"": ""тільки те, за що не можна схопитись руками:""}, {""bbox"": [68, 1277, 668, 1354], ""type"": ""handwritten"", ""text"": ""спогади, сміх і любов.""}, {""bbox"": [126, 1331, 1515, 1433], ""type"": ""handwritten"", ""text"": ""Ще треба плакати, коли можеться. За все те, що""}, {""bbox"": [48, 1402, 1508, 1500], ""type"": ""handwritten"", ""text"": ""ніколи не мало з нами статися. За те, що ми не""}, {""bbox"": [48, 1465, 1578, 1566], ""type"": ""handwritten"", ""text"": ""тільки знаємо, як пишеться \""далекобійний""}, {""bbox"": [44, 1530, 1527, 1639], ""type"": ""handwritten"", ""text"": ""дрон\"" або \""балістична ракета\"", а й розрізняємо їх на""}, {""bbox"": [58, 1633, 168, 1701], ""type"": ""handwritten"", ""text"": ""слух.""}, {""bbox"": [115, 1673, 1523, 1781], ""type"": ""handwritten"", ""text"": ""Росіяни хочуть, щоб ми стали схожими на них:""}, {""bbox"": [50, 1743, 1444, 1842], ""type"": ""handwritten"", ""text"": ""скніли у вічній гризоті. А ми будемо жити цікаво —""}, {""bbox"": [50, 1797, 1565, 1920], ""type"": ""handwritten"", ""text"": ""всупереч історії і заради тих, хто після нас говоритиме""}, {""bbox"": [64, 1868, 464, 1948], ""type"": ""handwritten"", ""text"": ""нашою мовою.""}]"
1300b172-ae72-4b09-aa11-17200a26119a.jpg,"[{""bbox"": [464, 70, 1219, 217], ""type"": ""handwritten"", ""text"": ""Диктант""}, {""bbox"": [360, 207, 1296, 359], ""type"": ""handwritten"", ""text"": ""реба жити""}, {""bbox"": [187, 340, 1594, 515], ""type"": ""handwritten"", ""text"": ""Жити треба цікаво:""}, {""bbox"": [58, 479, 1716, 638], ""type"": ""handwritten"", ""text"": ""читати книжки, ходити""}, {""bbox"": [53, 601, 1659, 756], ""type"": ""handwritten"", ""text"": ""в театр, дресирувать пса""}, {""bbox"": [55, 717, 1672, 882], ""type"": ""handwritten"", ""text"": ""Патрона… Треба жити!""}, {""bbox"": [65, 846, 1697, 1017], ""type"": ""handwritten"", ""text"": ""Не впівсили, не трошк""}, {""bbox"": [67, 981, 1367, 1137], ""type"": ""handwritten"", ""text"": ""ки, не завтра, не""}, {""bbox"": [66, 1102, 1563, 1261], ""type"": ""handwritten"", ""text"": ""після. По-справжньому!""}, {""bbox"": [82, 1225, 1573, 1387], ""type"": ""handwritten"", ""text"": ""Зараз! Треба гладити""}, {""bbox"": [74, 1351, 1614, 1517], ""type"": ""handwritten"", ""text"": ""котів, збирати гриби,""}, {""bbox"": [87, 1476, 1340, 1637], ""type"": ""handwritten"", ""text"": ""везти цуценят із""}, {""bbox"": [59, 1597, 1590, 1772], ""type"": ""handwritten"", ""text"": ""фронту на \""інтерсіті\"",""}, {""bbox"": [43, 1726, 1647, 1893], ""type"": ""handwritten"", ""text"": ""робити ремонт і прин""}, {""bbox"": [50, 1852, 1477, 2004], ""type"": ""handwritten"", ""text"": ""носити щастя тим,""}, {""bbox"": [46, 1967, 1607, 2138], ""type"": ""handwritten"", ""text"": ""кого любимо. Треба куп""}, {""bbox"": [44, 2083, 1576, 2265], ""type"": ""handwritten"", ""text"": ""пувати сукні з лелітк""}, {""bbox"": [58, 2214, 1473, 2394], ""type"": ""handwritten"", ""text"": ""ами і донатити на""}, {""bbox"": [46, 2332, 1428, 2486], ""type"": ""handwritten"", ""text"": ""військо, вишукувати""}, {""bbox"": [48, 2439, 1561, 2610], ""type"": ""handwritten"", ""text"": ""РЕБи і генератори, а""}]"
4c6edec1-59be-405c-a28b-759a52e9788f.jpg,"[{""bbox"": [580, 315, 769, 374], ""type"": ""annotation"", ""text"": ""27.10.25 р.""}, {""bbox"": [283, 409, 497, 463], ""type"": ""handwritten"", ""text"": ""Диктант""}, {""bbox"": [269, 442, 628, 528], ""type"": ""handwritten"", ""text"": ""реба жити!""}, {""bbox"": [127, 513, 777, 586], ""type"": ""handwritten"", ""text"": ""Жити треба цікаво: читати""}, {""bbox"": [67, 563, 817, 635], ""type"": ""handwritten"", ""text"": ""книжки, ходити в театр, дресируват""}, {""bbox"": [64, 621, 437, 671], ""type"": ""handwritten"", ""text"": ""ть пса Патрона…""}, {""bbox"": [127, 654, 760, 719], ""type"": ""handwritten"", ""text"": ""Треба жити! Не впівсили, не""}, {""bbox"": [64, 704, 735, 764], ""type"": ""handwritten"", ""text"": ""трошки, не завтра, не після.""}, {""bbox"": [63, 738, 815, 807], ""type"": ""handwritten"", ""text"": ""По-справжньому! Зараз! Треба глад""}, {""bbox"": [56, 789, 753, 849], ""type"": ""handwritten"", ""text"": ""дити котів, збирати гриби, везти""}, {""bbox"": [59, 827, 790, 889], ""type"": ""handwritten"", ""text"": ""цуценят із фронту на \""інтерсіті\"",""}, {""bbox"": [56, 866, 799, 926], ""type"": ""handwritten"", ""text"": ""робити ремонт і приносити щастя""}, {""bbox"": [56, 902, 812, 967], ""type"": ""handwritten"", ""text"": ""тим, кого любимо. Треба купувати""}, {""bbox"": [57, 942, 782, 999], ""type"": ""handwritten"", ""text"": ""сухні з лілетками і [illegible]""}, {""bbox"": [55, 971, 846, 1038], ""type"": ""handwritten"", ""text"": ""військо, вишукувати РЕБи і генератори,""}, {""bbox"": [51, 1018, 816, 1080], ""type"": ""handwritten"", ""text"": ""а ще — нишпорити вечорами в міжʼярʼї""}, {""bbox"": [52, 1056, 755, 1120], ""type"": ""handwritten"", ""text"": ""ботсаду, бо на перший урок треба""}, {""bbox"": [51, 1098, 441, 1143], ""type"": ""handwritten"", ""text"": ""принести каштанів.""}, {""bbox"": [110, 1119, 821, 1182], ""type"": ""handwritten"", ""text"": ""Треба любити свій дім, навіть якщо""}, {""bbox"": [36, 1160, 830, 1221], ""type"": ""handwritten"", ""text"": ""він тимчасовий і далеко від справжнього""}, {""bbox"": [38, 1199, 844, 1264], ""type"": ""handwritten"", ""text"": ""дому — того, що в серці. Треба здавати""}, {""bbox"": [38, 1242, 847, 1310], ""type"": ""handwritten"", ""text"": ""кров, і, може, з нею ще в чиємусь серці""}, {""bbox"": [36, 1283, 852, 1349], ""type"": ""handwritten"", ""text"": ""поселиться любов до слів: \""допіру\"", \""пітятко""}, {""bbox"": [37, 1320, 222, 1361], ""type"": ""handwritten"", ""text"": ""чи \""кияхи\"".""}, {""bbox"": [104, 1352, 759, 1412], ""type"": ""handwritten"", ""text"": ""Треба цілуватися, коли випадає""}, {""bbox"": [33, 1382, 857, 1454], ""type"": ""handwritten"", ""text"": ""нагода, і казати те, що на думці. Немає""}, {""bbox"": [32, 1417, 854, 1493], ""type"": ""handwritten"", ""text"": ""часу на півтони. Матеріальне — крих""}]"
3db56843-9ebc-4f59-b882-266e02182e6e.jpg,"[{""bbox"": [833, 182, 1742, 395], ""type"": ""handwritten"", ""text"": ""Треба жити!""}, {""bbox"": [580, 432, 2363, 659], ""type"": ""handwritten"", ""text"": ""Жити треба цікаво: читати""}, {""bbox"": [305, 615, 2409, 846], ""type"": ""handwritten"", ""text"": ""книжки, ходити в театр, дресирувать""}, {""bbox"": [328, 800, 1173, 972], ""type"": ""handwritten"", ""text"": ""пса Патрона…""}, {""bbox"": [529, 941, 2400, 1164], ""type"": ""handwritten"", ""text"": ""Треба жити! Не впівсили, не""}, {""bbox"": [284, 1125, 2269, 1346], ""type"": ""handwritten"", ""text"": ""трошки, не завтра, не після. По-""}, {""bbox"": [281, 1298, 2393, 1531], ""type"": ""handwritten"", ""text"": ""справжньому! Зараз! Треба гладити""}, {""bbox"": [262, 1468, 2450, 1705], ""type"": ""handwritten"", ""text"": ""котів, збирати гриби, везти цуценят""}, {""bbox"": [243, 1661, 2403, 1884], ""type"": ""handwritten"", ""text"": ""із фронту на \""інтерсіті\"", робити""}, {""bbox"": [231, 1844, 2426, 2062], ""type"": ""handwritten"", ""text"": ""ремонт і приносити щастя тим,""}, {""bbox"": [225, 2020, 2398, 2247], ""type"": ""handwritten"", ""text"": ""кого любимо. Треба купувати сукні""}, {""bbox"": [208, 2204, 2353, 2414], ""type"": ""handwritten"", ""text"": ""лелітками і донатити на військо,""}, {""bbox"": [198, 2377, 2310, 2617], ""type"": ""handwritten"", ""text"": ""вишукувати РЕБи і генератори,""}, {""bbox"": [179, 2573, 2287, 2809], ""type"": ""handwritten"", ""text"": ""а ще — нишпорити вечорами в""}, {""bbox"": [156, 2774, 2304, 3014], ""type"": ""handwritten"", ""text"": ""міжʼярʼї ботсаду, бо на перший""}, {""bbox"": [153, 2972, 2311, 3204], ""type"": ""handwritten"", ""text"": ""урок треба принести каштанів.""}, {""bbox"": [336, 3154, 2454, 3394], ""type"": ""handwritten"", ""text"": ""Треба любити свій дім, навіть""}, {""bbox"": [167, 3347, 2212, 3594], ""type"": ""handwritten"", ""text"": ""якщо він тимчасовий і далеко від""}, {""bbox"": [142, 3543, 2262, 3827], ""type"": ""handwritten"", ""text"": ""справжнього дому — того, що в серці""}]"
c1ee7ed2-5e86-46d1-a69a-6d7f53c8cffb.jpg,"[{""bbox"": [358, 442, 2566, 735], ""type"": ""annotation"", ""text"": ""Радіодиктант національної єдності""}, {""bbox"": [1074, 623, 2049, 780], ""type"": ""annotation"", ""text"": ""Треба жити!""}, {""bbox"": [391, 737, 2722, 945], ""type"": ""annotation"", ""text"": ""Жити требі цікаво: читати кни-""}, {""bbox"": [202, 892, 2531, 1122], ""type"": ""annotation"", ""text"": ""жки, ходити в театр, дресирувать,""}, {""bbox"": [188, 1051, 1167, 1204], ""type"": ""annotation"", ""text"": ""пса Патрона...""}, {""bbox"": [359, 1130, 2756, 1374], ""type"": ""annotation"", ""text"": ""Преба жити! Не в півсили, не тро-""}, {""bbox"": [218, 1300, 2739, 1552], ""type"": ""annotation"", ""text"": ""шки, не завтра, Не після. По-справжньо-""}, {""bbox"": [188, 1431, 2670, 1656], ""type"": ""annotation"", ""text"": ""му! Зараз! Преба гладити котів, зби-""}, {""bbox"": [140, 1572, 2768, 1840], ""type"": ""annotation"", ""text"": ""рати гриби, везти щущенят із фрон-""}, {""bbox"": [155, 1736, 2769, 1938], ""type"": ""annotation"", ""text"": ""ту на „Інтерсіті“, робити ремант і при-""}, {""bbox"": [149, 1889, 2560, 2083], ""type"": ""annotation"", ""text"": ""носити щастя тим, кого любилю.""}, {""bbox"": [125, 2030, 2721, 2243], ""type"": ""annotation"", ""text"": ""Преба купувати сукні з лелітками і""}, {""bbox"": [167, 2146, 2762, 2371], ""type"": ""annotation"", ""text"": ""донатити на військо, вимукувать РЕБЙ""}, {""bbox"": [161, 2316, 2777, 2521], ""type"": ""annotation"", ""text"": ""і генератори, а ще - нимпормти ве-""}, {""bbox"": [155, 2451, 2779, 2671], ""type"": ""annotation"", ""text"": ""хорами в між'яг\"" і Ботсаду, бо на пе-""}, {""bbox"": [119, 2611, 2800, 2830], ""type"": ""annotation"", ""text"": ""риший урок треда принесті каштанів.""}, {""bbox"": [427, 2741, 2766, 2962], ""type"": ""annotation"", ""text"": ""Треба любити свій дім, навїть як-""}, {""bbox"": [141, 2900, 2796, 3124], ""type"": ""annotation"", ""text"": ""що він тимчасовий і далеко Від спра-""}, {""bbox"": [155, 3055, 2784, 3286], ""type"": ""annotation"", ""text"": ""веснього дому - тогога, що в серці. Трехі""}, {""bbox"": [161, 3204, 2768, 3435], ""type"": ""annotation"", ""text"": ""здавати крів, і, люже, з нею міде в чи-""}, {""bbox"": [146, 3351, 2669, 3612], ""type"": ""annotation"", ""text"": ""ємусь серщі поселиться любов до слів""}, {""bbox"": [129, 3512, 2506, 3742], ""type"": ""annotation"", ""text"": ""\""допіру\"", пѣтко\"" чи „кляхи“.""}, {""bbox"": [381, 3647, 2691, 3939], ""type"": ""annotation"", ""text"": ""Преба цілуватися, коли вигадає""}]"
0de7d55f-9c74-452d-b277-daac64fcead5.jpg,"[{""bbox"": [632, 42, 2208, 209], ""type"": ""handwritten"", ""text"": ""Двадцять сьоме жовтня""}, {""bbox"": [630, 177, 2447, 356], ""type"": ""handwritten"", ""text"": ""Всеукраїнський радіодиктант""}, {""bbox"": [889, 316, 1891, 475], ""type"": ""handwritten"", ""text"": ""еба жити!""}, {""bbox"": [617, 438, 2627, 610], ""type"": ""handwritten"", ""text"": ""Жити треба цікаво: читати книжки,""}, {""bbox"": [528, 568, 2421, 769], ""type"": ""handwritten"", ""text"": ""дресирувать пса Патрона…""}, {""bbox"": [631, 710, 2515, 899], ""type"": ""handwritten"", ""text"": ""Треба жити! Не впівсили, не""}, {""bbox"": [515, 857, 2550, 1044], ""type"": ""handwritten"", ""text"": ""трошки, не завтра, не після. По-""}, {""bbox"": [515, 993, 2629, 1188], ""type"": ""handwritten"", ""text"": ""справжньому! Зараз! Треба""}, {""bbox"": [513, 1139, 2549, 1330], ""type"": ""handwritten"", ""text"": ""гладити котів, збирати гриби,""}, {""bbox"": [510, 1290, 2403, 1464], ""type"": ""handwritten"", ""text"": ""везти цуценят із фронту на""}, {""bbox"": [472, 1427, 2429, 1618], ""type"": ""handwritten"", ""text"": ""\""інтерсіті\"", робити ремонт і""}, {""bbox"": [516, 1578, 2418, 1757], ""type"": ""handwritten"", ""text"": ""приносити щастя тим, кого""}, {""bbox"": [519, 1719, 2356, 1911], ""type"": ""handwritten"", ""text"": ""любимо. Треба купувати""}, {""bbox"": [532, 1873, 2661, 2082], ""type"": ""handwritten"", ""text"": ""сукні з лелітками і д""}, {""bbox"": [515, 2031, 2646, 2225], ""type"": ""handwritten"", ""text"": ""чити щасте тим, кого любимо.""}, {""bbox"": [507, 2173, 2665, 2384], ""type"": ""handwritten"", ""text"": ""донатити на військо, вишук""}, {""bbox"": [506, 2332, 2678, 2540], ""type"": ""handwritten"", ""text"": ""кувати РЕБи і генератори, а ще""}, {""bbox"": [501, 2495, 2718, 2695], ""type"": ""handwritten"", ""text"": ""нишпорити вечорами в міжʼ""}, {""bbox"": [483, 2654, 2550, 2897], ""type"": ""handwritten"", ""text"": ""ярʼї ботсаду, бо на перший""}]"
1341c5bc-0e6e-4830-8634-a10e0228de71.jpg,"[{""bbox"": [788, 146, 1723, 303], ""type"": ""handwritten"", ""text"": ""Треба жити!""}, {""bbox"": [710, 296, 2191, 439], ""type"": ""handwritten"", ""text"": ""Жити треба цікаво: читати""}, {""bbox"": [524, 393, 2394, 550], ""type"": ""handwritten"", ""text"": ""книжки, ходити в театр, дресирув""}, {""bbox"": [535, 526, 1553, 638], ""type"": ""handwritten"", ""text"": ""вать пса Патрона…""}, {""bbox"": [691, 604, 2408, 734], ""type"": ""handwritten"", ""text"": ""Треба жити! Не впівсили, не трошк""}, {""bbox"": [544, 708, 2455, 844], ""type"": ""handwritten"", ""text"": ""ки, не завтра, не після. По-справжньом""}, {""bbox"": [559, 812, 2293, 957], ""type"": ""handwritten"", ""text"": ""му! Зараз! Треба гладити котів,""}, {""bbox"": [538, 917, 2388, 1058], ""type"": ""handwritten"", ""text"": ""збирати гриби, везти цуценят із""}, {""bbox"": [543, 1016, 2378, 1164], ""type"": ""handwritten"", ""text"": ""фронту на \""інтерсіті\"", робити рем""}, {""bbox"": [551, 1136, 2369, 1263], ""type"": ""handwritten"", ""text"": ""монт і приносити щастя тим,""}, {""bbox"": [554, 1237, 2457, 1373], ""type"": ""handwritten"", ""text"": ""кого любимо. Треба купувати сукн""}, {""bbox"": [554, 1352, 2376, 1479], ""type"": ""handwritten"", ""text"": ""ні з лелітками і донатити на""}, {""bbox"": [553, 1450, 2424, 1587], ""type"": ""handwritten"", ""text"": ""військо, вишукувати РЕБи і генер""}, {""bbox"": [544, 1552, 2492, 1692], ""type"": ""handwritten"", ""text"": ""ратори, а ще — нишпорити вечорами""}, {""bbox"": [542, 1674, 2372, 1809], ""type"": ""handwritten"", ""text"": ""в міжʼярʼї ботсаду, бо на перший""}, {""bbox"": [543, 1792, 2374, 1909], ""type"": ""handwritten"", ""text"": ""урок треба принести каштанів.""}, {""bbox"": [665, 1897, 2489, 2032], ""type"": ""handwritten"", ""text"": ""Треба любити свій дім, навіть""}, {""bbox"": [553, 2005, 2481, 2141], ""type"": ""handwritten"", ""text"": ""якщо він тимчасовий і далеко від""}, {""bbox"": [539, 2137, 2509, 2266], ""type"": ""handwritten"", ""text"": ""справжнього дому — того, що в серц""}, {""bbox"": [536, 2250, 2490, 2378], ""type"": ""handwritten"", ""text"": ""ці. Треба здавати кров, і, може,""}, {""bbox"": [516, 2356, 2579, 2507], ""type"": ""handwritten"", ""text"": ""з нею ще в чиємусь серці поселиться""}, {""bbox"": [518, 2483, 2579, 2629], ""type"": ""handwritten"", ""text"": ""любов до слів: \""допіру\"", \""пітятко\""""}, {""bbox"": [511, 2620, 1017, 2750], ""type"": ""handwritten"", ""text"": ""\""кияхи\""""}, {""bbox"": [676, 2738, 2580, 2880], ""type"": ""handwritten"", ""text"": ""Треба цілуватися, коли випадає""}, {""bbox"": [514, 2869, 2500, 3004], ""type"": ""handwritten"", ""text"": ""нагода, і казати те, що на думці.""}, {""bbox"": [511, 2984, 2570, 3128], ""type"": ""handwritten"", ""text"": ""Немає часу на півтони. Матеріальн""}, {""bbox"": [510, 3118, 2473, 3256], ""type"": ""handwritten"", ""text"": ""не — крихке, життя тікає крізь""}, {""bbox"": [504, 3236, 2349, 3389], ""type"": ""handwritten"", ""text"": ""пальці. Справжнім виявилось""}]"
84226802-42a8-44da-adaf-4e13ed2e4e6f.jpg,"[{""bbox"": [969, 1, 2136, 204], ""type"": ""handwritten"", ""text"": ""Треба жити!""}, {""bbox"": [417, 136, 2529, 386], ""type"": ""handwritten"", ""text"": ""Жити треба цікаво: читати""}, {""bbox"": [141, 308, 2614, 544], ""type"": ""handwritten"", ""text"": ""книжки, ходити в театр, дресирувать""}, {""bbox"": [196, 480, 1169, 666], ""type"": ""handwritten"", ""text"": ""пса Патрона…""}, {""bbox"": [365, 575, 2888, 823], ""type"": ""handwritten"", ""text"": ""Треба жити! Не впівсили, не трошки,""}, {""bbox"": [193, 776, 2881, 1027], ""type"": ""handwritten"", ""text"": ""не завтра, не після. По-справжньому! Зараз!""}, {""bbox"": [159, 988, 2686, 1235], ""type"": ""handwritten"", ""text"": ""Треба гладити котів, збирати гриби,""}, {""bbox"": [228, 1178, 2867, 1426], ""type"": ""handwritten"", ""text"": ""везти цуценят із фронту на \""інтерсіті\"",""}, {""bbox"": [189, 1363, 2734, 1583], ""type"": ""handwritten"", ""text"": ""робити ремонт і приносити щастя""}, {""bbox"": [219, 1527, 2757, 1739], ""type"": ""handwritten"", ""text"": ""тим, кого любимо. Треба купувати""}, {""bbox"": [217, 1688, 2569, 1899], ""type"": ""handwritten"", ""text"": ""сукні з лелітками і донатити на""}, {""bbox"": [251, 1836, 2859, 2066], ""type"": ""handwritten"", ""text"": ""військо, вишукувати РЕБи і генератори""}, {""bbox"": [224, 2002, 2716, 2236], ""type"": ""handwritten"", ""text"": ""а ще — нишпорити вечорами в""}, {""bbox"": [237, 2158, 2705, 2376], ""type"": ""handwritten"", ""text"": ""в міжʼярʼї ботсаду, бо на перший урок""}, {""bbox"": [248, 2300, 2589, 2543], ""type"": ""handwritten"", ""text"": ""треба принести каштанів. Треба""}, {""bbox"": [249, 2477, 2400, 2684], ""type"": ""handwritten"", ""text"": ""любити свій дім, навіть якщо він""}, {""bbox"": [245, 2622, 2644, 2842], ""type"": ""handwritten"", ""text"": ""тимчасовий і далеко від справжнього""}, {""bbox"": [212, 2789, 1796, 2978], ""type"": ""handwritten"", ""text"": ""дому — того, що в серці.""}, {""bbox"": [405, 2922, 2454, 3144], ""type"": ""handwritten"", ""text"": ""Треба здавати кров, і, може""}, {""bbox"": [206, 3072, 2805, 3308], ""type"": ""handwritten"", ""text"": ""з нею ще в чиємусь серці поселиться""}, {""bbox"": [261, 3230, 2628, 3471], ""type"": ""handwritten"", ""text"": ""любов до слів: \""допіру\"", \""пітятко\""""}, {""bbox"": [254, 3399, 2651, 3608], ""type"": ""handwritten"", ""text"": ""чи \""кияхи\"". Треба цілуватися, коли""}, {""bbox"": [255, 3540, 2763, 3759], ""type"": ""handwritten"", ""text"": ""випадає нагода, і казати те, що на думці.""}]"
2c52754e-ce26-415c-8878-de4bca776ed7.jpg,"[{""bbox"": [379, 88, 771, 168], ""type"": ""handwritten"", ""text"": ""Треба жити!""}, {""bbox"": [239, 189, 943, 264], ""type"": ""handwritten"", ""text"": ""Жити треба цікаво: читати""}, {""bbox"": [136, 259, 853, 337], ""type"": ""handwritten"", ""text"": ""книжки, ходити в театр,""}, {""bbox"": [131, 320, 861, 398], ""type"": ""handwritten"", ""text"": ""дресирувать пса Патрона…""}, {""bbox"": [243, 384, 920, 460], ""type"": ""handwritten"", ""text"": ""Треба жити! Не впівсили,""}, {""bbox"": [148, 451, 929, 531], ""type"": ""handwritten"", ""text"": ""не трошки, не завтра, не після.""}, {""bbox"": [148, 514, 931, 601], ""type"": ""handwritten"", ""text"": ""По-справжньому! Зараз! Треба""}, {""bbox"": [161, 582, 941, 666], ""type"": ""handwritten"", ""text"": ""гладити котів, збирати гриб""}, {""bbox"": [162, 651, 924, 733], ""type"": ""handwritten"", ""text"": ""би, везти цуценят із фронту""}, {""bbox"": [166, 718, 962, 803], ""type"": ""handwritten"", ""text"": ""на \""інтерсіті\"", робити ремонт""}, {""bbox"": [172, 788, 860, 869], ""type"": ""handwritten"", ""text"": ""і приносити щастя тим,""}, {""bbox"": [165, 855, 880, 939], ""type"": ""handwritten"", ""text"": ""кого любимо. Треба купувати""}, {""bbox"": [167, 925, 974, 1015], ""type"": ""handwritten"", ""text"": ""сукні з лелітками і дона""}, {""bbox"": [167, 1002, 832, 1085], ""type"": ""handwritten"", ""text"": ""щається тим, кого любильно""}, {""bbox"": [162, 1064, 964, 1161], ""type"": ""handwritten"", ""text"": ""ти на військо, вишукув""}, {""bbox"": [168, 1138, 910, 1230], ""type"": ""handwritten"", ""text"": ""вати РЕБи і генератори, а""}, {""bbox"": [154, 1207, 970, 1310], ""type"": ""handwritten"", ""text"": ""ще — нишпорити вечорами""}, {""bbox"": [146, 1282, 953, 1381], ""type"": ""handwritten"", ""text"": ""в ~~між~~а~~ мітер і ботгаду-""}, {""bbox"": [478, 1363, 679, 1455], ""type"": ""annotation"", ""text"": ""Лодуте""}]"
78b70718-bf5a-4461-b675-3df99398db95.jpg,"[{""bbox"": [296, 27, 2651, 261], ""type"": ""handwritten"", ""text"": ""любов до слів: \""допіру\"", \""пітятко\"" чи""}, {""bbox"": [299, 200, 856, 354], ""type"": ""handwritten"", ""text"": ""инняки\"".""}, {""bbox"": [472, 347, 2550, 530], ""type"": ""handwritten"", ""text"": ""Треба цілуватися, коли випадає""}, {""bbox"": [321, 492, 2586, 667], ""type"": ""handwritten"", ""text"": ""нагода, і казати те, що на думці.""}, {""bbox"": [317, 630, 2743, 807], ""type"": ""handwritten"", ""text"": ""Немає часу на півтони. Матеріальне —""}, {""bbox"": [334, 773, 2495, 941], ""type"": ""handwritten"", ""text"": ""крихке, життя тікає крізь пальці.""}, {""bbox"": [341, 904, 2670, 1079], ""type"": ""handwritten"", ""text"": ""Справжнім виявилось тільки те, за""}, {""bbox"": [325, 1037, 2698, 1223], ""type"": ""handwritten"", ""text"": ""що не можна схопитись руками: спог""}, {""bbox"": [337, 1191, 1453, 1335], ""type"": ""handwritten"", ""text"": ""гади, сміх і любов.""}, {""bbox"": [459, 1312, 2614, 1486], ""type"": ""handwritten"", ""text"": ""Ще треба плакати, коли можеться""}, {""bbox"": [323, 1451, 2475, 1626], ""type"": ""handwritten"", ""text"": ""За все те, що ніколи не мало з""}, {""bbox"": [322, 1587, 2460, 1755], ""type"": ""handwritten"", ""text"": ""нами статися. За те, що ми не""}, {""bbox"": [343, 1715, 2732, 1904], ""type"": ""handwritten"", ""text"": ""тільки знаємо, як пишеться \""далекоб""}, {""bbox"": [326, 1847, 2733, 2041], ""type"": ""handwritten"", ""text"": ""бійний дрон\"" або \""балістична ракета\"",""}, {""bbox"": [324, 1987, 2268, 2170], ""type"": ""handwritten"", ""text"": ""а й розрізняємо їх на слух.""}, {""bbox"": [650, 2132, 2678, 2306], ""type"": ""handwritten"", ""text"": ""Росіяни хочуть, щоб ми стали""}, {""bbox"": [325, 2268, 2525, 2442], ""type"": ""handwritten"", ""text"": ""схарших на ниці, акніш у вісню""}, {""bbox"": [319, 2394, 2716, 2589], ""type"": ""handwritten"", ""text"": ""гризоті. А ми будемо жити цікаво —""}, {""bbox"": [329, 2537, 2478, 2724], ""type"": ""handwritten"", ""text"": ""всупереч історії і заради тих, хто""}, {""bbox"": [338, 2675, 2749, 2873], ""type"": ""handwritten"", ""text"": ""після нас говоритиме нашою мовою""}]"
3908ae7d-5692-4c49-aa2a-5741baf6de47.jpg,"[{""bbox"": [715, 711, 2319, 868], ""type"": ""handwritten"", ""text"": ""же, з нею ще в чиємусь серці""}, {""bbox"": [696, 821, 2351, 980], ""type"": ""handwritten"", ""text"": ""поселиться любов до слів: \""допіру""}, {""bbox"": [713, 927, 1783, 1055], ""type"": ""handwritten"", ""text"": ""пітятко\"" чи \""кияхи\"".""}, {""bbox"": [884, 1014, 2435, 1175], ""type"": ""handwritten"", ""text"": ""Треба цілуватися, коли вип""}, {""bbox"": [694, 1123, 2422, 1276], ""type"": ""handwritten"", ""text"": ""падає нагода, і казати те, що на""}, {""bbox"": [691, 1222, 2300, 1367], ""type"": ""handwritten"", ""text"": ""думці. Немає часу на півтони.""}, {""bbox"": [691, 1314, 2326, 1470], ""type"": ""handwritten"", ""text"": ""Матеріальне — крихке, життя""}, {""bbox"": [686, 1413, 2332, 1570], ""type"": ""handwritten"", ""text"": ""тікає крізь пальці. Справжнім""}, {""bbox"": [682, 1517, 2292, 1670], ""type"": ""handwritten"", ""text"": ""виявилось тільки те, за що не""}, {""bbox"": [690, 1612, 2445, 1780], ""type"": ""handwritten"", ""text"": ""можна схопитись руками: спогад""}, {""bbox"": [689, 1715, 1628, 1845], ""type"": ""handwritten"", ""text"": ""ди, сміх і любов.""}, {""bbox"": [967, 1804, 2377, 1977], ""type"": ""handwritten"", ""text"": ""Ще треба плакати, коли""}, {""bbox"": [673, 1904, 2428, 2075], ""type"": ""handwritten"", ""text"": ""можеться. За все те, що ніколи н""}, {""bbox"": [668, 2011, 2342, 2173], ""type"": ""handwritten"", ""text"": ""не мало з нами статися.""}, {""bbox"": [669, 2108, 2403, 2276], ""type"": ""handwritten"", ""text"": ""За те, що ми не тільки знаємо,""}, {""bbox"": [653, 2207, 2415, 2383], ""type"": ""handwritten"", ""text"": ""як пишеться \""далекобійний дрон\"" або""}, {""bbox"": [658, 2298, 2423, 2492], ""type"": ""handwritten"", ""text"": ""балістична ракета\"", а й розрізняєм""}, {""bbox"": [653, 2412, 1422, 2543], ""type"": ""handwritten"", ""text"": ""мо їх на слух.""}, {""bbox"": [980, 2502, 2262, 2673], ""type"": ""handwritten"", ""text"": ""Росіяни хочуть, щоб ми""}, {""bbox"": [658, 2609, 2378, 2780], ""type"": ""handwritten"", ""text"": ""стали схожими на них: скніли у""}, {""bbox"": [656, 2710, 2202, 2872], ""type"": ""handwritten"", ""text"": ""вічній гризоті. А ми будемо""}, {""bbox"": [648, 2795, 2325, 2981], ""type"": ""handwritten"", ""text"": ""жити цікаво — всупереч історії і""}, {""bbox"": [644, 2904, 2135, 3086], ""type"": ""handwritten"", ""text"": ""заради тих, хто після нас""}]"
0e7d83b5-ed95-4dc9-889d-a5f44dea0fcf.jpg,"[{""bbox"": [587, 646, 2773, 803], ""type"": ""handwritten"", ""text"": ""нагода, і казати те, що на думці.""}, {""bbox"": [577, 779, 2629, 932], ""type"": ""handwritten"", ""text"": ""Немає часу на півтони. Матеріальне""}, {""bbox"": [570, 907, 2649, 1065], ""type"": ""handwritten"", ""text"": ""крихке, життя тікає крізь пальці.""}, {""bbox"": [573, 1028, 2607, 1188], ""type"": ""handwritten"", ""text"": ""Справжнім виявилось тільки те, за що""}, {""bbox"": [564, 1156, 2749, 1322], ""type"": ""handwritten"", ""text"": ""не можна схопитись руками: спогади,""}, {""bbox"": [562, 1309, 1505, 1429], ""type"": ""handwritten"", ""text"": ""сміх і любов.""}, {""bbox"": [606, 1410, 2771, 1572], ""type"": ""handwritten"", ""text"": ""Ще треба плакати, коли можеться""}, {""bbox"": [549, 1532, 2763, 1708], ""type"": ""handwritten"", ""text"": ""За все те, що ніколи не мало""}, {""bbox"": [553, 1684, 2639, 1844], ""type"": ""handwritten"", ""text"": ""з нами статися. За те, що ми""}, {""bbox"": [558, 1813, 2552, 1965], ""type"": ""handwritten"", ""text"": ""не тільки знаємо, як пишеться""}, {""bbox"": [557, 1933, 2760, 2102], ""type"": ""handwritten"", ""text"": ""\""далекобійний дрон\"" або \""балістична""}, {""bbox"": [549, 2073, 2645, 2231], ""type"": ""handwritten"", ""text"": ""ракета\"", а й розрізняємо їх на""}, {""bbox"": [580, 2243, 871, 2343], ""type"": ""handwritten"", ""text"": ""слух.""}, {""bbox"": [628, 2336, 2587, 2487], ""type"": ""handwritten"", ""text"": ""Росіяни хочуть, щоб ми стали""}, {""bbox"": [542, 2467, 2833, 2631], ""type"": ""handwritten"", ""text"": ""схожими на них: скніли у вічній""}, {""bbox"": [539, 2605, 2814, 2764], ""type"": ""handwritten"", ""text"": ""гризоті. А ми будемо жити цікаво —""}, {""bbox"": [513, 2733, 2757, 2907], ""type"": ""handwritten"", ""text"": ""всупереч історії і заради тих,""}, {""bbox"": [511, 2879, 2647, 3046], ""type"": ""handwritten"", ""text"": ""хто після нас говоритиме нашою""}, {""bbox"": [530, 3064, 966, 3166], ""type"": ""handwritten"", ""text"": ""лювою.""}]"
5676d55d-25d9-465d-ade7-a13809091d7c.jpg,"[{""bbox"": [133, 126, 1650, 271], ""type"": ""handwritten"", ""text"": ""здавати кров і може, ще в якомусь""}, {""bbox"": [134, 249, 1209, 370], ""type"": ""handwritten"", ""text"": ""сезиці поселится любов""}, {""bbox"": [202, 356, 1397, 503], ""type"": ""handwritten"", ""text"": ""Треба цілуватися, коли""}, {""bbox"": [141, 481, 1538, 612], ""type"": ""handwritten"", ""text"": ""випадає нагода, і казати те,""}, {""bbox"": [158, 588, 1583, 723], ""type"": ""handwritten"", ""text"": ""що на думці. Немає часу на""}, {""bbox"": [160, 693, 1550, 832], ""type"": ""handwritten"", ""text"": ""півтони. Матеріальне — крихке,""}, {""bbox"": [154, 812, 1462, 929], ""type"": ""handwritten"", ""text"": ""життя тікає крізь пальці.""}, {""bbox"": [165, 910, 1514, 1035], ""type"": ""handwritten"", ""text"": ""Справжнім виявилось тільки""}, {""bbox"": [173, 1013, 1743, 1151], ""type"": ""handwritten"", ""text"": ""те, за що не можна схопитись""}, {""bbox"": [157, 1131, 1511, 1249], ""type"": ""handwritten"", ""text"": ""руками: спогади, сміх і любов.""}, {""bbox"": [210, 1219, 1803, 1365], ""type"": ""handwritten"", ""text"": ""Ще треба плакати, коли можеться""}, {""bbox"": [141, 1335, 1651, 1458], ""type"": ""handwritten"", ""text"": ""За все те, що ніколи не мало з""}, {""bbox"": [151, 1439, 1485, 1558], ""type"": ""handwritten"", ""text"": ""з нами статися. За те, що""}, {""bbox"": [167, 1542, 1762, 1670], ""type"": ""handwritten"", ""text"": ""ми не тільки знаємо, як пишеться""}, {""bbox"": [154, 1638, 1627, 1768], ""type"": ""handwritten"", ""text"": ""далекобійний дрон\"" або \""балістична""}, {""bbox"": [165, 1736, 1778, 1868], ""type"": ""handwritten"", ""text"": ""ракета\"", а й розрізняємо їх на слух.""}, {""bbox"": [297, 1832, 1727, 1971], ""type"": ""handwritten"", ""text"": ""Росіяни хочуть, щоб ми стали""}, {""bbox"": [187, 1945, 1685, 2076], ""type"": ""handwritten"", ""text"": ""схожими на них: скніли у вічній""}, {""bbox"": [180, 2039, 1703, 2164], ""type"": ""handwritten"", ""text"": ""гризоті. А ми будемо жити цікаво —""}, {""bbox"": [186, 2130, 1537, 2256], ""type"": ""handwritten"", ""text"": ""всупереч історії і заради тих""}]"
36784a07-53cb-4e89-81e3-9263dc488243.jpg,"[{""bbox"": [508, 58, 1082, 152], ""type"": ""handwritten"", ""text"": ""Треба жити!""}, {""bbox"": [379, 176, 1729, 282], ""type"": ""handwritten"", ""text"": ""Жити треба цікаво: читати книжк""}, {""bbox"": [230, 262, 1771, 378], ""type"": ""handwritten"", ""text"": ""ки, ходити в театр, дресирувать пса Патр""}, {""bbox"": [205, 380, 435, 460], ""type"": ""handwritten"", ""text"": ""рона…""}, {""bbox"": [389, 433, 1738, 536], ""type"": ""handwritten"", ""text"": ""Треба жити! Не впівсили, не трошк""}, {""bbox"": [202, 519, 1648, 623], ""type"": ""handwritten"", ""text"": ""ки, не завтра, не після. По-справжньому!""}, {""bbox"": [190, 598, 1710, 712], ""type"": ""handwritten"", ""text"": ""Зараз! Треба гладити котів, збирати гриби,""}, {""bbox"": [186, 690, 1633, 796], ""type"": ""handwritten"", ""text"": ""везти цуценят із фронту на \""інтерсіті\"",""}, {""bbox"": [188, 769, 1717, 879], ""type"": ""handwritten"", ""text"": ""робити ремонт і приносити щастя тим,""}, {""bbox"": [187, 855, 1773, 960], ""type"": ""handwritten"", ""text"": ""кого любимо. Треба купувати сукні з лелітк""}, {""bbox"": [189, 937, 1737, 1039], ""type"": ""handwritten"", ""text"": ""ками і донатити на військо, вишукувати""}, {""bbox"": [195, 1022, 1638, 1128], ""type"": ""handwritten"", ""text"": ""РЕБи і генератори, а ще — нишпорити""}, {""bbox"": [197, 1099, 1719, 1213], ""type"": ""handwritten"", ""text"": ""вечорами в міжʼярʼї ботсаду, бо на перший""}, {""bbox"": [199, 1194, 1301, 1293], ""type"": ""handwritten"", ""text"": ""урок треба принести каштанів.""}, {""bbox"": [359, 1265, 1725, 1372], ""type"": ""handwritten"", ""text"": ""Треба любити свій дім, навіть якщо""}, {""bbox"": [186, 1347, 1691, 1462], ""type"": ""handwritten"", ""text"": ""він тимчасовий і далеко від справжнього дом""}, {""bbox"": [183, 1434, 1546, 1540], ""type"": ""handwritten"", ""text"": ""му — того, що в серці. Треба здавати""}, {""bbox"": [178, 1517, 1644, 1628], ""type"": ""handwritten"", ""text"": ""кров, і, може, з нею ще в чиємусь серці""}, {""bbox"": [183, 1602, 1690, 1715], ""type"": ""handwritten"", ""text"": ""поселиться любов до слів: \""допіру\"", \""пітятко\""""}, {""bbox"": [177, 1705, 580, 1795], ""type"": ""handwritten"", ""text"": ""чи \""кияхи\"".""}, {""bbox"": [342, 1775, 1687, 1877], ""type"": ""handwritten"", ""text"": ""Треба цілуватися, коли випадає нагода,""}, {""bbox"": [158, 1857, 1654, 1968], ""type"": ""handwritten"", ""text"": ""і казати те, що на думці. Немає часу на""}, {""bbox"": [157, 1944, 1664, 2050], ""type"": ""handwritten"", ""text"": ""півтони. Матеріальне — крихке, життя тікає""}, {""bbox"": [156, 2023, 1717, 2137], ""type"": ""handwritten"", ""text"": ""крізь пальці. Справжнім виявилось тільки те,""}, {""bbox"": [154, 2106, 1768, 2231], ""type"": ""handwritten"", ""text"": ""за що не можна схопитись руками: спогади,""}, {""bbox"": [150, 2218, 681, 2307], ""type"": ""handwritten"", ""text"": ""сміх і любов.""}]"
069c4bf2-1f06-4d67-becf-9bbbd255b347.jpg,"[{""bbox"": [629, 93, 1350, 245], ""type"": ""handwritten"", ""text"": ""Треба жити!""}, {""bbox"": [181, 272, 2368, 451], ""type"": ""handwritten"", ""text"": ""Жити треба цікаво: читати книжки, ходити""}, {""bbox"": [31, 420, 1759, 592], ""type"": ""handwritten"", ""text"": ""в театр, дресирувать пса Патрона""}, {""bbox"": [209, 569, 2457, 762], ""type"": ""handwritten"", ""text"": ""Треба жити! Не впівсили, не трошки, не завтра,""}, {""bbox"": [28, 692, 2450, 899], ""type"": ""handwritten"", ""text"": ""не після. По-справжньому! Зараз! Треба гладити котів,""}, {""bbox"": [8, 824, 2467, 1030], ""type"": ""handwritten"", ""text"": ""збирати гриби, везти цуценят із фронту на \""інтерсіті\"",""}, {""bbox"": [19, 955, 2464, 1158], ""type"": ""handwritten"", ""text"": ""робити ремонт і приносити щастя тим, кого любимо.""}, {""bbox"": [16, 1070, 2385, 1276], ""type"": ""handwritten"", ""text"": ""Треба купувати сукні з лелітками і донатити""}, {""bbox"": [18, 1193, 2298, 1385], ""type"": ""handwritten"", ""text"": ""на військо, вишукувати РЕБи і генератори, а""}, {""bbox"": [19, 1302, 2330, 1533], ""type"": ""handwritten"", ""text"": ""ще — нишпорити вечорами в міжʼярʼї ботсаду,""}, {""bbox"": [2, 1429, 2221, 1651], ""type"": ""handwritten"", ""text"": ""бо на перший урок треба принести каштанів.""}, {""bbox"": [172, 1555, 2454, 1805], ""type"": ""handwritten"", ""text"": ""Треба любити свій дім, навіть якщо він тимчас""}, {""bbox"": [14, 1664, 2407, 1931], ""type"": ""handwritten"", ""text"": ""совий і далеко від справжнього дому — того, що в""}, {""bbox"": [29, 1790, 2272, 2064], ""type"": ""handwritten"", ""text"": ""серці. Треба здавати кров, і, може, з нею ще в""}, {""bbox"": [25, 1926, 2393, 2169], ""type"": ""handwritten"", ""text"": ""чиємусь серці поселиться любов до слів: \""допіру\"",""}, {""bbox"": [31, 2073, 1169, 2218], ""type"": ""handwritten"", ""text"": ""\""пітятко\"" чи \""кияхи\"".""}, {""bbox"": [221, 2172, 2427, 2397], ""type"": ""handwritten"", ""text"": ""Треба цілуватися, коли випадає нагода, і казати""}, {""bbox"": [21, 2296, 2467, 2516], ""type"": ""handwritten"", ""text"": ""те, що на думці. Немає часу на півтони. Матеріальне""}, {""bbox"": [34, 2428, 2458, 2641], ""type"": ""handwritten"", ""text"": ""— крихке, життя тікає крізь пальці. Справжнім виявил""}, {""bbox"": [13, 2567, 2456, 2762], ""type"": ""handwritten"", ""text"": ""лось тільки те, за що не можна схопитись руками""}, {""bbox"": [21, 2685, 1179, 2816], ""type"": ""handwritten"", ""text"": ""спогади, сміх і любов.""}, {""bbox"": [175, 2788, 2442, 2988], ""type"": ""handwritten"", ""text"": ""Ще треба плакати, коли можеться. За все те, що""}, {""bbox"": [22, 2897, 2368, 3090], ""type"": ""handwritten"", ""text"": ""ніколи не мало з нами статися. За те, що ми""}, {""bbox"": [21, 3009, 2373, 3191], ""type"": ""handwritten"", ""text"": ""не тільки знаємо, як пишеться \""далекобійний""}, {""bbox"": [8, 3115, 2428, 3304], ""type"": ""handwritten"", ""text"": ""дрон\"" або \""балістична ракета\"", а й розрізняємо їх""}, {""bbox"": [20, 3234, 419, 3361], ""type"": ""handwritten"", ""text"": ""на слух.""}]"
00af1ec3-5315-4782-bc61-bf498617e5a2.jpg,"[{""bbox"": [411, 6, 1104, 127], ""type"": ""handwritten"", ""text"": ""Радіодиктант 2025""}, {""bbox"": [320, 101, 895, 229], ""type"": ""handwritten"", ""text"": ""реба жити!""}, {""bbox"": [142, 204, 1611, 343], ""type"": ""handwritten"", ""text"": ""Жити треба цікаво: читати книжк""}, {""bbox"": [46, 311, 1517, 457], ""type"": ""handwritten"", ""text"": ""ки, ходити в театр, дресирувать пса""}, {""bbox"": [56, 424, 425, 540], ""type"": ""handwritten"", ""text"": ""Патрона…""}, {""bbox"": [130, 520, 1609, 649], ""type"": ""handwritten"", ""text"": ""Треба жити! Не впівсили, не трошки,""}, {""bbox"": [43, 631, 1577, 756], ""type"": ""handwritten"", ""text"": ""не завтра, не після. По-справжньому!""}, {""bbox"": [62, 730, 1593, 873], ""type"": ""handwritten"", ""text"": ""Зараз! Треба гладити котів, збирати""}, {""bbox"": [56, 846, 1540, 981], ""type"": ""handwritten"", ""text"": ""гриби, везти цуценят із фронту на""}, {""bbox"": [53, 952, 1593, 1093], ""type"": ""handwritten"", ""text"": ""\""інтерсіті\"", робити ремонт і приносити""}, {""bbox"": [51, 1060, 1429, 1198], ""type"": ""handwritten"", ""text"": ""щастя тим, кого любимо. Треба""}, {""bbox"": [60, 1172, 1627, 1310], ""type"": ""handwritten"", ""text"": ""купувати сукні з лелітками і донатит""}, {""bbox"": [59, 1276, 1609, 1424], ""type"": ""handwritten"", ""text"": ""ти на військо, вишукувати РЕБи""}, {""bbox"": [58, 1394, 1622, 1530], ""type"": ""handwritten"", ""text"": ""і генератори, а ще — нишпорити веч""}, {""bbox"": [57, 1503, 1478, 1638], ""type"": ""handwritten"", ""text"": ""чорами в міжʼярʼї ботсаду, бо на""}, {""bbox"": [56, 1609, 1597, 1764], ""type"": ""handwritten"", ""text"": ""перший урок треба принести каштан""}, {""bbox"": [64, 1728, 242, 1836], ""type"": ""handwritten"", ""text"": ""нів.""}, {""bbox"": [111, 1828, 1539, 1971], ""type"": ""handwritten"", ""text"": ""Треба любити свій дім, навіть""}, {""bbox"": [49, 1940, 1535, 2084], ""type"": ""handwritten"", ""text"": ""якщо він тимчасовий і далеко від""}, {""bbox"": [48, 2058, 1593, 2206], ""type"": ""handwritten"", ""text"": ""справжнього дому — того, що в серці.""}]"
1f9d8b95-820b-4309-9307-8e8071c372aa.jpg,"[{""bbox"": [1026, 337, 1818, 497], ""type"": ""handwritten"", ""text"": ""Треба жити""}, {""bbox"": [369, 475, 2370, 668], ""type"": ""handwritten"", ""text"": ""Жити треба цікаво: читати""}, {""bbox"": [208, 611, 2098, 810], ""type"": ""handwritten"", ""text"": ""книжки, ходити в театр,""}, {""bbox"": [208, 746, 1990, 942], ""type"": ""handwritten"", ""text"": ""дресирувать пса Патрона…""}, {""bbox"": [380, 880, 2463, 1077], ""type"": ""handwritten"", ""text"": ""Треба жити! Не впівсили, не""}, {""bbox"": [191, 1030, 2299, 1217], ""type"": ""handwritten"", ""text"": ""трошки, не завтра, не після.""}, {""bbox"": [211, 1163, 2414, 1362], ""type"": ""handwritten"", ""text"": ""По-справжньому! Зараз! Треба""}, {""bbox"": [210, 1315, 2509, 1499], ""type"": ""handwritten"", ""text"": ""гладити котів, збирати гриби,""}, {""bbox"": [216, 1448, 2434, 1641], ""type"": ""handwritten"", ""text"": ""везти цуценят із фронту на""}, {""bbox"": [197, 1593, 2384, 1782], ""type"": ""handwritten"", ""text"": ""\""інтерсіті\"", робити ремонт і""}, {""bbox"": [201, 1737, 2581, 1921], ""type"": ""handwritten"", ""text"": ""приносити щастя тим, кого""}, {""bbox"": [209, 1864, 2714, 2065], ""type"": ""handwritten"", ""text"": ""любимо. Треба купувати сукні""}, {""bbox"": [202, 2009, 2760, 2205], ""type"": ""handwritten"", ""text"": ""з лелітками і донатити на""}, {""bbox"": [185, 2153, 2375, 2345], ""type"": ""handwritten"", ""text"": ""військо, вишукувати РЕБи і""}, {""bbox"": [184, 2297, 2531, 2490], ""type"": ""handwritten"", ""text"": ""генератори, а ще — нишпорити""}, {""bbox"": [184, 2439, 2621, 2631], ""type"": ""handwritten"", ""text"": ""вечорами в міжʼярʼї ботсаду,""}, {""bbox"": [181, 2582, 2523, 2777], ""type"": ""handwritten"", ""text"": ""бо на перший урок треба""}, {""bbox"": [185, 2731, 1856, 2894], ""type"": ""handwritten"", ""text"": ""принести каштанів.""}, {""bbox"": [353, 2850, 2757, 3043], ""type"": ""handwritten"", ""text"": ""Треба любити свій дім, навіть""}, {""bbox"": [184, 2997, 2211, 3174], ""type"": ""handwritten"", ""text"": ""якщо він тимчасовий і""}, {""bbox"": [187, 3125, 2747, 3326], ""type"": ""handwritten"", ""text"": ""далеко від справжнього дому —""}, {""bbox"": [191, 3271, 2624, 3473], ""type"": ""handwritten"", ""text"": ""того, що в серці. Треба здавати""}, {""bbox"": [175, 3424, 2418, 3642], ""type"": ""handwritten"", ""text"": ""кров, і, може, з нею ще в""}]"
2d7ee75e-a401-46bc-b4e8-c536c7ecfd9b.jpg,"[{""bbox"": [212, 7, 1474, 114], ""type"": ""handwritten"", ""text"": ""Двадцять сьоме жовтня""}, {""bbox"": [525, 84, 1039, 178], ""type"": ""handwritten"", ""text"": ""Диктант""}, {""bbox"": [343, 150, 1117, 263], ""type"": ""handwritten"", ""text"": ""реба жити!""}, {""bbox"": [188, 232, 2134, 365], ""type"": ""handwritten"", ""text"": ""Жити треба цікаво: читати книжки,""}, {""bbox"": [157, 318, 2208, 438], ""type"": ""handwritten"", ""text"": ""ходити в театр, дресирувать пса Патрона…""}, {""bbox"": [193, 393, 2198, 513], ""type"": ""handwritten"", ""text"": ""Треба жити! Не впівсили, не трошки,""}, {""bbox"": [120, 469, 2189, 585], ""type"": ""handwritten"", ""text"": ""не завтра, не після. По-справжньому! Зар""}, {""bbox"": [112, 537, 2206, 663], ""type"": ""handwritten"", ""text"": ""раз! Треба гладити котів, збирати гриб""}, {""bbox"": [114, 612, 2214, 738], ""type"": ""handwritten"", ""text"": ""би, везти цуценят із фронту на \""інтерсі""}, {""bbox"": [118, 695, 2173, 819], ""type"": ""handwritten"", ""text"": ""ті\"", робити ремонт і приносити щастя""}, {""bbox"": [113, 775, 2201, 900], ""type"": ""handwritten"", ""text"": ""тим, кого любимо. Треба купувати сукн""}, {""bbox"": [97, 857, 2211, 977], ""type"": ""handwritten"", ""text"": ""ні з лелітками і донатити на військо,""}, {""bbox"": [96, 930, 2210, 1044], ""type"": ""handwritten"", ""text"": ""вишукувати РЕБи і генератори, а ще — ни""}, {""bbox"": [93, 999, 2191, 1108], ""type"": ""handwritten"", ""text"": ""шпорити вечорами в міжʼярʼї ботсаду, бо""}, {""bbox"": [130, 1068, 2192, 1182], ""type"": ""handwritten"", ""text"": ""на перший урок треба принести каштанів.""}, {""bbox"": [94, 1204, 2209, 1316], ""type"": ""handwritten"", ""text"": ""тимчасовий і далеко від справжнього дому-""}, {""bbox"": [88, 1268, 2215, 1393], ""type"": ""handwritten"", ""text"": ""того, що в серці. Треба здавати кров, і,""}, {""bbox"": [97, 1346, 2216, 1486], ""type"": ""handwritten"", ""text"": ""може, з нею ще в чиємусь серці поселитьс""}, {""bbox"": [97, 1422, 2150, 1567], ""type"": ""handwritten"", ""text"": ""ся любов до слів: \""допіру\"", \""пітятко\"" чи""}, {""bbox"": [97, 1538, 528, 1620], ""type"": ""handwritten"", ""text"": ""\""кияхи\"".""}, {""bbox"": [195, 1563, 2215, 1695], ""type"": ""handwritten"", ""text"": ""Треба цілуватися, коли випадає нагода,""}, {""bbox"": [98, 1653, 2180, 1772], ""type"": ""handwritten"", ""text"": ""і казати те, що на думці. Немає часу""}, {""bbox"": [83, 1728, 2229, 1850], ""type"": ""handwritten"", ""text"": ""на півтони. Матеріальне — крихке, життя""}, {""bbox"": [85, 1800, 2235, 1924], ""type"": ""handwritten"", ""text"": ""тікає крізь пальці. Справжнім виявилос""}, {""bbox"": [80, 1874, 2237, 2006], ""type"": ""handwritten"", ""text"": ""сь тільки те, за що не можна схопитис""}, {""bbox"": [85, 1957, 2017, 2079], ""type"": ""handwritten"", ""text"": ""сь руками: спогади, сміх і любов.""}, {""bbox"": [161, 2026, 2252, 2161], ""type"": ""handwritten"", ""text"": ""Ще треба плакати, коли можеться. За""}, {""bbox"": [80, 2105, 2108, 2230], ""type"": ""handwritten"", ""text"": ""все те, що ніколи не мало з нами""}, {""bbox"": [77, 2179, 2231, 2311], ""type"": ""handwritten"", ""text"": ""статися. За те, що ми не тільки знаємо,""}, {""bbox"": [73, 2253, 2241, 2388], ""type"": ""handwritten"", ""text"": ""як пишеться \""далекобійний дрон\"" або \""бал""}, {""bbox"": [69, 2327, 2233, 2461], ""type"": ""handwritten"", ""text"": ""лістична ракета\"", а й розрізняємо їх на""}, {""bbox"": [74, 2447, 378, 2530], ""type"": ""handwritten"", ""text"": ""слух.""}, {""bbox"": [168, 2494, 2174, 2629], ""type"": ""handwritten"", ""text"": ""Росіяни хочуть, щоб ми стали схож""}, {""bbox"": [60, 2583, 2191, 2716], ""type"": ""handwritten"", ""text"": ""жими на них: скніли у вічній гриз""}, {""bbox"": [39, 2670, 2177, 2799], ""type"": ""handwritten"", ""text"": ""зоті. А ми будемо жити цікаво —""}, {""bbox"": [54, 2758, 2253, 2893], ""type"": ""handwritten"", ""text"": ""всупереч історії і заради тих, хто""}, {""bbox"": [65, 2846, 2254, 2995], ""type"": ""handwritten"", ""text"": ""після нас говоритиме нашою мов""}, {""bbox"": [89, 2960, 369, 3075], ""type"": ""handwritten"", ""text"": ""вою.""}]"
e143dcbe-86e2-4e00-9049-3ee922c4de02.jpg,"[{""bbox"": [1198, 411, 1874, 566], ""type"": ""handwritten"", ""text"": ""Радіодиктант""}, {""bbox"": [950, 577, 2163, 705], ""type"": ""handwritten"", ""text"": ""національної одності 2025""}, {""bbox"": [593, 688, 2527, 862], ""type"": ""handwritten"", ""text"": ""да Дня української писемності й мови""}, {""bbox"": [1039, 843, 1873, 984], ""type"": ""handwritten"", ""text"": ""ба жити!""}, {""bbox"": [487, 965, 2498, 1137], ""type"": ""handwritten"", ""text"": ""Жити треба цікаво: читати книжки, х""}, {""bbox"": [401, 1104, 2479, 1274], ""type"": ""handwritten"", ""text"": ""ходити в театр, дресирувать пса Патрона…""}, {""bbox"": [390, 1240, 2498, 1418], ""type"": ""handwritten"", ""text"": ""Треба жити! Не впівсили, не трошки, не""}, {""bbox"": [387, 1384, 2478, 1560], ""type"": ""handwritten"", ""text"": ""завтра, не після. По-справжньому! Зараз!""}, {""bbox"": [382, 1523, 2559, 1710], ""type"": ""handwritten"", ""text"": ""Треба гладити котів, збирати гриби, в""}, {""bbox"": [374, 1676, 2538, 1861], ""type"": ""handwritten"", ""text"": ""везти цуценят із фронту на \""інтерсіті\"",""}, {""bbox"": [325, 1828, 2530, 2022], ""type"": ""handwritten"", ""text"": ""робити ремонт і приносити щастя тим,""}, {""bbox"": [344, 1986, 2431, 2169], ""type"": ""handwritten"", ""text"": ""кого любимо. Треба купувати сукні з""}, {""bbox"": [317, 2143, 2575, 2331], ""type"": ""handwritten"", ""text"": ""лелітками і донатити на військо, вишук""}, {""bbox"": [298, 2307, 2674, 2516], ""type"": ""handwritten"", ""text"": ""кувати РЕБи і генератори, а ще — нишпор""}, {""bbox"": [274, 2465, 2667, 2691], ""type"": ""handwritten"", ""text"": ""рити вечорами в міжʼярʼї ботсаду, бо""}, {""bbox"": [257, 2659, 2757, 2882], ""type"": ""handwritten"", ""text"": ""на перший урок треба принести каштанів.""}, {""bbox"": [265, 2828, 2573, 3044], ""type"": ""handwritten"", ""text"": ""Треба любити свій дім, навіть якщо""}, {""bbox"": [227, 3002, 2727, 3247], ""type"": ""handwritten"", ""text"": ""він тимчасовий і далеко від справжнього""}, {""bbox"": [201, 3186, 2790, 3444], ""type"": ""handwritten"", ""text"": ""дому — того, що в серці. Треба здавати кров,""}, {""bbox"": [201, 3389, 2391, 3604], ""type"": ""handwritten"", ""text"": ""і, може, з нею ще в чиємусь серці""}]"
2c4689f3-1195-4adc-bf62-8ec3a1b7b339.jpg,"[{""bbox"": [750, 25, 1391, 201], ""type"": ""handwritten"", ""text"": ""Диктант""}, {""bbox"": [636, 225, 1483, 411], ""type"": ""handwritten"", ""text"": ""реба жити""}, {""bbox"": [318, 419, 1917, 602], ""type"": ""handwritten"", ""text"": ""Жити треба цікаво: читати""}, {""bbox"": [123, 532, 1678, 695], ""type"": ""handwritten"", ""text"": ""книжки, ходити в театр,""}, {""bbox"": [106, 632, 1637, 786], ""type"": ""handwritten"", ""text"": ""дресирувать пса Патрона…""}, {""bbox"": [296, 730, 1849, 892], ""type"": ""handwritten"", ""text"": ""Треба жити! Не впівсили""}, {""bbox"": [112, 827, 1863, 983], ""type"": ""handwritten"", ""text"": ""не трошки, не завтра, не після""}, {""bbox"": [233, 924, 1679, 1082], ""type"": ""handwritten"", ""text"": ""По-справжньому! Зараз!""}, {""bbox"": [211, 1016, 1609, 1170], ""type"": ""handwritten"", ""text"": ""Треба гладити котів,""}, {""bbox"": [91, 1120, 1509, 1266], ""type"": ""handwritten"", ""text"": ""збирати гриби, везти""}, {""bbox"": [80, 1219, 1681, 1375], ""type"": ""handwritten"", ""text"": ""цуценят із фронту на""}, {""bbox"": [83, 1319, 1827, 1478], ""type"": ""handwritten"", ""text"": ""інтерсіті\"", робити ремонт""}, {""bbox"": [66, 1421, 1793, 1581], ""type"": ""handwritten"", ""text"": ""і приносити щастя тим,""}, {""bbox"": [73, 1521, 1890, 1693], ""type"": ""handwritten"", ""text"": ""кого любимо. Треба купувати""}, {""bbox"": [51, 1633, 1779, 1785], ""type"": ""handwritten"", ""text"": ""сукні з лелітками і дон""}, {""bbox"": [35, 1735, 1824, 1890], ""type"": ""handwritten"", ""text"": ""атити на військо, вишукув""}, {""bbox"": [19, 1834, 1838, 1996], ""type"": ""handwritten"", ""text"": ""вати РЕБи і генератори, а""}, {""bbox"": [24, 1943, 1768, 2097], ""type"": ""handwritten"", ""text"": ""ще — нишпорити вечорами""}, {""bbox"": [31, 2048, 1759, 2202], ""type"": ""handwritten"", ""text"": ""в міжʼярʼї ботсаду, бо на""}, {""bbox"": [21, 2154, 1850, 2318], ""type"": ""handwritten"", ""text"": ""перший урок треба принести""}, {""bbox"": [26, 2269, 703, 2400], ""type"": ""handwritten"", ""text"": ""каштанів.""}]"
422a4acd-4d89-4123-a7c4-1b2919ad2e2f.jpg,"[{""bbox"": [302, 85, 500, 129], ""type"": ""handwritten"", ""text"": ""Треба жити!""}, {""bbox"": [132, 125, 662, 170], ""type"": ""handwritten"", ""text"": ""Жити треба цікаво: читати книжки,""}, {""bbox"": [91, 157, 680, 201], ""type"": ""handwritten"", ""text"": ""ходити в театр, дресирувать пса Патрона…""}, {""bbox"": [95, 186, 629, 226], ""type"": ""handwritten"", ""text"": ""Треба жити! Не впівсили, не трошки,""}, {""bbox"": [96, 210, 695, 256], ""type"": ""handwritten"", ""text"": ""не завтра, не після. По-справжньому! Зараз!""}, {""bbox"": [95, 240, 676, 284], ""type"": ""handwritten"", ""text"": ""Треба гладити котів, збирати гриби, везти""}, {""bbox"": [94, 270, 601, 309], ""type"": ""handwritten"", ""text"": ""цуценят із фронту на \""інтерсіті\""""}, {""bbox"": [97, 297, 665, 336], ""type"": ""handwritten"", ""text"": ""робити ремонт і приносити щастя тим,""}, {""bbox"": [98, 323, 714, 366], ""type"": ""handwritten"", ""text"": ""кого любимо. Треба купувати сукні з лелітками""}, {""bbox"": [96, 351, 656, 392], ""type"": ""handwritten"", ""text"": ""і донатити на військо, вишукувати РЕБи""}, {""bbox"": [96, 378, 691, 419], ""type"": ""handwritten"", ""text"": ""і генератори, а ще — нишпорити вечорами""}, {""bbox"": [98, 406, 648, 448], ""type"": ""handwritten"", ""text"": ""в міжʼярʼї ботсаду, бо на перший урок""}, {""bbox"": [94, 437, 451, 475], ""type"": ""handwritten"", ""text"": ""треба принести каштанів.""}, {""bbox"": [137, 466, 643, 509], ""type"": ""handwritten"", ""text"": ""Треба любити свій дім, навіть якщо""}, {""bbox"": [92, 496, 648, 539], ""type"": ""handwritten"", ""text"": ""він тимчасовий і далеко від справжнього""}, {""bbox"": [97, 526, 662, 570], ""type"": ""handwritten"", ""text"": ""дому — того, що в серці. Треба здавати""}, {""bbox"": [98, 557, 651, 599], ""type"": ""handwritten"", ""text"": ""кров, і, може, з нею ще в чиємусь серці""}, {""bbox"": [107, 584, 712, 631], ""type"": ""handwritten"", ""text"": ""поселиться любов до слів: \""допіру\"", \""пітятко\""""}, {""bbox"": [98, 616, 266, 647], ""type"": ""handwritten"", ""text"": ""чи \""кияхи\"".""}, {""bbox"": [144, 639, 688, 685], ""type"": ""handwritten"", ""text"": ""Треба цілуватися, коли випадає нагода,""}, {""bbox"": [93, 671, 639, 711], ""type"": ""handwritten"", ""text"": ""і казати те, що на думці. Немає часу""}, {""bbox"": [92, 698, 658, 738], ""type"": ""handwritten"", ""text"": ""на півтони. Матеріальне — крихке, життя""}, {""bbox"": [94, 727, 648, 768], ""type"": ""handwritten"", ""text"": ""тікає крізь пальці. Справжнім виявилось""}, {""bbox"": [98, 755, 644, 797], ""type"": ""handwritten"", ""text"": ""тільки те, за що не можна схопитись""}, {""bbox"": [99, 784, 530, 823], ""type"": ""handwritten"", ""text"": ""руками: спогади, сміх і любов.""}, {""bbox"": [143, 811, 656, 854], ""type"": ""handwritten"", ""text"": ""Ще треба плакати, коли можеться.""}, {""bbox"": [101, 839, 664, 881], ""type"": ""handwritten"", ""text"": ""За все те, що ніколи не мало з нами""}, {""bbox"": [101, 869, 676, 911], ""type"": ""handwritten"", ""text"": ""статися. За те, що ми не тільки знаємо,""}, {""bbox"": [101, 900, 631, 941], ""type"": ""handwritten"", ""text"": ""як пишеться \""далекобійний дрон\"" або""}, {""bbox"": [102, 927, 653, 976], ""type"": ""handwritten"", ""text"": ""\""балістична ракета\"", а й розрізняємо""}]"
5868c5e3-c32e-4463-82fa-98ed082a98b1.jpg,"[{""bbox"": [366, 79, 643, 134], ""type"": ""handwritten"", ""text"": ""Треба жити""}, {""bbox"": [148, 121, 798, 182], ""type"": ""handwritten"", ""text"": ""Жити треба цікаво: читати""}, {""bbox"": [84, 165, 862, 227], ""type"": ""handwritten"", ""text"": ""книжки, ходити в театр, дресирувать""}, {""bbox"": [81, 214, 360, 270], ""type"": ""handwritten"", ""text"": ""пса Патрона…""}, {""bbox"": [142, 254, 763, 313], ""type"": ""handwritten"", ""text"": ""Треба жити! Не впівсили, не""}, {""bbox"": [88, 299, 843, 364], ""type"": ""handwritten"", ""text"": ""трошки, не завтра, не після. По-справжн""}, {""bbox"": [85, 348, 792, 410], ""type"": ""handwritten"", ""text"": ""ньому! Зараз! Треба гладити котів,""}, {""bbox"": [82, 393, 772, 456], ""type"": ""handwritten"", ""text"": ""збирати гриби, везти цуценят із""}, {""bbox"": [83, 439, 848, 502], ""type"": ""handwritten"", ""text"": ""фронту на \""інтерсіті\"", робити рем""}, {""bbox"": [81, 484, 825, 548], ""type"": ""handwritten"", ""text"": ""монт і приносити щастя тим,""}, {""bbox"": [81, 531, 847, 598], ""type"": ""handwritten"", ""text"": ""кого любимо. Треба купувати сукні""}, {""bbox"": [81, 580, 771, 641], ""type"": ""handwritten"", ""text"": ""з лелітками і донатити на""}, {""bbox"": [81, 622, 863, 688], ""type"": ""handwritten"", ""text"": ""військо, вишукувати РЕБи і генерат""}, {""bbox"": [75, 670, 823, 731], ""type"": ""handwritten"", ""text"": ""тори, а ще — нишпорити вечорами""}, {""bbox"": [78, 713, 860, 781], ""type"": ""handwritten"", ""text"": ""в міжʼярʼї ботсаду, бо на перший""}, {""bbox"": [86, 761, 850, 828], ""type"": ""handwritten"", ""text"": ""урок треба принести каштанів.""}, {""bbox"": [98, 808, 824, 871], ""type"": ""handwritten"", ""text"": ""Треба любити свій дім, навіть""}, {""bbox"": [90, 856, 816, 917], ""type"": ""handwritten"", ""text"": ""якщо він тимчасовий і далеко""}, {""bbox"": [87, 898, 838, 958], ""type"": ""handwritten"", ""text"": ""від справжнього дому — того, що в""}, {""bbox"": [82, 941, 823, 1004], ""type"": ""handwritten"", ""text"": ""серці. Треба здавати кров, і, може""}, {""bbox"": [85, 986, 866, 1052], ""type"": ""handwritten"", ""text"": ""з нею ще в чиємусь серці поселиться""}, {""bbox"": [84, 1033, 814, 1106], ""type"": ""handwritten"", ""text"": ""любов до слів: \""допіру\"", \""пітятко\"" чи""}, {""bbox"": [82, 1100, 215, 1148], ""type"": ""handwritten"", ""text"": ""кияхи.""}]"
39d587b7-6ea0-42db-8ae4-6c72d70f006b.jpg,"[{""bbox"": [540, 57, 1096, 132], ""type"": ""handwritten"", ""text"": ""Радіодиктант 2025""}, {""bbox"": [586, 138, 971, 197], ""type"": ""handwritten"", ""text"": ""Треба жити""}, {""bbox"": [266, 183, 1376, 244], ""type"": ""handwritten"", ""text"": ""Жити треба цінаво-читати книжки,""}, {""bbox"": [260, 223, 1400, 296], ""type"": ""handwritten"", ""text"": ""ходити в театр, дрисерувати  пса Пат-""}, {""bbox"": [259, 267, 401, 313], ""type"": ""handwritten"", ""text"": ""рона…""}, {""bbox"": [253, 291, 1411, 359], ""type"": ""handwritten"", ""text"": ""Треба жити! Не впівсили, не трошки,""}, {""bbox"": [260, 345, 1408, 401], ""type"": ""handwritten"", ""text"": ""не завтра, не після. По-справжньому! Зараз!""}, {""bbox"": [260, 423, 1429, 477], ""type"": ""handwritten"", ""text"": ""везти цуценят із фронту на \""інтерсіті\"",""}, {""bbox"": [245, 462, 1419, 520], ""type"": ""handwritten"", ""text"": ""робити ремонт і приносити щастя тим,""}, {""bbox"": [248, 500, 1411, 568], ""type"": ""handwritten"", ""text"": ""кого любимо. Треба купувати сукні з лелітк""}, {""bbox"": [243, 540, 1420, 595], ""type"": ""handwritten"", ""text"": ""ами і донатити на військо, вишукувати""}, {""bbox"": [231, 582, 1397, 641], ""type"": ""handwritten"", ""text"": ""РЕБи і генератори, а ще — нишпорити вечор""}, {""bbox"": [223, 617, 1376, 684], ""type"": ""handwritten"", ""text"": ""рами в міжʼярʼї ботсаду, бо на перший""}, {""bbox"": [252, 696, 1388, 756], ""type"": ""handwritten"", ""text"": ""принести каштанів. Треба любити свій дім, навіть якщо він""}, {""bbox"": [254, 737, 1394, 800], ""type"": ""handwritten"", ""text"": ""тимчасовий і далеко від справжнього дому —""}, {""bbox"": [244, 813, 1409, 874], ""type"": ""handwritten"", ""text"": ""може з нею, що в чиємись серці поселить-""}, {""bbox"": [239, 852, 1402, 917], ""type"": ""handwritten"", ""text"": ""ся любов до слів: \""допіру\"", \""пітятко\"" чи \""кияхи\"".""}, {""bbox"": [240, 934, 1402, 992], ""type"": ""handwritten"", ""text"": ""назати те, що на дущі. Немає часу непівто-""}, {""bbox"": [230, 973, 1385, 1035], ""type"": ""handwritten"", ""text"": ""ни. Матеріальне — крихке, життя тікає""}, {""bbox"": [234, 1055, 1378, 1112], ""type"": ""handwritten"", ""text"": ""те, за що не можна схопитися рухами -""}, {""bbox"": [244, 1099, 803, 1149], ""type"": ""handwritten"", ""text"": ""спогади, сміх і любов.""}, {""bbox"": [238, 1124, 1339, 1185], ""type"": ""handwritten"", ""text"": ""Ще треба плакати, коли можеться.""}, {""bbox"": [234, 1171, 1321, 1228], ""type"": ""handwritten"", ""text"": ""За все те, що ніколи не мало з нами""}, {""bbox"": [234, 1208, 1374, 1270], ""type"": ""handwritten"", ""text"": ""статися. За те, що ми не тільки знаємо""}, {""bbox"": [231, 1291, 1297, 1357], ""type"": ""handwritten"", ""text"": ""тична ракета, а й розрізняємо їх на""}, {""bbox"": [248, 1342, 364, 1398], ""type"": ""handwritten"", ""text"": ""слух.""}, {""bbox"": [291, 1358, 1374, 1424], ""type"": ""handwritten"", ""text"": ""Росіяни хочуть, щоб ми стали схожим""}, {""bbox"": [244, 1412, 1396, 1471], ""type"": ""handwritten"", ""text"": ""ми на них: скніли у вічній гризоті. А""}, {""bbox"": [243, 1440, 1414, 1505], ""type"": ""handwritten"", ""text"": ""ми будемо жити цікаво — всупереч історії""}, {""bbox"": [235, 1481, 1413, 1562], ""type"": ""handwritten"", ""text"": ""і заради тих, хто після нас говоритим""}, {""bbox"": [246, 1533, 761, 1588], ""type"": ""handwritten"", ""text"": ""ме нашою мов""}]"
202ff567-7604-4950-a149-97b0ba73f971.jpg,"[{""bbox"": [514, 0, 1261, 175], ""type"": ""handwritten"", ""text"": ""Треба жити!""}, {""bbox"": [297, 122, 2314, 323], ""type"": ""handwritten"", ""text"": ""Жити треба цікаво: читати книжки,""}, {""bbox"": [110, 266, 2386, 458], ""type"": ""handwritten"", ""text"": ""ходити в театр, дресирувать пса Патрона…""}, {""bbox"": [275, 398, 2400, 588], ""type"": ""handwritten"", ""text"": ""Треба жити! Не впівсили, не трошки,""}, {""bbox"": [114, 541, 2307, 721], ""type"": ""handwritten"", ""text"": ""не завтра, не після. По-справжньому!""}, {""bbox"": [118, 671, 2415, 853], ""type"": ""handwritten"", ""text"": ""Зараз! Треба гладити котів, збирати гриб""}, {""bbox"": [109, 804, 2409, 991], ""type"": ""handwritten"", ""text"": ""би, везти цуценят із фронту на \""інтерсі""}, {""bbox"": [109, 945, 2391, 1127], ""type"": ""handwritten"", ""text"": ""і\"", робити ремонт і приносити щаст""}, {""bbox"": [106, 1074, 2413, 1260], ""type"": ""handwritten"", ""text"": ""тя тим, кого любимо. Треба купувати""}, {""bbox"": [107, 1214, 2411, 1400], ""type"": ""handwritten"", ""text"": ""сукні з лелітками і донатити на військо,""}, {""bbox"": [104, 1348, 2313, 1531], ""type"": ""handwritten"", ""text"": ""вишукувати РЕБи і генератори, а""}, {""bbox"": [108, 1480, 2425, 1672], ""type"": ""handwritten"", ""text"": ""ще — нишпорити вечорами в міжʼярʼї""}, {""bbox"": [115, 1623, 2400, 1806], ""type"": ""handwritten"", ""text"": ""ботсаду, бо на перший урок треба прин""}, {""bbox"": [125, 1763, 1113, 1918], ""type"": ""handwritten"", ""text"": ""нести каштанів.""}, {""bbox"": [299, 1881, 2334, 2066], ""type"": ""handwritten"", ""text"": ""Треба любити свій дім, навіть якщо""}, {""bbox"": [102, 2022, 2409, 2205], ""type"": ""handwritten"", ""text"": ""він тимчасовий і далеко від справжньог""}, {""bbox"": [107, 2157, 2424, 2349], ""type"": ""handwritten"", ""text"": ""го дому — того, що в серці. Треба здавати""}, {""bbox"": [81, 2303, 2415, 2488], ""type"": ""handwritten"", ""text"": ""кров, і, може, з нею ще в чиємусь серц""}, {""bbox"": [67, 2438, 2318, 2634], ""type"": ""handwritten"", ""text"": ""ці поселиться любов до слів: \""допіру\"",""}, {""bbox"": [74, 2596, 1406, 2771], ""type"": ""handwritten"", ""text"": ""\""пітятко\"" чи \""кияхи\"".""}, {""bbox"": [239, 2706, 2447, 2919], ""type"": ""handwritten"", ""text"": ""Треба цілуватися, коли випадає нагода,""}, {""bbox"": [40, 2861, 2422, 3061], ""type"": ""handwritten"", ""text"": ""і казати те, що на думці. Немає часу""}, {""bbox"": [45, 3005, 2281, 3207], ""type"": ""handwritten"", ""text"": ""на півтони. Матеріальне — крихке,""}, {""bbox"": [34, 3156, 2336, 3349], ""type"": ""handwritten"", ""text"": ""життя тікає крізь пальці. Справжнім""}, {""bbox"": [35, 3296, 2383, 3499], ""type"": ""handwritten"", ""text"": ""виявилось тільки те, за що не можна""}, {""bbox"": [34, 3446, 2447, 3643], ""type"": ""handwritten"", ""text"": ""схопитись руками: спогади, сміх і любо""}, {""bbox"": [198, 3589, 2423, 3800], ""type"": ""handwritten"", ""text"": ""Ще треба плакати, коли можеться.""}]"
01b6409c-9e0f-4b10-b79d-61c548d999c8.jpg,"[{""bbox"": [285, 93, 2044, 269], ""type"": ""handwritten"", ""text"": ""Треба цілуватися, коли випадає""}, {""bbox"": [142, 234, 1916, 385], ""type"": ""handwritten"", ""text"": ""нагода, і казати те, що на думці.""}, {""bbox"": [145, 335, 2056, 498], ""type"": ""handwritten"", ""text"": ""Немає часу на півтони. Матеріал""}, {""bbox"": [146, 445, 2047, 602], ""type"": ""handwritten"", ""text"": ""льне — крихке, життя тікає крізь""}, {""bbox"": [151, 546, 2078, 709], ""type"": ""handwritten"", ""text"": ""пальці. Справжнім виявилось тільки""}, {""bbox"": [162, 652, 2063, 812], ""type"": ""handwritten"", ""text"": ""те, за що не можна схопитись""}, {""bbox"": [156, 764, 1811, 916], ""type"": ""handwritten"", ""text"": ""руками: спогади, сміх і любов.""}, {""bbox"": [337, 860, 2072, 1013], ""type"": ""handwritten"", ""text"": ""Ще треба плакати, коли можеться.""}, {""bbox"": [156, 962, 2074, 1125], ""type"": ""handwritten"", ""text"": ""За все те, що ніколи не мало з нами""}, {""bbox"": [167, 1076, 1899, 1225], ""type"": ""handwritten"", ""text"": ""татися. За те, що ми не""}, {""bbox"": [168, 1169, 2098, 1336], ""type"": ""handwritten"", ""text"": ""тільки знаємо, як пишеться \""далек""}, {""bbox"": [181, 1283, 2068, 1438], ""type"": ""handwritten"", ""text"": ""кобійний дрон\"" або \""балістична ракета\"",""}, {""bbox"": [170, 1399, 1704, 1537], ""type"": ""handwritten"", ""text"": ""а й розрізняємо їх на слух.""}, {""bbox"": [353, 1492, 2062, 1641], ""type"": ""handwritten"", ""text"": ""Росіяни хочуть, щоб ми стали""}, {""bbox"": [175, 1597, 2087, 1749], ""type"": ""handwritten"", ""text"": ""схожими на них: скніли у вічній""}, {""bbox"": [171, 1701, 2106, 1855], ""type"": ""handwritten"", ""text"": ""гризоті. А ми будемо жити цікаво —""}, {""bbox"": [180, 1811, 2038, 1958], ""type"": ""handwritten"", ""text"": ""всупереч історії і заради тих, хто""}, {""bbox"": [177, 1912, 2083, 2079], ""type"": ""handwritten"", ""text"": ""після нас говоритиме нашою мов""}, {""bbox"": [190, 2046, 413, 2172], ""type"": ""handwritten"", ""text"": ""вою.""}]"
029de491-d8ee-4fb8-a689-cbfdb14c1f8a.jpg,"[{""bbox"": [2216, 495, 2651, 599], ""type"": ""annotation"", ""text"": ""27.10.25""}, {""bbox"": [800, 575, 1868, 717], ""type"": ""handwritten"", ""text"": ""Треба жити!""}, {""bbox"": [516, 676, 2366, 827], ""type"": ""handwritten"", ""text"": ""Жити треба цікаво:""}, {""bbox"": [404, 778, 2521, 950], ""type"": ""handwritten"", ""text"": ""читати в театр, чітан""}, {""bbox"": [396, 900, 2156, 1065], ""type"": ""handwritten"", ""text"": ""театр, дресирувать""}, {""bbox"": [416, 1026, 1433, 1157], ""type"": ""handwritten"", ""text"": ""пса Патрона…""}, {""bbox"": [656, 1101, 2346, 1283], ""type"": ""handwritten"", ""text"": ""Треба жити! Не в""}, {""bbox"": [420, 1234, 2476, 1422], ""type"": ""handwritten"", ""text"": ""півсили, не трошки, не""}, {""bbox"": [400, 1343, 2628, 1541], ""type"": ""handwritten"", ""text"": ""завтра, не після. По-справж""}, {""bbox"": [409, 1470, 2273, 1652], ""type"": ""handwritten"", ""text"": ""жньому! Зараз! Треба""}, {""bbox"": [421, 1589, 2581, 1779], ""type"": ""handwritten"", ""text"": ""ладити котів, збирати""}, {""bbox"": [412, 1719, 2476, 1904], ""type"": ""handwritten"", ""text"": ""гриби, везти цуценят із""}, {""bbox"": [408, 1839, 2556, 2026], ""type"": ""handwritten"", ""text"": ""фронту на \""інтерсіті\"", роб""}, {""bbox"": [436, 1963, 2713, 2161], ""type"": ""handwritten"", ""text"": ""бити ремонт і приносити""}, {""bbox"": [428, 2096, 2684, 2290], ""type"": ""handwritten"", ""text"": ""щастя тим, кого любимо.""}, {""bbox"": [700, 2232, 2718, 2418], ""type"": ""handwritten"", ""text"": ""Треба купувати сукні""}, {""bbox"": [364, 2356, 2636, 2560], ""type"": ""handwritten"", ""text"": ""з легіткамиттіриносити""}, {""bbox"": [391, 2488, 2825, 2693], ""type"": ""handwritten"", ""text"": ""праїть тим, кого мобимо.""}, {""bbox"": [431, 2624, 2859, 2837], ""type"": ""handwritten"", ""text"": ""і донатити на військо,""}, {""bbox"": [383, 2768, 2846, 2988], ""type"": ""handwritten"", ""text"": ""вишукувати РЕБи і генератори,""}, {""bbox"": [375, 2920, 2837, 3134], ""type"": ""handwritten"", ""text"": ""а ще — нишпорити вечорами""}, {""bbox"": [353, 3073, 2677, 3292], ""type"": ""handwritten"", ""text"": ""в міжʼярʼї ботсаду, бо на""}, {""bbox"": [346, 3231, 2779, 3455], ""type"": ""handwritten"", ""text"": ""перший урок треба принести""}, {""bbox"": [351, 3426, 1268, 3627], ""type"": ""handwritten"", ""text"": ""каштанів.""}]"
3403933d-c115-4371-9368-f9b6c0c6020e.jpg,"[{""bbox"": [554, 115, 1029, 215], ""type"": ""handwritten"", ""text"": ""Преба жити""}, {""bbox"": [360, 225, 1605, 329], ""type"": ""handwritten"", ""text"": ""Жити треба цікаво: читати книжк""}, {""bbox"": [150, 298, 1609, 403], ""type"": ""handwritten"", ""text"": ""ходити в театр, дресирувать пса Патрона…""}, {""bbox"": [357, 370, 848, 445], ""type"": ""handwritten"", ""text"": ""Треба жити!""}, {""bbox"": [289, 425, 1565, 526], ""type"": ""handwritten"", ""text"": ""Не впівсили, не трошки""}, {""bbox"": [158, 484, 1554, 586], ""type"": ""handwritten"", ""text"": ""не завтра, не після. По-справжньому! Зараз!""}, {""bbox"": [159, 543, 1614, 650], ""type"": ""handwritten"", ""text"": ""Треба гладити котів, збирати гриби, везти""}, {""bbox"": [165, 608, 1579, 714], ""type"": ""handwritten"", ""text"": ""цуценят із фронту на \""інтерсіті\"", робити""}, {""bbox"": [166, 674, 1629, 777], ""type"": ""handwritten"", ""text"": ""ремонт і приносити щастя тим, кого любимо.""}, {""bbox"": [163, 736, 1633, 832], ""type"": ""handwritten"", ""text"": ""Треба купувати сукні з лелітками і донати""}, {""bbox"": [161, 796, 1629, 893], ""type"": ""handwritten"", ""text"": ""ти на військо, вишукувати РЕБи і генерат""}, {""bbox"": [153, 860, 1625, 957], ""type"": ""handwritten"", ""text"": ""тори, а ще — нишпорити вечорами в міжʼяр""}, {""bbox"": [150, 923, 1559, 1026], ""type"": ""handwritten"", ""text"": ""ботсаду, бо на перший урок треба принести""}, {""bbox"": [188, 989, 541, 1060], ""type"": ""handwritten"", ""text"": ""каштанів.""}, {""bbox"": [281, 1049, 1643, 1154], ""type"": ""handwritten"", ""text"": ""Треба любити свій дім, навіть якщо він""}, {""bbox"": [160, 1117, 1561, 1219], ""type"": ""handwritten"", ""text"": ""тимчасовий і далеко від справжнього дому —""}, {""bbox"": [163, 1173, 1641, 1286], ""type"": ""handwritten"", ""text"": ""того, що в серці. Треба здавати кров, і, може""}, {""bbox"": [164, 1242, 1572, 1349], ""type"": ""handwritten"", ""text"": ""з нею ще в чиємусь серці поселиться""}, {""bbox"": [171, 1313, 1471, 1414], ""type"": ""handwritten"", ""text"": ""любов до слів: \""допіру\"", \""пітятко\"" чи""}, {""bbox"": [181, 1388, 395, 1445], ""type"": ""handwritten"", ""text"": ""\""кияхи\"".""}, {""bbox"": [283, 1428, 1560, 1537], ""type"": ""handwritten"", ""text"": ""Треба цілуватися, коли випадає нагода, і""}, {""bbox"": [158, 1502, 1550, 1601], ""type"": ""handwritten"", ""text"": ""казати те, що на думці. Немає часу на""}, {""bbox"": [159, 1562, 1537, 1665], ""type"": ""handwritten"", ""text"": ""півтони. Матеріальне — крихке, життя""}, {""bbox"": [161, 1627, 1580, 1728], ""type"": ""handwritten"", ""text"": ""тікає крізь пальці. Справжнім виявилось""}, {""bbox"": [164, 1695, 1499, 1794], ""type"": ""handwritten"", ""text"": ""тільки те, за що не можна схопитись""}, {""bbox"": [174, 1761, 1159, 1850], ""type"": ""handwritten"", ""text"": ""руками: спогади, сміх і любов.""}, {""bbox"": [287, 1815, 1470, 1919], ""type"": ""handwritten"", ""text"": ""Ще треба плакати, коли можеться.""}, {""bbox"": [168, 1883, 1435, 1984], ""type"": ""handwritten"", ""text"": ""За все те, що ніколи не мало з нами""}, {""bbox"": [168, 1947, 1576, 2050], ""type"": ""handwritten"", ""text"": ""статися. За те, що ми не тільки знаємо""}, {""bbox"": [158, 2011, 1502, 2111], ""type"": ""handwritten"", ""text"": ""як пишеться \""далекобійний дрон\"" або \""""}, {""bbox"": [149, 2075, 1574, 2181], ""type"": ""handwritten"", ""text"": ""алістична ракета\"", а й розрізняємо їх""}, {""bbox"": [144, 2141, 462, 2231], ""type"": ""handwritten"", ""text"": ""на слух""}]"
af7e09e3-ef68-41ff-b630-889bebb0930e.jpg,"[{""bbox"": [501, 17, 995, 136], ""type"": ""handwritten"", ""text"": ""Треба жити!""}, {""bbox"": [209, 113, 1345, 284], ""type"": ""handwritten"", ""text"": ""Жити треба цікаво: читати книжки,""}, {""bbox"": [99, 209, 1338, 395], ""type"": ""handwritten"", ""text"": ""ходити в театр, дресирувать пса Патрона…""}, {""bbox"": [198, 306, 1293, 552], ""type"": ""handwritten"", ""text"": ""Треба жити! Не впівсили, не трошки,""}, {""bbox"": [103, 396, 1251, 618], ""type"": ""handwritten"", ""text"": ""не завтра, не після. По-справжньому! Зараз!""}, {""bbox"": [101, 464, 1264, 706], ""type"": ""handwritten"", ""text"": ""Треба гладити котів, збирати гриби, везт""}, {""bbox"": [104, 607, 1340, 857], ""type"": ""handwritten"", ""text"": ""ремонт і приносити щастя тим, кого любимо""}, {""bbox"": [103, 741, 1291, 959], ""type"": ""handwritten"", ""text"": ""тити на військо, вишукувати РЕБи і""}, {""bbox"": [101, 813, 1264, 1061], ""type"": ""handwritten"", ""text"": ""генератора, а ще ниматерити в лижер""}, {""bbox"": [101, 1004, 389, 1125], ""type"": ""handwritten"", ""text"": ""каштанів.""}, {""bbox"": [184, 960, 1313, 1158], ""type"": ""handwritten"", ""text"": ""метратив. Акти свій діль, навчить, якщо""}, {""bbox"": [98, 1107, 1260, 1308], ""type"": ""handwritten"", ""text"": ""тимчасовий і далеко від справжньо""}, {""bbox"": [102, 1165, 1285, 1407], ""type"": ""handwritten"", ""text"": ""ому — того, що в серці. Треба здавати кров,""}, {""bbox"": [101, 1245, 1278, 1507], ""type"": ""handwritten"", ""text"": ""і, може, з нею ще в чиємусь серці поселиться""}, {""bbox"": [208, 1395, 1342, 1671], ""type"": ""handwritten"", ""text"": ""Проба ~~сьідватись, коли випадає насуд""}, {""bbox"": [97, 1495, 1330, 1759], ""type"": ""handwritten"", ""text"": ""і казати те, що на зумці. Ними часуться""}, {""bbox"": [97, 1633, 1338, 1865], ""type"": ""handwritten"", ""text"": ""тікає крізь пальці. Справжнім виявилось тільки те,""}, {""bbox"": [89, 1713, 1195, 1941], ""type"": ""handwritten"", ""text"": ""за що не можна схопитись руками:""}, {""bbox"": [100, 1810, 726, 1998], ""type"": ""handwritten"", ""text"": ""спогади, сміх і любов.""}]"
06623e41-7d44-4d16-8318-07ed6e8414d1.jpg,"[{""bbox"": [426, 78, 2162, 255], ""type"": ""handwritten"", ""text"": ""якщо він тимчасовий і далеко""}, {""bbox"": [412, 210, 2172, 389], ""type"": ""handwritten"", ""text"": ""від справжнього дому — того, що""}, {""bbox"": [411, 339, 2192, 518], ""type"": ""handwritten"", ""text"": ""в серці. Треба здавати кров""}, {""bbox"": [423, 477, 2205, 643], ""type"": ""handwritten"", ""text"": ""і, може, з нею ще в чиємусь""}, {""bbox"": [421, 610, 2246, 783], ""type"": ""handwritten"", ""text"": ""серці поселиться любов до слів:""}, {""bbox"": [418, 723, 2074, 903], ""type"": ""handwritten"", ""text"": ""\""допіру\"", \""пітятко\"" чи \""кияхи\"".""}, {""bbox"": [560, 875, 2240, 1049], ""type"": ""handwritten"", ""text"": ""Треба цілуватися, коли випад""}, {""bbox"": [387, 1014, 2255, 1184], ""type"": ""handwritten"", ""text"": ""дає нагода, і казати те, що на""}, {""bbox"": [398, 1144, 2260, 1317], ""type"": ""handwritten"", ""text"": ""думці. Немає часу на півтони.""}, {""bbox"": [396, 1281, 2147, 1454], ""type"": ""handwritten"", ""text"": ""Матеріальне — крихке, життя""}, {""bbox"": [411, 1420, 2207, 1596], ""type"": ""handwritten"", ""text"": ""тікає крізь пальці. Справжнім""}, {""bbox"": [394, 1555, 2172, 1739], ""type"": ""handwritten"", ""text"": ""виявилось тільки те, за що""}, {""bbox"": [423, 1704, 2296, 1876], ""type"": ""handwritten"", ""text"": ""не можна схопитись руками:""}, {""bbox"": [437, 1852, 1835, 2006], ""type"": ""handwritten"", ""text"": ""спогади, сміх і любов.""}, {""bbox"": [574, 1975, 2190, 2154], ""type"": ""handwritten"", ""text"": ""Ще треба плакати, коли""}, {""bbox"": [393, 2119, 2306, 2302], ""type"": ""handwritten"", ""text"": ""можеться. За все те, що ніколи""}, {""bbox"": [374, 2271, 2242, 2452], ""type"": ""handwritten"", ""text"": ""не мало з нами статися.""}, {""bbox"": [391, 2419, 2233, 2595], ""type"": ""handwritten"", ""text"": ""За те, що ми не тільки""}, {""bbox"": [384, 2568, 2332, 2743], ""type"": ""handwritten"", ""text"": ""знаємо, як пишеться \""далекобійний""}, {""bbox"": [381, 2699, 2301, 2896], ""type"": ""handwritten"", ""text"": ""дрон\"" або \""балістична ракета\"",""}]"
2c0ef89b-07e4-45f8-9bdc-81360d08de8c.jpg,"[{""bbox"": [593, 174, 1967, 464], ""type"": ""handwritten"", ""text"": ""Треба жити""}, {""bbox"": [126, 424, 4319, 815], ""type"": ""handwritten"", ""text"": ""Жити треба цікаво: читати книжки, ходити""}, {""bbox"": [49, 714, 3510, 1030], ""type"": ""handwritten"", ""text"": ""в театр, дресирувать пса Патрона""}, {""bbox"": [47, 932, 4435, 1292], ""type"": ""handwritten"", ""text"": ""Треба жити! Не впівсили, не трошки, не завтра,""}, {""bbox"": [44, 1173, 4339, 1535], ""type"": ""handwritten"", ""text"": ""не після. По-справжньому! Зараз! Треба гладити""}, {""bbox"": [51, 1423, 4324, 1792], ""type"": ""handwritten"", ""text"": ""котів, збирати гриби, везти цуценят із фронту""}, {""bbox"": [57, 1683, 4061, 2017], ""type"": ""handwritten"", ""text"": ""на \""інтерсіті\"", робити ремонт і приносити""}, {""bbox"": [50, 1918, 4102, 2274], ""type"": ""handwritten"", ""text"": ""щастя тим, кого любимо. Треба купувати""}, {""bbox"": [52, 2165, 4361, 2509], ""type"": ""handwritten"", ""text"": ""сункі з неліннами і тритосять щання пили,""}, {""bbox"": [48, 2396, 4545, 2769], ""type"": ""handwritten"", ""text"": ""ми і донатити на військо, вишукувати""}, {""bbox"": [46, 2656, 4223, 3003], ""type"": ""handwritten"", ""text"": ""РЕБи і генератори, а ще — нишпорити вечорами""}, {""bbox"": [51, 2887, 4031, 3250], ""type"": ""handwritten"", ""text"": ""в міжʼярʼї ботсаду, бо на перший урок""}, {""bbox"": [75, 3157, 2558, 3433], ""type"": ""handwritten"", ""text"": ""треба принести каштанів.""}, {""bbox"": [215, 3375, 3931, 3722], ""type"": ""handwritten"", ""text"": ""Треба любити свій дім, навіть якщо він""}, {""bbox"": [45, 3634, 4224, 3978], ""type"": ""handwritten"", ""text"": ""тимчасовий і далеко від справжнього дому —""}, {""bbox"": [48, 3872, 4300, 4226], ""type"": ""handwritten"", ""text"": ""того, що в серці. Треба здавати кров, і, може, з""}, {""bbox"": [54, 4122, 4195, 4469], ""type"": ""handwritten"", ""text"": ""нею ще в чиємусь серці поселиться любов до""}, {""bbox"": [55, 4384, 3100, 4656], ""type"": ""handwritten"", ""text"": ""слів: \""допіру\"", \""пітятко\"" чи \""кияхи\"".""}, {""bbox"": [186, 4600, 4312, 4964], ""type"": ""handwritten"", ""text"": ""Треба цілуватися, коли випадає нагода, і казати""}, {""bbox"": [55, 4875, 3850, 5196], ""type"": ""handwritten"", ""text"": ""те, що на думці. Немає часу на півтони.""}, {""bbox"": [55, 5118, 4152, 5457], ""type"": ""handwritten"", ""text"": ""Матеріальне — крихке, життя тікає крізь""}, {""bbox"": [44, 5361, 4250, 5706], ""type"": ""handwritten"", ""text"": ""пальці. Справжнім виявилось тільки те, за що""}, {""bbox"": [25, 5623, 4756, 6011], ""type"": ""handwritten"", ""text"": ""не можна схопитись руками: спогади, сміх і любов.""}]"
1c8cc545-241f-4da1-b46b-429064fc9f13.jpg,"[{""bbox"": [21, 5, 725, 73], ""type"": ""handwritten"", ""text"": ""Матеріальне — крихке, життя тікає крізь""}, {""bbox"": [23, 46, 779, 116], ""type"": ""handwritten"", ""text"": ""пальці. Справжнім виявилось тільки те,""}, {""bbox"": [24, 92, 731, 160], ""type"": ""handwritten"", ""text"": ""за що не можна схопитись руками:""}, {""bbox"": [29, 141, 455, 207], ""type"": ""handwritten"", ""text"": ""спогади, сміх і любов.""}, {""bbox"": [90, 182, 726, 259], ""type"": ""handwritten"", ""text"": ""Ще треба плакати, коли можеться.""}, {""bbox"": [24, 231, 810, 313], ""type"": ""handwritten"", ""text"": ""За все те, що ніколи не мало з нами""}, {""bbox"": [25, 283, 821, 355], ""type"": ""handwritten"", ""text"": ""статися. За те, що ми не тільки знаємо,""}, {""bbox"": [24, 326, 830, 407], ""type"": ""handwritten"", ""text"": ""як пишеться \""далекобійний дрон\"" або \""балістична""}, {""bbox"": [26, 382, 680, 459], ""type"": ""handwritten"", ""text"": ""ракета\"", а й розрізняємо їх на слух.""}, {""bbox"": [96, 429, 836, 509], ""type"": ""handwritten"", ""text"": ""Росіяни хочуть, щоб ми стали схожими""}, {""bbox"": [32, 481, 779, 563], ""type"": ""handwritten"", ""text"": ""на них: скніли у вічній гризоті. А ми""}, {""bbox"": [36, 529, 795, 608], ""type"": ""handwritten"", ""text"": ""будемо жити цікаво — всупереч історії і""}, {""bbox"": [31, 577, 785, 655], ""type"": ""handwritten"", ""text"": ""заради тих, хто після нас говоритнише""}, {""bbox"": [29, 641, 320, 715], ""type"": ""handwritten"", ""text"": ""нашою мовою.""}]"
1b8832df-3748-4cc3-9f7d-11fa1880106e.jpg,"[{""bbox"": [1454, 222, 2233, 391], ""type"": ""handwritten"", ""text"": ""Треба жити!""}, {""bbox"": [497, 334, 3631, 590], ""type"": ""handwritten"", ""text"": ""Жити треба цікаво: читати книжки, ходити в театр,""}, {""bbox"": [328, 559, 1871, 748], ""type"": ""handwritten"", ""text"": ""дресирувать пса Патрона…""}, {""bbox"": [468, 722, 3704, 942], ""type"": ""handwritten"", ""text"": ""Треба жити! Не впівсили, не трошки, не завтра, не після.""}, {""bbox"": [316, 901, 3668, 1140], ""type"": ""handwritten"", ""text"": ""По-справжньому! Зараз! Треба гладити котів, збирати гриби,""}, {""bbox"": [326, 1097, 3598, 1319], ""type"": ""handwritten"", ""text"": ""везти цуценят із фронту на \""інтерсіті\"", робити ремонт і""}, {""bbox"": [325, 1280, 3716, 1504], ""type"": ""handwritten"", ""text"": ""приносити щастя тим, кого любимо. Треба купувати сукні""}, {""bbox"": [313, 1454, 3751, 1693], ""type"": ""handwritten"", ""text"": ""з лелітками і донатити на військо, вишукувати РЕБи і""}, {""bbox"": [312, 1644, 3789, 1890], ""type"": ""handwritten"", ""text"": ""генератори, а ще — нишпорити вечорами в міжʼярʼї ботсаду,""}, {""bbox"": [316, 1862, 2925, 2073], ""type"": ""handwritten"", ""text"": ""бо на перший урок треба принести каштанів.""}, {""bbox"": [502, 2028, 3679, 2265], ""type"": ""handwritten"", ""text"": ""Треба любити свій дім, навіть якщо він тимчасовий і""}, {""bbox"": [311, 2223, 3828, 2463], ""type"": ""handwritten"", ""text"": ""далеко від справжнього дому — того, що в серці. Треба здавати""}, {""bbox"": [294, 2424, 3801, 2651], ""type"": ""handwritten"", ""text"": ""кров, і, може, з нею ще в чиємусь серці поселиться любов до""}, {""bbox"": [295, 2614, 2302, 2828], ""type"": ""handwritten"", ""text"": ""слів: \""допіру\"", \""пітятко\"" чи \""кияхи\"".""}, {""bbox"": [402, 2802, 3682, 3027], ""type"": ""handwritten"", ""text"": ""Треба цілуватися, коли випадає нагода, і казати те, що на""}, {""bbox"": [300, 2994, 3694, 3209], ""type"": ""handwritten"", ""text"": ""думці. Немає часу на півтони. Матеріальне — крихке, життя""}, {""bbox"": [300, 3172, 3653, 3409], ""type"": ""handwritten"", ""text"": ""тікає крізь пальці. Справжнім виявилось тільки те, за що не""}, {""bbox"": [287, 3375, 3008, 3586], ""type"": ""handwritten"", ""text"": ""можна схопитись руками: спогади, сміх і любов.""}, {""bbox"": [413, 3566, 3791, 3781], ""type"": ""handwritten"", ""text"": ""Ще треба плакати, коли можеться. За все те, що ніколи не""}, {""bbox"": [299, 3737, 3792, 3974], ""type"": ""handwritten"", ""text"": ""мало з нами статися. За те, що ми не тільки знаємо, як""}, {""bbox"": [294, 3936, 3643, 4190], ""type"": ""handwritten"", ""text"": ""пишеться \""далекобійний дрон\"" або \""балістична ракета\"", а й""}, {""bbox"": [312, 4159, 1696, 4354], ""type"": ""handwritten"", ""text"": ""розрізняємо їх на слух.""}, {""bbox"": [443, 4328, 3776, 4564], ""type"": ""handwritten"", ""text"": ""Росіяни хочуть, щоб ми стали схожими на них: скніли""}, {""bbox"": [279, 4527, 3506, 4750], ""type"": ""handwritten"", ""text"": ""у вічній гризоті. А ми будемо жити цікаво — всупереч""}, {""bbox"": [289, 4722, 3636, 4940], ""type"": ""handwritten"", ""text"": ""історії і заради тих, хто після нас говоритиме нашою""}, {""bbox"": [291, 4956, 673, 5101], ""type"": ""handwritten"", ""text"": ""мовою.""}]"
45daa6c5-4824-4285-9fe0-05b6a8c2623c.jpg,"[{""bbox"": [889, 115, 1994, 327], ""type"": ""handwritten"", ""text"": ""Треба жити""}, {""bbox"": [760, 299, 2548, 514], ""type"": ""handwritten"", ""text"": ""Жити треба цікаво:""}, {""bbox"": [516, 468, 2744, 685], ""type"": ""handwritten"", ""text"": ""читати книжки, ходити в""}, {""bbox"": [488, 635, 2571, 863], ""type"": ""handwritten"", ""text"": ""театр, дресирувать пса""}, {""bbox"": [499, 817, 1259, 1018], ""type"": ""handwritten"", ""text"": ""Патрона…""}, {""bbox"": [809, 989, 2841, 1212], ""type"": ""handwritten"", ""text"": ""Треба жити! Не впівсил""}, {""bbox"": [466, 1173, 2831, 1408], ""type"": ""handwritten"", ""text"": "", не трошки, не завтра,""}, {""bbox"": [478, 1352, 2827, 1583], ""type"": ""handwritten"", ""text"": ""не після. По-справжньому!""}, {""bbox"": [464, 1526, 2848, 1765], ""type"": ""handwritten"", ""text"": ""Зараз! Треба гладити кот""}, {""bbox"": [452, 1709, 2758, 1957], ""type"": ""handwritten"", ""text"": ""тів, збирати гриби, везти""}, {""bbox"": [446, 1900, 2582, 2149], ""type"": ""handwritten"", ""text"": ""цуценят із фронту на""}, {""bbox"": [448, 2079, 2894, 2338], ""type"": ""handwritten"", ""text"": ""інтерсіті\"", робити ремонт""}, {""bbox"": [441, 2274, 2841, 2527], ""type"": ""handwritten"", ""text"": ""і приносити щастя тим,""}, {""bbox"": [441, 2469, 2876, 2726], ""type"": ""handwritten"", ""text"": ""кого любимо. Треба купуват""}, {""bbox"": [401, 2674, 2799, 2921], ""type"": ""handwritten"", ""text"": ""ти сукні з лелітками і""}, {""bbox"": [398, 2852, 2810, 3118], ""type"": ""handwritten"", ""text"": ""донатити на військо, виш""}, {""bbox"": [418, 3053, 2897, 3332], ""type"": ""handwritten"", ""text"": ""шукувати РЕБи і генерат""}, {""bbox"": [422, 3277, 2938, 3537], ""type"": ""handwritten"", ""text"": ""тори, а ще — нишпорити""}, {""bbox"": [408, 3458, 2949, 3747], ""type"": ""handwritten"", ""text"": ""вечорами в міжʼярʼї ботсаду""}, {""bbox"": [395, 3675, 2653, 3955], ""type"": ""handwritten"", ""text"": ""бо на перший урок треба""}]"
45515516-f7a4-4786-8406-804809b93eaa.jpg,"[{""bbox"": [671, 110, 1733, 333], ""type"": ""handwritten"", ""text"": ""Треба жити!""}, {""bbox"": [346, 330, 2895, 581], ""type"": ""handwritten"", ""text"": ""Жити треба цікаво: читати книжки, ход""}, {""bbox"": [188, 494, 2839, 756], ""type"": ""handwritten"", ""text"": ""дити в театр, дресирувать пса Патрона…""}, {""bbox"": [157, 677, 2820, 948], ""type"": ""handwritten"", ""text"": ""Треба жити! Не впівсили, не трошки,""}, {""bbox"": [156, 868, 2934, 1146], ""type"": ""handwritten"", ""text"": ""не завтра, не після. По-справжньому! Зараз!""}, {""bbox"": [309, 1074, 2938, 1352], ""type"": ""handwritten"", ""text"": ""Треба гладити котів, збирати гриби, везт""}, {""bbox"": [167, 1258, 2943, 1523], ""type"": ""handwritten"", ""text"": ""ти цуценят із фронту на \""інтерсіті\"", робити""}, {""bbox"": [154, 1431, 2916, 1706], ""type"": ""handwritten"", ""text"": ""ремонт і приносити щастя тим, кого люб""}, {""bbox"": [154, 1594, 2866, 1881], ""type"": ""handwritten"", ""text"": ""бимо. Треба купувати сукні з лелітками""}, {""bbox"": [147, 1777, 2871, 2060], ""type"": ""handwritten"", ""text"": ""і донатити на військо, вишукувати РЕБи""}, {""bbox"": [142, 1949, 2849, 2238], ""type"": ""handwritten"", ""text"": ""і генератори, а ще — нишпорити вечорами""}, {""bbox"": [142, 2118, 2791, 2418], ""type"": ""handwritten"", ""text"": ""в міжʼярʼї ботсаду, бо на перший урок""}, {""bbox"": [155, 2317, 1938, 2557], ""type"": ""handwritten"", ""text"": ""треба принести каштанів.""}, {""bbox"": [308, 2530, 2898, 2809], ""type"": ""handwritten"", ""text"": ""Треба любити свій дім, навіть якщо""}, {""bbox"": [172, 2729, 2811, 3018], ""type"": ""handwritten"", ""text"": ""він тимчасовий і далеко від справжнього""}, {""bbox"": [154, 2920, 2745, 3219], ""type"": ""handwritten"", ""text"": ""дому — того, що в серці. Треба здавати""}, {""bbox"": [157, 3138, 2776, 3425], ""type"": ""handwritten"", ""text"": ""кров, і, може, з нею ще в чиємусь серці""}, {""bbox"": [159, 3342, 2976, 3645], ""type"": ""handwritten"", ""text"": ""поселиться любов до слів: \""допіру\"", \""пітятк""}, {""bbox"": [162, 3553, 1220, 3748], ""type"": ""handwritten"", ""text"": ""ко\"" чи \""кияхи\"".""}]"
517b4763-7769-4fce-a52b-20d62eff28e7.jpg,"[{""bbox"": [543, 284, 912, 350], ""type"": ""handwritten"", ""text"": ""Треба жити!""}, {""bbox"": [285, 333, 1337, 418], ""type"": ""handwritten"", ""text"": ""Жити треба ціково: читати книжки,""}, {""bbox"": [191, 400, 1370, 476], ""type"": ""handwritten"", ""text"": ""ходити в театр, дресирувать пса Патрона…""}, {""bbox"": [189, 436, 1352, 521], ""type"": ""handwritten"", ""text"": ""Треба жити! Не впівсили, не трошки,""}, {""bbox"": [176, 510, 1333, 571], ""type"": ""handwritten"", ""text"": ""завтра, не після. По-справжньому! Зараз!""}, {""bbox"": [183, 542, 1418, 626], ""type"": ""handwritten"", ""text"": ""Треба гладити котів, збирати гриби, везти цуцен""}, {""bbox"": [177, 605, 1417, 674], ""type"": ""handwritten"", ""text"": ""нят із фронту на Унтериті, робити решонет у""}, {""bbox"": [166, 650, 1457, 716], ""type"": ""handwritten"", ""text"": ""приносити щастя тим, кого любимо. Треба купув""}, {""bbox"": [170, 698, 1469, 760], ""type"": ""handwritten"", ""text"": ""вати сукні з лелітками і донатити на військо,""}, {""bbox"": [166, 736, 1458, 805], ""type"": ""handwritten"", ""text"": ""вишукувати РЕБи і генератори, а ще — нишпорити""}, {""bbox"": [169, 773, 1437, 862], ""type"": ""handwritten"", ""text"": ""вечорами в міжірії батсаду, во на перший улок""}, {""bbox"": [171, 825, 871, 893], ""type"": ""handwritten"", ""text"": ""треба принести колитанів.""}, {""bbox"": [183, 868, 1473, 942], ""type"": ""handwritten"", ""text"": ""Треба любити свій дім, навіть якщо він тимчас""}, {""bbox"": [149, 915, 1432, 984], ""type"": ""handwritten"", ""text"": ""совий і далеко від справжнього дому — того, що в""}, {""bbox"": [156, 960, 1443, 1039], ""type"": ""handwritten"", ""text"": ""серці. Треба здавати кров, і, може, з нею ще в""}, {""bbox"": [148, 1021, 747, 1086], ""type"": ""handwritten"", ""text"": ""чиємусь серці посели""}, {""bbox"": [153, 1072, 747, 1132], ""type"": ""handwritten"", ""text"": ""\""допіру\"", \""пітятко\"" чи \""кияхи\"".""}, {""bbox"": [173, 1104, 1495, 1186], ""type"": ""handwritten"", ""text"": ""Треба цілуватися, коли випадає нагода, і казати""}, {""bbox"": [138, 1156, 1497, 1244], ""type"": ""handwritten"", ""text"": ""те, що на думці. Немає часу на півтони. Мат""}, {""bbox"": [135, 1209, 1405, 1286], ""type"": ""handwritten"", ""text"": ""теріальне — крихке, життя тікає крізь пальці.""}, {""bbox"": [130, 1256, 1494, 1333], ""type"": ""handwritten"", ""text"": ""Справжнім виявилось тільки те, за що не можна""}, {""bbox"": [125, 1302, 1533, 1391], ""type"": ""handwritten"", ""text"": ""схопитись руками: спогади, сміх і любов. Щ""}, {""bbox"": [140, 1362, 1520, 1445], ""type"": ""handwritten"", ""text"": ""Ще треба плакати, коли можеться. За все те,""}, {""bbox"": [130, 1415, 1474, 1494], ""type"": ""handwritten"", ""text"": ""що ніколи не мало з нами статися. За те,""}, {""bbox"": [121, 1465, 1541, 1538], ""type"": ""handwritten"", ""text"": ""що ми не тільки знаємо, як пишеться \""далекобійний""}, {""bbox"": [123, 1518, 1512, 1598], ""type"": ""handwritten"", ""text"": ""дрон\"" або \""балістична ракета\"", а й розрізняємо їх на""}, {""bbox"": [114, 1603, 267, 1660], ""type"": ""handwritten"", ""text"": ""слух.""}, {""bbox"": [162, 1620, 1492, 1714], ""type"": ""handwritten"", ""text"": ""Росіяни хочуть, щоб ми стали схожими на""}, {""bbox"": [130, 1676, 1530, 1766], ""type"": ""handwritten"", ""text"": ""них: скніли у вічній гризоті. А ми будемо жити""}, {""bbox"": [105, 1731, 1558, 1833], ""type"": ""handwritten"", ""text"": ""цікаво — всупереч історії і заради тих, хто після нас""}, {""bbox"": [96, 1806, 950, 1903], ""type"": ""handwritten"", ""text"": ""говоритиме нашою мовою.""}]"
0e12b373-fea2-4b95-af05-85a2bdee3235.jpg,"[{""bbox"": [987, 87, 1619, 204], ""type"": ""handwritten"", ""text"": ""Треба жити!""}, {""bbox"": [349, 170, 2753, 313], ""type"": ""handwritten"", ""text"": ""Жити треба цікаво: читати книжки, ходити""}, {""bbox"": [152, 259, 1984, 389], ""type"": ""handwritten"", ""text"": ""в театр, дресирувать пса Патрона…""}, {""bbox"": [286, 336, 2772, 471], ""type"": ""handwritten"", ""text"": ""Треба жити! Не впівсили, не трошки, не завтра,""}, {""bbox"": [140, 425, 2698, 569], ""type"": ""handwritten"", ""text"": ""після. По-справжньому! Зараз! Треба гладити""}, {""bbox"": [138, 497, 2710, 653], ""type"": ""handwritten"", ""text"": ""котів, збирати гриби, везти цуценят із фронту""}, {""bbox"": [143, 552, 2709, 701], ""type"": ""handwritten"", ""text"": ""на \""інтерсіті\"", робити ремонт і приносити""}, {""bbox"": [129, 676, 2760, 817], ""type"": ""handwritten"", ""text"": ""щастя тим, кого любимо. Треба купувати сукні з""}, {""bbox"": [118, 764, 2757, 900], ""type"": ""handwritten"", ""text"": ""лелітками і донатити на військо, вишукувати""}, {""bbox"": [118, 847, 2790, 978], ""type"": ""handwritten"", ""text"": ""РЕБи і генератори, а ще — нишпорити вечорами в""}, {""bbox"": [110, 920, 2814, 1078], ""type"": ""handwritten"", ""text"": ""міжʼярʼї ботсаду, бо на перший урок треба прин""}, {""bbox"": [129, 1047, 1118, 1156], ""type"": ""handwritten"", ""text"": ""нести каштанів.""}, {""bbox"": [266, 1097, 2802, 1246], ""type"": ""handwritten"", ""text"": ""Треба любити свій дім, навіть якщо він тимчас""}, {""bbox"": [125, 1189, 2820, 1327], ""type"": ""handwritten"", ""text"": ""совий і далеко від справжнього дому — того, що в серці.""}, {""bbox"": [110, 1263, 2809, 1411], ""type"": ""handwritten"", ""text"": ""Треба здавати кров, і, може, з нею ще в чиємусь""}, {""bbox"": [115, 1348, 2821, 1502], ""type"": ""handwritten"", ""text"": ""серці поемиться моїїв до слів \""доперу\"", \""пітатко""}, {""bbox"": [107, 1466, 651, 1565], ""type"": ""handwritten"", ""text"": ""чи \""кияхи\"".""}, {""bbox"": [315, 1528, 2815, 1670], ""type"": ""handwritten"", ""text"": ""Треба цілуватися, коли випадає нагода, і казат""}, {""bbox"": [171, 1621, 2832, 1756], ""type"": ""handwritten"", ""text"": ""ти те, що на думці. Немає часу на півтони. Мат""}, {""bbox"": [136, 1705, 2700, 1836], ""type"": ""handwritten"", ""text"": ""еріальне — крихке, життя тікає крізь пальці.""}, {""bbox"": [130, 1791, 2824, 1930], ""type"": ""handwritten"", ""text"": ""Справжнім виявилось тільки те, за що не можн""}, {""bbox"": [142, 1887, 2639, 2018], ""type"": ""handwritten"", ""text"": ""на схопитись руками: спогади, сміх і любов""}, {""bbox"": [292, 1970, 2696, 2107], ""type"": ""handwritten"", ""text"": ""Ще треба плакати, коли можеться. За""}, {""bbox"": [102, 2050, 2795, 2203], ""type"": ""handwritten"", ""text"": ""все те, що ніколи не мало з нами статися.""}, {""bbox"": [101, 2142, 2820, 2290], ""type"": ""handwritten"", ""text"": ""За те, що ми не тільки знаємо, як пишеться \""дал""}, {""bbox"": [98, 2233, 2788, 2390], ""type"": ""handwritten"", ""text"": ""лекобійний дрон\"" або \""балістична ракета\"", а""}, {""bbox"": [122, 2350, 1538, 2477], ""type"": ""handwritten"", ""text"": ""й розрізняємо їх на слух.""}, {""bbox"": [312, 2446, 2689, 2588], ""type"": ""handwritten"", ""text"": ""Росіяни хочуть, щоб ми стали схожими""}, {""bbox"": [105, 2533, 2827, 2689], ""type"": ""handwritten"", ""text"": ""на них: скніли у вічній гризоті. А ми будемо жит""}, {""bbox"": [94, 2636, 2656, 2786], ""type"": ""handwritten"", ""text"": ""ти цікаво — всупереч історії і заради тих, хто""}, {""bbox"": [106, 2744, 2226, 2887], ""type"": ""handwritten"", ""text"": ""після нас говоритиме нашою мовою.""}]"
2c52e21f-f145-4e1e-ae0e-f44e3769a8d0.jpg,"[{""bbox"": [631, 28, 1649, 193], ""type"": ""handwritten"", ""text"": ""Треба жити!""}, {""bbox"": [442, 177, 2381, 364], ""type"": ""handwritten"", ""text"": ""Жити треба цікаво: читати""}, {""bbox"": [258, 302, 2404, 497], ""type"": ""handwritten"", ""text"": ""книжки, ходити в театр, дресирув""}, {""bbox"": [274, 410, 1463, 566], ""type"": ""handwritten"", ""text"": ""вать пса Патрона…""}, {""bbox"": [418, 526, 1359, 674], ""type"": ""handwritten"", ""text"": ""Треба жити!""}, {""bbox"": [277, 633, 2408, 815], ""type"": ""handwritten"", ""text"": ""Не впівсили, не трошки, не завтра,""}, {""bbox"": [251, 747, 2255, 921], ""type"": ""handwritten"", ""text"": ""не після. По-справжньому! Зараз!""}, {""bbox"": [236, 863, 2484, 1042], ""type"": ""handwritten"", ""text"": ""Треба гладити котів, збирати гриби,""}, {""bbox"": [228, 980, 2224, 1135], ""type"": ""handwritten"", ""text"": ""везти цуценят із фронту на""}, {""bbox"": [228, 1088, 2413, 1250], ""type"": ""handwritten"", ""text"": ""\""інтерсіті\"", робити ремонт і прин""}, {""bbox"": [232, 1198, 2409, 1368], ""type"": ""handwritten"", ""text"": ""носити щастя тим, кого любимо.""}, {""bbox"": [224, 1315, 2403, 1481], ""type"": ""handwritten"", ""text"": ""Треба купувати сукні з лелітками""}, {""bbox"": [221, 1426, 2459, 1599], ""type"": ""handwritten"", ""text"": ""і донатити на військо, вишукувати""}, {""bbox"": [221, 1545, 2478, 1717], ""type"": ""handwritten"", ""text"": ""РЕБи і генератори, а ще — нишпорити""}, {""bbox"": [218, 1665, 2426, 1836], ""type"": ""handwritten"", ""text"": ""вечорами в міжʼярʼї ботсаду, бо""}, {""bbox"": [218, 1780, 2386, 1957], ""type"": ""handwritten"", ""text"": ""на перший урок треба принести""}, {""bbox"": [227, 1906, 924, 2040], ""type"": ""handwritten"", ""text"": ""каштанів.""}, {""bbox"": [332, 2013, 2475, 2194], ""type"": ""handwritten"", ""text"": ""Треба любити свій дім, навіть""}, {""bbox"": [189, 2137, 2373, 2315], ""type"": ""handwritten"", ""text"": ""якщо він тимчасовий і далеко""}, {""bbox"": [174, 2259, 2452, 2438], ""type"": ""handwritten"", ""text"": ""від справжнього дому — того, що в""}, {""bbox"": [163, 2383, 2482, 2566], ""type"": ""handwritten"", ""text"": ""серці. Треба здавати кров, і, може""}, {""bbox"": [135, 2509, 2545, 2697], ""type"": ""handwritten"", ""text"": ""з нею ще в чиємусь серці поселиться""}, {""bbox"": [142, 2638, 2526, 2833], ""type"": ""handwritten"", ""text"": ""любов до слів: \""допіру\"", \""пітятко\""""}, {""bbox"": [131, 2778, 886, 2930], ""type"": ""handwritten"", ""text"": ""чи \""кияхи\"".""}, {""bbox"": [308, 2900, 2533, 3091], ""type"": ""handwritten"", ""text"": ""Треба цілуватися, коли випадає""}, {""bbox"": [107, 3042, 2516, 3227], ""type"": ""handwritten"", ""text"": ""нагода, і казати те, що на думці.""}, {""bbox"": [93, 3173, 2603, 3373], ""type"": ""handwritten"", ""text"": ""Немає часу на півтони. Матеріальне""}, {""bbox"": [81, 3318, 2576, 3530], ""type"": ""handwritten"", ""text"": ""крихке, життя тікає крізь пальці.""}]"
18695f3c-c4dc-4427-9e10-7c77b2684ecf.jpg,"[{""bbox"": [1087, 88, 1780, 227], ""type"": ""printed"", ""text"": ""Радіодиктант""}, {""bbox"": [1912, 85, 2157, 318], ""type"": ""image"", ""text"": """"}, {""bbox"": [924, 250, 1944, 352], ""type"": ""printed"", ""text"": ""національної єдності""}, {""bbox"": [1132, 345, 1754, 440], ""type"": ""handwritten"", ""text"": ""Треба жити""}, {""bbox"": [63, 52, 803, 886], ""type"": ""image"", ""text"": """"}, {""bbox"": [900, 428, 1979, 527], ""type"": ""handwritten"", ""text"": ""треба цікаво:""}, {""bbox"": [818, 506, 2127, 616], ""type"": ""handwritten"", ""text"": ""читати книжки, ходити""}, {""bbox"": [815, 588, 2035, 698], ""type"": ""handwritten"", ""text"": ""в театр, дресирувать""}, {""bbox"": [826, 666, 1576, 766], ""type"": ""handwritten"", ""text"": ""пса Патрона…""}, {""bbox"": [928, 740, 2152, 849], ""type"": ""handwritten"", ""text"": ""Треба жити! Не впів""}, {""bbox"": [129, 819, 2186, 942], ""type"": ""handwritten"", ""text"": ""сили, не трошки, не з""}, {""bbox"": [125, 899, 2194, 1025], ""type"": ""handwritten"", ""text"": ""По-справжньому! Зараз! Треба гладити""}, {""bbox"": [126, 981, 2169, 1102], ""type"": ""handwritten"", ""text"": ""котів, збирати гриби, везти цуцен""}, {""bbox"": [133, 1062, 2168, 1182], ""type"": ""handwritten"", ""text"": ""нят із фронту на \""інтерсіті\"", робити""}, {""bbox"": [133, 1143, 2189, 1262], ""type"": ""handwritten"", ""text"": ""ремонт і приносити щастя тим""}, {""bbox"": [131, 1227, 2050, 1341], ""type"": ""handwritten"", ""text"": ""кого любимо. Треба купувати""}, {""bbox"": [118, 1306, 2191, 1424], ""type"": ""handwritten"", ""text"": ""сукні з лелітками і донатити""}, {""bbox"": [129, 1388, 2183, 1504], ""type"": ""handwritten"", ""text"": ""на військо, вишукувати РЕБи і генер""}, {""bbox"": [131, 1468, 2172, 1580], ""type"": ""handwritten"", ""text"": ""ратори, а ще — нишпорити вечорам""}, {""bbox"": [128, 1550, 2139, 1666], ""type"": ""handwritten"", ""text"": ""ми в міжʼярʼї ботсаду, бо на""}, {""bbox"": [130, 1628, 2037, 1739], ""type"": ""handwritten"", ""text"": ""перший урок треба принести""}, {""bbox"": [124, 1709, 2097, 1823], ""type"": ""handwritten"", ""text"": ""каштанів. Треба любити свій""}, {""bbox"": [122, 1790, 2154, 1907], ""type"": ""handwritten"", ""text"": ""дім, навіть якщо він тимчасовий""}, {""bbox"": [122, 1873, 2149, 1987], ""type"": ""handwritten"", ""text"": ""і далеко від справжнього дому —""}, {""bbox"": [123, 1955, 2139, 2066], ""type"": ""handwritten"", ""text"": ""того, що в серці. Треба здавати""}, {""bbox"": [115, 2036, 2111, 2149], ""type"": ""handwritten"", ""text"": ""кров, і, може, з нею ще в чиємусь""}, {""bbox"": [113, 2119, 2018, 2234], ""type"": ""handwritten"", ""text"": ""серці поселиться любов до слів""}, {""bbox"": [190, 2204, 2049, 2314], ""type"": ""handwritten"", ""text"": ""допіру\"", \""пітятко\"" чи \""кияхи\""""}, {""bbox"": [222, 2283, 2122, 2395], ""type"": ""handwritten"", ""text"": ""Треба цілуватися, коли випадає""}, {""bbox"": [111, 2367, 2149, 2477], ""type"": ""handwritten"", ""text"": ""нагода, і казати те, що на думці.""}, {""bbox"": [110, 2448, 1873, 2557], ""type"": ""handwritten"", ""text"": ""Немає часу на півтони.""}, {""bbox"": [118, 2530, 1925, 2639], ""type"": ""handwritten"", ""text"": ""Матеріальне — крихке, життя""}, {""bbox"": [120, 2612, 1953, 2723], ""type"": ""handwritten"", ""text"": ""тікає крізь пальці. Справжн""}, {""bbox"": [117, 2695, 1902, 2806], ""type"": ""handwritten"", ""text"": ""нім виявилось тільки те, за""}, {""bbox"": [1674, 2401, 2184, 3156], ""type"": ""image"", ""text"": """"}, {""bbox"": [118, 2781, 1728, 2886], ""type"": ""handwritten"", ""text"": ""що не можна схопитись""}, {""bbox"": [117, 2856, 1608, 2967], ""type"": ""handwritten"", ""text"": ""руками: спогади, сміх""}, {""bbox"": [120, 2934, 667, 3031], ""type"": ""handwritten"", ""text"": ""любов.""}, {""bbox"": [190, 3008, 1721, 3107], ""type"": ""handwritten"", ""text"": ""Ще треба плакати, коли""}, {""bbox"": [106, 3079, 2108, 3190], ""type"": ""handwritten"", ""text"": ""можеться. За все те, що ніколи н""}, {""bbox"": [115, 3144, 2121, 3228], ""type"": ""handwritten"", ""text"": ""не мало з нами статися. За то""}]"
45afc1f5-c3ce-4d22-a9c7-c7e1369662c2.jpg,"[{""bbox"": [93, 121, 845, 190], ""type"": ""handwritten"", ""text"": ""ще в чиємусь серці поселиться любов""}, {""bbox"": [90, 176, 863, 240], ""type"": ""handwritten"", ""text"": ""до слів: \""допіру\"", \""пітятко\"" чи \""кияхи\"".""}, {""bbox"": [158, 224, 871, 292], ""type"": ""handwritten"", ""text"": ""Треба цілуватися, коли випадає нагод""}, {""bbox"": [98, 281, 809, 345], ""type"": ""handwritten"", ""text"": ""да, і казати те, що на думці. Немає""}, {""bbox"": [93, 330, 860, 399], ""type"": ""handwritten"", ""text"": ""часу на півтони. Матеріальне — крихк""}, {""bbox"": [94, 386, 724, 450], ""type"": ""handwritten"", ""text"": ""ке, життя тікає крізь пальці.""}, {""bbox"": [115, 435, 817, 504], ""type"": ""handwritten"", ""text"": ""Справжнім виявилось тільки те, за що""}, {""bbox"": [102, 490, 860, 565], ""type"": ""handwritten"", ""text"": ""не можна схопитись руками: спогади,""}, {""bbox"": [102, 548, 352, 603], ""type"": ""handwritten"", ""text"": ""сміх і любов.""}, {""bbox"": [133, 598, 875, 669], ""type"": ""handwritten"", ""text"": ""Ще треба плакати, коли можетьс""}, {""bbox"": [86, 656, 863, 722], ""type"": ""handwritten"", ""text"": "". За все те, що ніколи не мало з нам""}, {""bbox"": [93, 710, 788, 773], ""type"": ""handwritten"", ""text"": ""ми статися. За те, що ми н""}, {""bbox"": [95, 763, 871, 832], ""type"": ""handwritten"", ""text"": ""не тільки знаємо, як пишеться \""дал""}, {""bbox"": [93, 818, 826, 885], ""type"": ""handwritten"", ""text"": ""лекобійний дрон\"" або \""балістична""}, {""bbox"": [95, 872, 850, 944], ""type"": ""handwritten"", ""text"": ""ракета\"", а й розрізняємо їх на слух.""}, {""bbox"": [123, 929, 851, 1000], ""type"": ""handwritten"", ""text"": ""Росіяни хочуть, щоб ми стали схож""}, {""bbox"": [98, 987, 880, 1056], ""type"": ""handwritten"", ""text"": ""жими на них: скніли у вічній гризоті.""}, {""bbox"": [89, 1043, 842, 1113], ""type"": ""handwritten"", ""text"": ""А ми будемо жити цікаво — всупереч""}, {""bbox"": [85, 1099, 875, 1169], ""type"": ""handwritten"", ""text"": ""історії і заради тих, хто після нас говор""}, {""bbox"": [80, 1157, 572, 1223], ""type"": ""handwritten"", ""text"": ""ритиме нашою мовою.""}]"
093acb37-3606-4e0b-90b5-09bddd661111.jpg,"[{""bbox"": [197, 150, 800, 278], ""type"": ""handwritten"", ""text"": ""крихке, життя тікає крізь пальці.""}, {""bbox"": [197, 190, 857, 321], ""type"": ""handwritten"", ""text"": ""справжнім виявикось тільки те, за що""}, {""bbox"": [197, 308, 279, 350], ""type"": ""handwritten"", ""text"": ""любов.""}, {""bbox"": [274, 314, 891, 401], ""type"": ""handwritten"", ""text"": ""Ще треба плакати, коли можеться""}, {""bbox"": [195, 358, 891, 443], ""type"": ""handwritten"", ""text"": ""За все те, що ніколи не мало з нами""}, {""bbox"": [192, 406, 856, 486], ""type"": ""handwritten"", ""text"": ""статися. За те, що ми не тільки""}, {""bbox"": [190, 448, 895, 520], ""type"": ""handwritten"", ""text"": ""знаємо, як пишеться \""далекобійний дрон\"" або""}, {""bbox"": [192, 495, 859, 562], ""type"": ""handwritten"", ""text"": ""балістична ракета\"", а й розрізняємо""}, {""bbox"": [190, 546, 400, 596], ""type"": ""handwritten"", ""text"": ""їх на слух.""}, {""bbox"": [253, 579, 812, 643], ""type"": ""handwritten"", ""text"": ""Росіяни хочуть, щоб ми стали""}, {""bbox"": [184, 628, 821, 689], ""type"": ""handwritten"", ""text"": ""схожими на них: скніли у вічній""}, {""bbox"": [181, 669, 889, 738], ""type"": ""handwritten"", ""text"": ""гризоті. А ми будемо жити цікаво —""}, {""bbox"": [181, 711, 858, 782], ""type"": ""handwritten"", ""text"": ""всупереч історії і заради тих, хто""}, {""bbox"": [176, 756, 876, 831], ""type"": ""handwritten"", ""text"": ""після нас говоритиме нашою мовою.""}]"
2290b0a6-82f3-4443-b19b-68f7fc82f8ae.jpg,"[{""bbox"": [537, 476, 1672, 804], ""type"": ""annotation"", ""text"": ""3) український""}, {""bbox"": [1463, 805, 2083, 956], ""type"": ""handwritten"", ""text"": ""Треба жити""}, {""bbox"": [852, 902, 2656, 1076], ""type"": ""handwritten"", ""text"": ""Жити треба цікаво:""}, {""bbox"": [620, 1020, 2967, 1178], ""type"": ""handwritten"", ""text"": ""читати книжки, ходити в театр, дресирувать""}, {""bbox"": [591, 1145, 1235, 1258], ""type"": ""handwritten"", ""text"": ""пса Патрона…""}, {""bbox"": [781, 1203, 2731, 1367], ""type"": ""handwritten"", ""text"": ""Треба жити! Не впівсили, не трошки, не""}, {""bbox"": [573, 1319, 2676, 1475], ""type"": ""handwritten"", ""text"": ""завтра, не після. По-справжньому! Зараз!""}, {""bbox"": [599, 1516, 2807, 1675], ""type"": ""handwritten"", ""text"": ""цуценят із фронту на \""інтерсіті\"", робити""}, {""bbox"": [607, 1623, 2824, 1773], ""type"": ""handwritten"", ""text"": ""ремонт і приносити щастя тим, кого любимо.""}, {""bbox"": [778, 1722, 2714, 1864], ""type"": ""handwritten"", ""text"": ""Треба купувати сукні з лелітками і""}, {""bbox"": [616, 1820, 2746, 1967], ""type"": ""handwritten"", ""text"": ""донатити на військо, вишукувати РЕБи і""}, {""bbox"": [610, 1914, 2816, 2064], ""type"": ""handwritten"", ""text"": ""генератори, а ще — нишпорити вечорами в""}, {""bbox"": [594, 2008, 2758, 2171], ""type"": ""handwritten"", ""text"": ""між'яр'і ботсаду, бo на перший урок треба""}, {""bbox"": [619, 2132, 1646, 2256], ""type"": ""handwritten"", ""text"": ""принести каштанів.""}, {""bbox"": [824, 2192, 2792, 2347], ""type"": ""handwritten"", ""text"": ""Треба любити свій дім, навіть якщо він""}, {""bbox"": [634, 2299, 2882, 2470], ""type"": ""handwritten"", ""text"": ""тимчасовий і далеко від справжнього дому — того,""}, {""bbox"": [617, 2434, 1228, 2544], ""type"": ""handwritten"", ""text"": ""що в серці.""}, {""bbox"": [844, 2479, 2813, 2642], ""type"": ""handwritten"", ""text"": ""Треба здавати кров, і, може, з нею ще""}, {""bbox"": [635, 2597, 2706, 2749], ""type"": ""handwritten"", ""text"": ""в чиємусь серці поселиться любов до слів:""}, {""bbox"": [633, 2711, 1858, 2841], ""type"": ""handwritten"", ""text"": ""допіру\"", \""пітятко\"" чи \""кияхи\"".""}, {""bbox"": [856, 2783, 2708, 2929], ""type"": ""handwritten"", ""text"": ""Треба цілуватися, коли випадас нагади,""}, {""bbox"": [632, 2883, 2739, 3040], ""type"": ""handwritten"", ""text"": ""і казати те, що на дулиці. Немає гасу не""}, {""bbox"": [637, 2988, 2704, 3140], ""type"": ""handwritten"", ""text"": ""півтони. Матеріальне — крихке, життя тікає""}, {""bbox"": [638, 3080, 2733, 3223], ""type"": ""handwritten"", ""text"": ""крізь пальці. Справжнім виявилось тільки те,""}, {""bbox"": [640, 3188, 2605, 3334], ""type"": ""handwritten"", ""text"": ""за що не можна схопитись руками:""}, {""bbox"": [669, 3303, 1762, 3428], ""type"": ""handwritten"", ""text"": ""спогади, сміх і любов.""}, {""bbox"": [951, 3362, 2877, 3514], ""type"": ""handwritten"", ""text"": ""Ще треба плакати, коли можеться. За""}, {""bbox"": [652, 3466, 2866, 3619], ""type"": ""handwritten"", ""text"": ""все те, що ми не  тільки знаємо як пишеться""}, {""bbox"": [648, 3557, 2904, 3727], ""type"": ""handwritten"", ""text"": ""\""далекобійний дрон\"" або \""балістична ракета\"",""}, {""bbox"": [650, 3679, 2078, 3848], ""type"": ""handwritten"", ""text"": ""а й розрізняємо їх на слух.""}]"
3c29b80c-3ece-4a81-abae-3a396b16abcd.jpg,"[{""bbox"": [758, 49, 1362, 206], ""type"": ""handwritten"", ""text"": ""Треба жити""}, {""bbox"": [280, 182, 2326, 346], ""type"": ""handwritten"", ""text"": ""Жити треба цікаво: читати книжки, ходити""}, {""bbox"": [138, 318, 1196, 467], ""type"": ""handwritten"", ""text"": ""знесужувать на Катроша.""}, {""bbox"": [227, 424, 2077, 582], ""type"": ""handwritten"", ""text"": ""Треба жити! Не впівсили, не трошки,""}, {""bbox"": [100, 540, 2161, 713], ""type"": ""handwritten"", ""text"": ""не завтра, не після. По-справжньому! Зараз!""}, {""bbox"": [92, 665, 2092, 829], ""type"": ""handwritten"", ""text"": ""Треба гладити котів, збирати гриби, везти цуц""}, {""bbox"": [112, 789, 1940, 956], ""type"": ""handwritten"", ""text"": ""ценят із фронту на \""інтерсіті\"", робити""}, {""bbox"": [110, 911, 2097, 1073], ""type"": ""handwritten"", ""text"": ""ремонт і приносити щастя ти""}, {""bbox"": [84, 1023, 2220, 1198], ""type"": ""handwritten"", ""text"": ""кого любимо. Треба купувати сукні з лелітками""}, {""bbox"": [75, 1151, 2227, 1318], ""type"": ""handwritten"", ""text"": ""і приносити щосія пишення достати на військо,""}, {""bbox"": [79, 1264, 1908, 1434], ""type"": ""handwritten"", ""text"": ""вишукувати РЕБи і генератори, а ще""}, {""bbox"": [78, 1382, 2093, 1569], ""type"": ""handwritten"", ""text"": ""нишпорити вечорами в міжʼярʼї ботсаду,""}, {""bbox"": [76, 1527, 1858, 1692], ""type"": ""handwritten"", ""text"": ""бо на перший урок треба принести""}, {""bbox"": [78, 1678, 560, 1789], ""type"": ""handwritten"", ""text"": ""каштанів.""}, {""bbox"": [180, 1770, 2143, 1930], ""type"": ""handwritten"", ""text"": ""Треба любити свій дім, навіть якщо він""}, {""bbox"": [56, 1889, 2018, 2051], ""type"": ""handwritten"", ""text"": ""тимчасовий і далеко від справжнього""}, {""bbox"": [72, 2004, 2089, 2186], ""type"": ""handwritten"", ""text"": ""дому — того, що в серці. Треба здавати""}, {""bbox"": [80, 2135, 2056, 2313], ""type"": ""handwritten"", ""text"": ""кров, і, може, з нею ще в чиємусь""}, {""bbox"": [66, 2256, 2160, 2434], ""type"": ""handwritten"", ""text"": ""серці поселиться любов до слів: \""допіру\"",""}, {""bbox"": [58, 2418, 908, 2539], ""type"": ""handwritten"", ""text"": ""пітятко\"" чи \""кияхи\"".""}, {""bbox"": [53, 2508, 1866, 2668], ""type"": ""handwritten"", ""text"": ""Треба цілуватися, коли випадає""}, {""bbox"": [50, 2633, 2074, 2806], ""type"": ""handwritten"", ""text"": ""нагода, і казати те, що на думці.""}, {""bbox"": [35, 2758, 2250, 2950], ""type"": ""handwritten"", ""text"": ""Немає часу на півтони. Матеріальне — крихке""}]"
173db2f4-bc3a-446b-90aa-27d00caa9e1a.jpg,"[{""bbox"": [592, 359, 1186, 474], ""type"": ""handwritten"", ""text"": ""Треба жити.""}, {""bbox"": [2144, 379, 2568, 507], ""type"": ""handwritten"", ""text"": ""слів до.""}, {""bbox"": [405, 495, 2024, 616], ""type"": ""handwritten"", ""text"": ""Жити треба цікаво: читати книмки,""}, {""bbox"": [2171, 510, 3896, 658], ""type"": ""handwritten"", ""text"": ""Преба цілуватися, коли випадає нагода,""}, {""bbox"": [270, 620, 2032, 746], ""type"": ""handwritten"", ""text"": ""ждить в театр, дресенувати нся Патось,""}, {""bbox"": [2143, 645, 3728, 768], ""type"": ""handwritten"", ""text"": ""і казати те, що на думці. Немає""}, {""bbox"": [279, 740, 2031, 875], ""type"": ""handwritten"", ""text"": ""Преба жити! Не в пів сили, не транки,""}, {""bbox"": [2144, 752, 3736, 892], ""type"": ""handwritten"", ""text"": ""часу на півтони. Матеріальне-""}, {""bbox"": [252, 867, 1938, 997], ""type"": ""handwritten"", ""text"": ""не завтра, не після. По-справжиюму!""}, {""bbox"": [2139, 880, 3776, 1008], ""type"": ""handwritten"", ""text"": ""крихне, життя пікає крізь нальці.""}, {""bbox"": [258, 992, 1971, 1137], ""type"": ""handwritten"", ""text"": ""Зараз! Треба гладити котів, збира-""}, {""bbox"": [2139, 997, 3782, 1140], ""type"": ""handwritten"", ""text"": ""Справжнім виявилось тільки те, за""}, {""bbox"": [253, 1121, 1884, 1250], ""type"": ""handwritten"", ""text"": ""ти грийн, везти спрусили із фонту""}, {""bbox"": [2145, 1139, 3813, 1251], ""type"": ""handwritten"", ""text"": ""що не можна скопитись руками -""}, {""bbox"": [257, 1243, 1984, 1383], ""type"": ""handwritten"", ""text"": ""на. Інтерсіті, робити ремот і при-""}, {""bbox"": [2147, 1261, 3294, 1382], ""type"": ""handwritten"", ""text"": ""спочади, сміх і любов.""}, {""bbox"": [239, 1376, 1862, 1504], ""type"": ""handwritten"", ""text"": ""носиле прастя тем, кого любимо.""}, {""bbox"": [2274, 1381, 3860, 1506], ""type"": ""handwritten"", ""text"": ""Ще треба плакати, коли може-""}, {""bbox"": [258, 1500, 1894, 1640], ""type"": ""handwritten"", ""text"": ""Треба купувати сухні з лелітнами""}, {""bbox"": [2145, 1497, 3864, 1627], ""type"": ""handwritten"", ""text"": ""ця. За все те, що ніколи б не мало""}, {""bbox"": [257, 1628, 2003, 1747], ""type"": ""handwritten"", ""text"": ""і донатити на військо, вижукувать""}, {""bbox"": [2131, 1631, 3855, 1754], ""type"": ""handwritten"", ""text"": ""з нами статися. За те, що ми не""}, {""bbox"": [259, 1750, 1996, 1882], ""type"": ""handwritten"", ""text"": ""РЕБи і генератори, а ще-нимпорачи""}, {""bbox"": [2129, 1763, 3858, 1884], ""type"": ""handwritten"", ""text"": ""тільки знавмо як пешеться „далеко-""}, {""bbox"": [241, 1879, 1870, 2015], ""type"": ""handwritten"", ""text"": ""вечорами умтрарді ботсаду, ба на""}, {""bbox"": [2135, 1876, 3839, 2013], ""type"": ""handwritten"", ""text"": ""бійний дрон або, балістична роке-""}, {""bbox"": [238, 2011, 1984, 2144], ""type"": ""handwritten"", ""text"": ""перший урок треба принести коли-""}, {""bbox"": [2143, 2004, 3782, 2137], ""type"": ""handwritten"", ""text"": ""та\"", а й розрізняємо їх на слух.""}, {""bbox"": [232, 2135, 519, 2239], ""type"": ""handwritten"", ""text"": ""танів.""}, {""bbox"": [2256, 2143, 3765, 2265], ""type"": ""handwritten"", ""text"": ""росілни хочуть, щоб ми стали""}, {""bbox"": [388, 2274, 1996, 2401], ""type"": ""handwritten"", ""text"": ""Треба любити свічі діле, навціть якщо""}, {""bbox"": [2138, 2270, 3821, 2391], ""type"": ""handwritten"", ""text"": ""сюжими на ник-скніми у віч-""}, {""bbox"": [2141, 2381, 3851, 2525], ""type"": ""handwritten"", ""text"": ""ній гризоті. А ми будемо жити""}, {""bbox"": [235, 2396, 2034, 2547], ""type"": ""handwritten"", ""text"": ""він пимчасовий і далею від справжньо-""}, {""bbox"": [2145, 2513, 3724, 2656], ""type"": ""handwritten"", ""text"": ""цікаво, всупереч історії є заради""}, {""bbox"": [212, 2528, 2009, 2676], ""type"": ""handwritten"", ""text"": ""го дому - того, що в серці. Треба зда-""}, {""bbox"": [2129, 2637, 3896, 2775], ""type"": ""handwritten"", ""text"": ""тик, хто після нас говоритиме нетшою""}, {""bbox"": [221, 2664, 1858, 2814], ""type"": ""handwritten"", ""text"": ""вати кров і, може, з нею що в""}, {""bbox"": [2114, 2770, 2488, 2884], ""type"": ""handwritten"", ""text"": ""мовою.""}, {""bbox"": [216, 2797, 1982, 2930], ""type"": ""handwritten"", ""text"": ""чиємусь серці поселиться любов до""}]"
0341e0e1-a15e-4c05-9492-112a1fdba233.jpg,"[{""bbox"": [231, 205, 2797, 382], ""type"": ""handwritten"", ""text"": ""не мало з нами статися. За""}, {""bbox"": [234, 331, 2723, 500], ""type"": ""handwritten"", ""text"": ""те, що ми не тільки знаємо,""}, {""bbox"": [225, 449, 2826, 622], ""type"": ""handwritten"", ""text"": ""як пишеться \""далекобійний дрон""}, {""bbox"": [222, 574, 2690, 746], ""type"": ""handwritten"", ""text"": ""або \""балістична ракета\"", а й""}, {""bbox"": [211, 700, 2013, 848], ""type"": ""handwritten"", ""text"": ""розрізняємо їх на слух.""}, {""bbox"": [373, 805, 2837, 978], ""type"": ""handwritten"", ""text"": ""Росіяни хочуть, щоб ми стали""}, {""bbox"": [220, 917, 2730, 1097], ""type"": ""handwritten"", ""text"": ""схожими на них: скніли у вічній""}, {""bbox"": [233, 1033, 2782, 1207], ""type"": ""handwritten"", ""text"": ""гризоті. А ми будемо жити цікаво —""}, {""bbox"": [231, 1146, 2827, 1328], ""type"": ""handwritten"", ""text"": ""всупереч історії і заради тих, хто""}, {""bbox"": [221, 1273, 2569, 1448], ""type"": ""handwritten"", ""text"": ""після нас говоритиме нашою""}, {""bbox"": [249, 1404, 704, 1531], ""type"": ""handwritten"", ""text"": ""мовою.""}]"
377e3119-9473-4695-aed1-c9a56c9bee8b.jpg,"[{""bbox"": [2042, 116, 3617, 246], ""type"": ""handwritten"", ""text"": ""схожими на них - мніли у вічнїй""}, {""bbox"": [413, 118, 1984, 357], ""type"": ""handwritten"", ""text"": ""Треба здавати крав, і, може, з""}, {""bbox"": [2045, 215, 3474, 338], ""type"": ""handwritten"", ""text"": ""гризоті. А ми будемо жити""}, {""bbox"": [344, 240, 2006, 414], ""type"": ""handwritten"", ""text"": ""нею ще в чистось сергці посалина""}, {""bbox"": [2051, 309, 3635, 437], ""type"": ""handwritten"", ""text"": ""ці хово всупереч інторії є ради""}, {""bbox"": [343, 325, 1964, 522], ""type"": ""handwritten"", ""text"": ""любов до слів „депідну“, літятко, чи""}, {""bbox"": [2070, 407, 3631, 531], ""type"": ""handwritten"", ""text"": ""тих, хто після нас говоритиме""}, {""bbox"": [338, 493, 686, 600], ""type"": ""handwritten"", ""text"": ""\""Кияхні\"".""}, {""bbox"": [2053, 512, 2814, 606], ""type"": ""handwritten"", ""text"": ""нашого мовою.""}, {""bbox"": [462, 516, 1763, 695], ""type"": ""handwritten"", ""text"": ""Треба цілуватися, коли""}, {""bbox"": [351, 614, 1950, 794], ""type"": ""handwritten"", ""text"": ""випадає нагода, і казати те,""}, {""bbox"": [349, 698, 1973, 931], ""type"": ""handwritten"", ""text"": ""що на думці. Немає часу на""}, {""bbox"": [363, 862, 849, 972], ""type"": ""handwritten"", ""text"": ""півтони.""}, {""bbox"": [383, 880, 2031, 1045], ""type"": ""handwritten"", ""text"": ""Матеріальне крихоке, життя""}, {""bbox"": [325, 977, 2039, 1158], ""type"": ""handwritten"", ""text"": ""тікає крізь пальці. Справжнім""}, {""bbox"": [339, 1088, 1993, 1252], ""type"": ""handwritten"", ""text"": ""виявилось тільки те, за що не""}, {""bbox"": [336, 1189, 2010, 1355], ""type"": ""handwritten"", ""text"": ""можна схопитись руками:""}, {""bbox"": [337, 1305, 1620, 1434], ""type"": ""handwritten"", ""text"": ""спогади, сміх і любов.""}, {""bbox"": [443, 1389, 1956, 1529], ""type"": ""handwritten"", ""text"": ""Ще треба плакати, коли""}, {""bbox"": [348, 1487, 1898, 1641], ""type"": ""handwritten"", ""text"": ""можеться. За все те, що""}, {""bbox"": [339, 1601, 1813, 1741], ""type"": ""handwritten"", ""text"": ""ніколи не мало з нами""}, {""bbox"": [347, 1704, 1858, 1836], ""type"": ""handwritten"", ""text"": ""статися. За те, що ми не""}, {""bbox"": [337, 1801, 2052, 1935], ""type"": ""handwritten"", ""text"": ""тільки знаємо, як пишеться""}, {""bbox"": [321, 1897, 2078, 2052], ""type"": ""handwritten"", ""text"": ""\""далекобійний дрон\"" або \""балістична""}, {""bbox"": [318, 2009, 2006, 2150], ""type"": ""handwritten"", ""text"": ""ракета\"", а й розрізняємо їх на""}, {""bbox"": [337, 2151, 683, 2250], ""type"": ""handwritten"", ""text"": ""слух.""}, {""bbox"": [507, 2198, 2083, 2351], ""type"": ""handwritten"", ""text"": ""Росіяни хочуть, щоб ми стали""}]"
2e216d29-29f6-49de-837c-42d4400e5389.jpg,"[{""bbox"": [495, 485, 4321, 847], ""type"": ""handwritten"", ""text"": ""Справжнім виявилось тільки те,""}, {""bbox"": [501, 784, 4752, 1097], ""type"": ""handwritten"", ""text"": ""за що не можна схопитись руками:""}, {""bbox"": [562, 1033, 4442, 1326], ""type"": ""handwritten"", ""text"": ""спогади, сміх і любов. Ще треба""}, {""bbox"": [535, 1268, 4749, 1562], ""type"": ""handwritten"", ""text"": ""плакати, коли можеться. За все те,""}, {""bbox"": [505, 1497, 4742, 1794], ""type"": ""handwritten"", ""text"": ""що ніколи не мало з нами статис""}, {""bbox"": [496, 1736, 4674, 2031], ""type"": ""handwritten"", ""text"": ""ся. За те, що ми не тільки знаємо,""}, {""bbox"": [485, 1961, 4497, 2260], ""type"": ""handwritten"", ""text"": ""як пишеться \""далекобійний дрон\"" або""}, {""bbox"": [447, 2185, 4737, 2506], ""type"": ""handwritten"", ""text"": ""\""балістична ракета\"", а й розрізняємо""}, {""bbox"": [538, 2434, 1925, 2703], ""type"": ""handwritten"", ""text"": ""їх на слух.""}, {""bbox"": [960, 2641, 4537, 2975], ""type"": ""handwritten"", ""text"": ""Росіяни хочуть, щоб ми стали""}, {""bbox"": [467, 2893, 4464, 3212], ""type"": ""handwritten"", ""text"": ""схожими на них: скніли у вічній""}, {""bbox"": [452, 3135, 4716, 3456], ""type"": ""handwritten"", ""text"": ""гризоті. А ми будемо жити цікаво —""}, {""bbox"": [455, 3379, 4604, 3697], ""type"": ""handwritten"", ""text"": ""всупереч історії і заради тих, хто""}, {""bbox"": [460, 3602, 4737, 3933], ""type"": ""handwritten"", ""text"": ""після нас говоритиме нашою мовою.""}]"
364474eb-bc10-482f-82c3-503b8c1ff194.jpg,"[{""bbox"": [2376, 869, 4961, 1403], ""type"": ""handwritten"", ""text"": ""Треба жити!""}, {""bbox"": [681, 1305, 7008, 1800], ""type"": ""handwritten"", ""text"": ""Жити треба цікаво: читати книжки,""}, {""bbox"": [230, 1729, 6125, 2205], ""type"": ""handwritten"", ""text"": ""ходити в театр, дресирувать пса""}, {""bbox"": [203, 2117, 6898, 2603], ""type"": ""handwritten"", ""text"": ""Патрона… Треба жити! Не впівсили, не""}, {""bbox"": [179, 2542, 6995, 3006], ""type"": ""handwritten"", ""text"": ""трошки, не завтра, не після. По-справжн""}, {""bbox"": [179, 2913, 6729, 3401], ""type"": ""handwritten"", ""text"": ""ньому! Зараз! Треба гладити котів,""}, {""bbox"": [170, 3329, 6942, 3779], ""type"": ""handwritten"", ""text"": ""збирати гриби, везти цуценят із фронту""}, {""bbox"": [168, 3698, 6836, 4153], ""type"": ""handwritten"", ""text"": ""на \""інтерсіті\"", робити ремонт і прин""}, {""bbox"": [163, 4087, 6869, 4534], ""type"": ""handwritten"", ""text"": ""носити щастя тим, кого любимо. Треба""}, {""bbox"": [129, 4474, 6692, 4948], ""type"": ""handwritten"", ""text"": ""купувати сукні з лелітками і д""}, {""bbox"": [146, 4800, 6958, 5317], ""type"": ""handwritten"", ""text"": ""донатити на військо, вишукувати РЕБи""}, {""bbox"": [136, 5244, 7117, 5704], ""type"": ""handwritten"", ""text"": ""і генератори, а ще — нишпорити вечорами""}, {""bbox"": [138, 5597, 6673, 6098], ""type"": ""handwritten"", ""text"": ""в міжʼярʼї ботсаду, бо на перший""}, {""bbox"": [128, 6035, 5681, 6469], ""type"": ""handwritten"", ""text"": ""урок треба принести каштанів.""}, {""bbox"": [639, 6377, 6449, 6827], ""type"": ""handwritten"", ""text"": ""Треба любити свій дім, навіть""}, {""bbox"": [129, 6737, 6255, 7208], ""type"": ""handwritten"", ""text"": ""якщо він тимчасовий і далеко від""}, {""bbox"": [111, 7118, 6727, 7618], ""type"": ""handwritten"", ""text"": ""справжнього дому — того, що в серці.""}, {""bbox"": [90, 7535, 6641, 7973], ""type"": ""handwritten"", ""text"": ""Треба здавати кров, і, може, з нею""}, {""bbox"": [132, 7889, 6719, 8356], ""type"": ""handwritten"", ""text"": ""ще в чиємусь серці поселиться люб""}, {""bbox"": [154, 8297, 6598, 8752], ""type"": ""handwritten"", ""text"": ""бов до слів: \""допіру\"", \""пітятко\"" чи""}, {""bbox"": [154, 8741, 1296, 9080], ""type"": ""handwritten"", ""text"": ""кияхи\"".""}, {""bbox"": [467, 8981, 6684, 9455], ""type"": ""handwritten"", ""text"": ""Треба цілуватися, коли випадає наг""}, {""bbox"": [53, 9413, 6734, 9872], ""type"": ""handwritten"", ""text"": ""года, і казати те, що на думці. Не""}]"
2c17848f-8fe2-4ed4-abf3-8705a4603384.jpg,"[{""bbox"": [585, 228, 2394, 394], ""type"": ""handwritten"", ""text"": ""Радіодистант національної єдності - 2025""}, {""bbox"": [743, 365, 1585, 521], ""type"": ""handwritten"", ""text"": ""реба жити!""}, {""bbox"": [283, 494, 2605, 656], ""type"": ""handwritten"", ""text"": ""Жити треба цікаво: читати книжки, ходити""}, {""bbox"": [152, 629, 2092, 799], ""type"": ""handwritten"", ""text"": ""в театр, дресирувать пса Патрона…""}, {""bbox"": [320, 749, 2618, 920], ""type"": ""handwritten"", ""text"": ""Треба жити! Не впівсили, не трошки,""}, {""bbox"": [151, 892, 2518, 1056], ""type"": ""handwritten"", ""text"": ""не завтра, не після. По-справжньому! Зараз!""}, {""bbox"": [152, 1017, 2618, 1196], ""type"": ""handwritten"", ""text"": ""Треба гладити котів, збирати гриби, везти цуц""}, {""bbox"": [141, 1144, 2610, 1336], ""type"": ""handwritten"", ""text"": ""нят із фронту на \""інтерсіті\"", робити ремонт""}, {""bbox"": [128, 1294, 2606, 1471], ""type"": ""handwritten"", ""text"": ""і приносити щастя тим, кого любимо. Треба""}, {""bbox"": [139, 1437, 2455, 1610], ""type"": ""handwritten"", ""text"": ""купувати сукні з лелітками і донатити на""}, {""bbox"": [134, 1572, 2588, 1745], ""type"": ""handwritten"", ""text"": ""військо, вишукувати РЕБи і генератори, а""}, {""bbox"": [119, 1706, 2688, 1882], ""type"": ""handwritten"", ""text"": ""ще — нишпорити вечорами в міжʼярʼї ботсаду,""}, {""bbox"": [120, 1847, 2624, 2026], ""type"": ""handwritten"", ""text"": ""бо на перший урок треба принести каштанів.""}, {""bbox"": [201, 1988, 2567, 2163], ""type"": ""handwritten"", ""text"": ""Треба любити свій дім, навіть якщо він""}, {""bbox"": [108, 2127, 2522, 2301], ""type"": ""handwritten"", ""text"": ""тимчасовий і далеко від справжнього дому —""}, {""bbox"": [96, 2269, 2493, 2444], ""type"": ""handwritten"", ""text"": ""того, що в серці. Треба здавати кров, і, може""}, {""bbox"": [98, 2419, 2611, 2586], ""type"": ""handwritten"", ""text"": ""з нею ще в чиємусь серці поселиться любов""}, {""bbox"": [101, 2549, 2564, 2730], ""type"": ""handwritten"", ""text"": ""до слів: \""допіру\"", \""пітятко\"" чи \""кияхи\"". Треба""}, {""bbox"": [104, 2699, 2529, 2875], ""type"": ""handwritten"", ""text"": ""цілуватися, коли випадає нагода, і казати""}, {""bbox"": [109, 2838, 2574, 3023], ""type"": ""handwritten"", ""text"": ""те, що на думці. Немає часу на півтони.""}, {""bbox"": [100, 2988, 2645, 3168], ""type"": ""handwritten"", ""text"": ""Матеріальне — крихке, життя тікає крізь пальці.""}, {""bbox"": [95, 3131, 2694, 3306], ""type"": ""handwritten"", ""text"": ""Справжнім виявилось тільки те, за що не можна""}, {""bbox"": [118, 3279, 2434, 3465], ""type"": ""handwritten"", ""text"": ""схопитись руками: спогади, сміх і любов.""}]"
34f945c0-7e77-4309-92ea-59975b0798d4.jpg,"[{""bbox"": [1010, 91, 1911, 244], ""type"": ""handwritten"", ""text"": ""Треба жити!""}, {""bbox"": [262, 281, 2414, 438], ""type"": ""handwritten"", ""text"": ""Жити треба цікаво: читати книжки,""}, {""bbox"": [347, 469, 2648, 651], ""type"": ""handwritten"", ""text"": ""ходити в театр, дресирувать пса Патрона""}, {""bbox"": [270, 641, 2572, 827], ""type"": ""handwritten"", ""text"": ""Треба жити! Не впівсили, не трошки,""}, {""bbox"": [270, 834, 2510, 1011], ""type"": ""handwritten"", ""text"": ""не завтра, не після. По-справжньому! Зараз""}, {""bbox"": [423, 1014, 2726, 1196], ""type"": ""handwritten"", ""text"": ""реба гладити котів, збирати гриби, везти ц""}, {""bbox"": [423, 1202, 2723, 1390], ""type"": ""handwritten"", ""text"": ""ценят із фронту на \""інтерсіті\"", робити""}, {""bbox"": [240, 1394, 2494, 1569], ""type"": ""handwritten"", ""text"": ""ремонт і приносити щастя тим, кого""}, {""bbox"": [269, 1621, 697, 1737], ""type"": ""handwritten"", ""text"": ""любимо.""}, {""bbox"": [412, 1749, 2508, 1930], ""type"": ""handwritten"", ""text"": ""Треба купувати сукні з лелітками і""}, {""bbox"": [351, 1935, 2641, 2108], ""type"": ""handwritten"", ""text"": ""донатити на військо, вишукувати РЕБи і""}, {""bbox"": [1, 1834, 337, 2455], ""type"": ""annotation"", ""text"": ""Світи""}, {""bbox"": [354, 2116, 2624, 2293], ""type"": ""handwritten"", ""text"": ""генератори, а ще — нишпорити вечорами в""}, {""bbox"": [346, 2280, 2648, 2497], ""type"": ""handwritten"", ""text"": ""міжʼярʼї ботсаду, бо на перший урок треба""}, {""bbox"": [346, 2468, 2644, 2666], ""type"": ""handwritten"", ""text"": ""принести каштанів. Треба любити свій дім,""}, {""bbox"": [346, 2654, 2582, 2865], ""type"": ""handwritten"", ""text"": ""навіть якщо він тимчасовий і далеко від""}, {""bbox"": [276, 2821, 2552, 3043], ""type"": ""handwritten"", ""text"": ""справжнього дому — того, що в серці. Т""}]"
8d61156d-be9d-43a5-82b8-8ac68bb0c74f.jpg,"[{""bbox"": [400, 122, 572, 160], ""type"": ""handwritten"", ""text"": ""Треба жити""}, {""bbox"": [120, 172, 686, 217], ""type"": ""handwritten"", ""text"": ""Жити треба цікаво: читати книжки, хо""}, {""bbox"": [122, 225, 1087, 285], ""type"": ""handwritten"", ""text"": ""По-справжньому! Зараз! Треба гладити котів, збирати гриби,""}, {""bbox"": [120, 269, 1100, 328], ""type"": ""handwritten"", ""text"": ""везти цуценят із фронту на \""інтерсіті\"", робити ремонт і приносити""}, {""bbox"": [117, 308, 1067, 366], ""type"": ""handwritten"", ""text"": ""щастя тим, кого любимо. Треба купувати сукні з лелітками і""}, {""bbox"": [117, 342, 1083, 406], ""type"": ""handwritten"", ""text"": ""гринасяти щустя там, кого люзимо донодити на військо, пишу-""}, {""bbox"": [119, 377, 1115, 439], ""type"": ""handwritten"", ""text"": ""орами в міжʼярʼї ботсаду, бо на перший урок треба принести каштанів.""}, {""bbox"": [120, 414, 1120, 478], ""type"": ""handwritten"", ""text"": ""Треба любити свій дім, навіть якщо він тимчасовий і далеко""}, {""bbox"": [122, 454, 1102, 518], ""type"": ""handwritten"", ""text"": ""від справжнього дому — того, що в серці. Треба здавати кров, і, мож""}, {""bbox"": [122, 495, 1079, 558], ""type"": ""handwritten"", ""text"": "", з нею ще в чиємусь серці поселиться любов до слів:""}, {""bbox"": [129, 554, 208, 587], ""type"": ""handwritten"", ""text"": ""долів""}, {""bbox"": [126, 580, 1092, 641], ""type"": ""handwritten"", ""text"": ""тятко\"" чи \""кияхи\"". Треба цілуватися, коли випадає нагода, і казати те, що на""}, {""bbox"": [126, 620, 1132, 677], ""type"": ""handwritten"", ""text"": ""думці. Немає часу на півтони. Матеріальне — крихке, життя тікає""}, {""bbox"": [127, 662, 1131, 719], ""type"": ""handwritten"", ""text"": ""різь пальці. Справжнім виявилось тільки те, за що не можна""}, {""bbox"": [130, 701, 1113, 761], ""type"": ""handwritten"", ""text"": ""схопитись руками: спогади, сміх і любов. Ще треба плакати,""}, {""bbox"": [131, 742, 1140, 798], ""type"": ""handwritten"", ""text"": ""коли можеться. За все те, що ніколи не мало з нами статися""}, {""bbox"": [130, 783, 1110, 838], ""type"": ""handwritten"", ""text"": ""За те, що ми не тільки знаємо, як пишеться \""далекобійний""}, {""bbox"": [132, 821, 1106, 879], ""type"": ""handwritten"", ""text"": ""дрон\"" або \""балістична ракета\"", а й розрізняємо їх на слух.""}, {""bbox"": [138, 868, 1158, 926], ""type"": ""handwritten"", ""text"": ""Росіяни конців, щоб ми стали їхомими на них, склили y біч-""}, {""bbox"": [138, 917, 1141, 975], ""type"": ""handwritten"", ""text"": ""ній гризоті. А ми будемо жити цікаво — всупереч історії і""}, {""bbox"": [134, 963, 982, 1017], ""type"": ""handwritten"", ""text"": ""хто після нас говоритиме нашою мовою.""}]"
25482213-5d8f-40f3-bf91-a7931d78381e.jpg,"[{""bbox"": [309, 282, 2615, 475], ""type"": ""handwritten"", ""text"": ""Денго української писамності та-ливи 27 жовться""}, {""bbox"": [306, 664, 2202, 874], ""type"": ""handwritten"", ""text"": ""ити треба цікаво: читати""}, {""bbox"": [295, 879, 2208, 1062], ""type"": ""handwritten"", ""text"": ""книжки, ходити в театр, дресиру""}, {""bbox"": [295, 1029, 2686, 1236], ""type"": ""handwritten"", ""text"": ""вать пса Патрона…""}, {""bbox"": [334, 1193, 2647, 1396], ""type"": ""handwritten"", ""text"": ""Треба жити! Не впівсили, не трошки, не""}, {""bbox"": [312, 1384, 2566, 1585], ""type"": ""handwritten"", ""text"": ""завтра, не після. По-справжньому! Зараз!""}, {""bbox"": [299, 1560, 2645, 1765], ""type"": ""handwritten"", ""text"": ""Треба гладити котів, збирати гриби, везти""}, {""bbox"": [305, 1748, 2666, 1943], ""type"": ""handwritten"", ""text"": ""цуценят із фронту на \""інтерсіті\"", робити рем""}, {""bbox"": [319, 1915, 2669, 2098], ""type"": ""handwritten"", ""text"": ""монт і приносити щастя тим, кого любимо.""}, {""bbox"": [312, 2086, 2649, 2287], ""type"": ""handwritten"", ""text"": ""Треба купувати сукні з лелітками і дон""}, {""bbox"": [340, 2253, 2692, 2447], ""type"": ""handwritten"", ""text"": ""натити на військо, вишукувати РЕБи і генер""}, {""bbox"": [333, 2434, 2806, 2619], ""type"": ""handwritten"", ""text"": ""ратори, а ще — нишпорити вечорами в міжʼярʼї""}, {""bbox"": [342, 2598, 2632, 2797], ""type"": ""handwritten"", ""text"": ""ботсаду, бо на перший урок треба принести""}, {""bbox"": [355, 2781, 915, 2936], ""type"": ""handwritten"", ""text"": ""каштанів.""}, {""bbox"": [500, 2926, 2639, 3140], ""type"": ""handwritten"", ""text"": ""Треба любити свій дім, навіть якщо він""}, {""bbox"": [553, 3114, 2718, 3322], ""type"": ""handwritten"", ""text"": ""тимчасовий і далеко від справжнього дому —""}, {""bbox"": [853, 3279, 2701, 3532], ""type"": ""handwritten"", ""text"": ""того, що в серці. Треба здавати кров,""}, {""bbox"": [80, 2972, 1296, 3896], ""type"": ""image"", ""text"": """"}, {""bbox"": [871, 3457, 2634, 3677], ""type"": ""handwritten"", ""text"": ""і, може, з нею ще в чиємусь серці""}, {""bbox"": [1051, 3627, 2604, 3859], ""type"": ""handwritten"", ""text"": ""поселиться любов до слів: \""допіру\""""}]"
0202d8d0-d9a3-4d25-a041-90f5720f3f51.jpg,"[{""bbox"": [203, 16, 402, 75], ""type"": ""handwritten"", ""text"": ""Диктант""}, {""bbox"": [184, 66, 501, 125], ""type"": ""handwritten"", ""text"": ""реба жити""}, {""bbox"": [93, 101, 776, 179], ""type"": ""handwritten"", ""text"": ""Жити треба цікаво: читати книж""}, {""bbox"": [0, 151, 765, 224], ""type"": ""handwritten"", ""text"": ""жки, ходити в театр, дресирувать пса""}, {""bbox"": [1, 185, 200, 244], ""type"": ""handwritten"", ""text"": ""Патрона…""}, {""bbox"": [74, 234, 783, 307], ""type"": ""handwritten"", ""text"": ""Треба жити! Не впівсили, не трош""}, {""bbox"": [3, 280, 783, 352], ""type"": ""handwritten"", ""text"": ""шки, не завтра, не після. По-справжньом""}, {""bbox"": [4, 324, 792, 394], ""type"": ""handwritten"", ""text"": ""му! Зараз! Треба гладити котів, збирати""}, {""bbox"": [2, 368, 793, 434], ""type"": ""handwritten"", ""text"": ""гриби, везти цуценят із фронту на \""інтерс""}, {""bbox"": [2, 410, 794, 477], ""type"": ""handwritten"", ""text"": ""сіті\"", робити ремонт і приносити щастя""}, {""bbox"": [4, 455, 792, 518], ""type"": ""handwritten"", ""text"": ""тим, кого любимо. Треба купувати сукні""}, {""bbox"": [4, 499, 796, 562], ""type"": ""handwritten"", ""text"": ""з лелітками і донатити на військо, виш""}, {""bbox"": [5, 544, 796, 605], ""type"": ""handwritten"", ""text"": ""шукувати РЕБи і генератори, а ще — нишп""}, {""bbox"": [0, 586, 796, 649], ""type"": ""handwritten"", ""text"": ""порити вечорами в міжʼярʼї ботсаду,""}, {""bbox"": [1, 632, 767, 694], ""type"": ""handwritten"", ""text"": ""бо на перший урок треба принести""}, {""bbox"": [0, 681, 236, 732], ""type"": ""handwritten"", ""text"": ""каштанів.""}, {""bbox"": [63, 713, 806, 780], ""type"": ""handwritten"", ""text"": ""Треба любити свій дім, навіть якщо""}, {""bbox"": [1, 759, 807, 825], ""type"": ""handwritten"", ""text"": ""він тимчасовий і далеко від справжньог""}, {""bbox"": [0, 801, 807, 870], ""type"": ""handwritten"", ""text"": ""го дому — того, що в серці. Треба здавати""}, {""bbox"": [1, 847, 808, 915], ""type"": ""handwritten"", ""text"": ""кров, і, може, з нею ще в чиємусь серці""}, {""bbox"": [3, 892, 808, 961], ""type"": ""handwritten"", ""text"": ""поселиться любов до слів: \""допіру\"", \""пітятко\""""}, {""bbox"": [5, 958, 231, 1005], ""type"": ""handwritten"", ""text"": ""чи \""кияхи\"".""}, {""bbox"": [69, 975, 816, 1056], ""type"": ""handwritten"", ""text"": ""Треба цілуватися, коли випадає нагода,""}]"
fce05c45-288c-4d18-8295-915d47df76f3.jpg,"[{""bbox"": [40, 223, 545, 282], ""type"": ""handwritten"", ""text"": ""ими м’язами. Для""}, {""bbox"": [40, 263, 526, 315], ""type"": ""handwritten"", ""text"": ""нього, на відміну від нас,""}, {""bbox"": [40, 292, 532, 343], ""type"": ""handwritten"", ""text"": ""такі приємні відчуття, як""}, {""bbox"": [38, 318, 537, 365], ""type"": ""handwritten"", ""text"": ""гортання сторінок, запах""}, {""bbox"": [36, 345, 541, 394], ""type"": ""handwritten"", ""text"": ""паперу, будуть невідомі.""}, {""bbox"": [37, 374, 564, 416], ""type"": ""handwritten"", ""text"": ""І ось мажено, вжа аж тодної""}, {""bbox"": [35, 394, 572, 445], ""type"": ""handwritten"", ""text"": ""й запанує ера електронної""}, {""bbox"": [37, 442, 187, 474], ""type"": ""handwritten"", ""text"": ""книжки.""}, {""bbox"": [50, 449, 573, 503], ""type"": ""handwritten"", ""text"": ""Але й це не страшно: голов""}, {""bbox"": [44, 483, 556, 535], ""type"": ""handwritten"", ""text"": ""метати, і не так важілило з""}, {""bbox"": [40, 514, 542, 561], ""type"": ""handwritten"", ""text"": ""яких носіїв. Бо книжки""}, {""bbox"": [41, 539, 545, 580], ""type"": ""handwritten"", ""text"": ""це знання й емоції, які, на""}, {""bbox"": [39, 568, 491, 611], ""type"": ""handwritten"", ""text"": ""відміну від щоденного""}, {""bbox"": [36, 598, 527, 640], ""type"": ""handwritten"", ""text"": ""потоку інформації, залиш""}, {""bbox"": [36, 626, 544, 672], ""type"": ""handwritten"", ""text"": ""шаються з нами надовго""}]"
904249d2-3ecc-481c-94f8-bdb2ce82906b.jpg,"[{""bbox"": [162, 148, 404, 188], ""type"": ""handwritten"", ""text"": ""Виклики книжкової ери""}, {""bbox"": [52, 176, 570, 221], ""type"": ""handwritten"", ""text"": ""Наприкінці минулого техноліття читачі стурбо-""}, {""bbox"": [10, 204, 562, 248], ""type"": ""handwritten"", ""text"": ""вано запитували: \""Невже електронні носії витіснять""}, {""bbox"": [5, 233, 571, 280], ""type"": ""handwritten"", ""text"": ""традиційну книжку?\"" Але коли Джоан Р""}, {""bbox"": [6, 264, 561, 313], ""type"": ""handwritten"", ""text"": ""сала „Геррі Поттера“ і ї одна романів разійнилася""}, {""bbox"": [7, 299, 565, 347], ""type"": ""handwritten"", ""text"": ""стомільйонними паперовими накладами, це пит""}, {""bbox"": [2, 334, 357, 371], ""type"": ""handwritten"", ""text"": ""тання втратило свою гостроту.""}, {""bbox"": [55, 359, 562, 405], ""type"": ""handwritten"", ""text"": ""Сьогодні більш-менш зрозуміло, що електронні носії,""}, {""bbox"": [20, 389, 564, 428], ""type"": ""handwritten"", ""text"": ""принаймні поки що, не створюють кардинальної заг""}, {""bbox"": [8, 417, 556, 454], ""type"": ""handwritten"", ""text"": ""грози патеровим книжкам Прота з'явилися вони""}, {""bbox"": [7, 444, 552, 478], ""type"": ""handwritten"", ""text"": ""не випадково. Гадаю, це Бог так готує нас до далеких""}, {""bbox"": [5, 469, 559, 504], ""type"": ""handwritten"", ""text"": ""мандрівок. Це він підсунув нам ґад""}, {""bbox"": [6, 517, 542, 554], ""type"": ""handwritten"", ""text"": ""книжки, музику, фотографії, картини, — бо як інакше вдал""}, {""bbox"": [11, 546, 185, 571], ""type"": ""handwritten"", ""text"": ""лося б це зробити?""}, {""bbox"": [23, 551, 556, 595], ""type"": ""handwritten"", ""text"": ""Отож доки Ілон Маск ще тільки на півдорозі до""}, {""bbox"": [11, 581, 557, 616], ""type"": ""handwritten"", ""text"": ""інших світів, паперова книжка в безпеці. Однак деякі""}, {""bbox"": [9, 605, 556, 634], ""type"": ""handwritten"", ""text"": ""ці стверджують, що коли люди нарешті зможуть зачати""}, {""bbox"": [73, 624, 550, 655], ""type"": ""handwritten"", ""text"": ""дити в космічних умовах нове життя, то таке""}, {""bbox"": [4, 646, 549, 676], ""type"": ""handwritten"", ""text"": ""людське дитя буде схоже радше на знайомий кінематог""}, {""bbox"": [5, 666, 553, 697], ""type"": ""handwritten"", ""text"": ""графічний образ \""енелятка\"" — з великою головою, очима на""}, {""bbox"": [1, 710, 546, 744], ""type"": ""handwritten"", ""text"": ""нас, такі приємні відчуття, як гортання сторінок, запах""}, {""bbox"": [0, 734, 549, 771], ""type"": ""handwritten"", ""text"": ""паперу, будуть невідомі. І ось, напевно, вже аж тоді й запанує""}, {""bbox"": [4, 765, 550, 804], ""type"": ""handwritten"", ""text"": ""Але й це не страшно: головне — читати, і не так важлив""}, {""bbox"": [1, 794, 528, 830], ""type"": ""handwritten"", ""text"": ""во, з яких носіїв. Бо книжки — це знання й емоції, які, на""}, {""bbox"": [1, 820, 539, 859], ""type"": ""handwritten"", ""text"": ""відміну від щоденного потоку інформації, залишаються""}, {""bbox"": [2, 849, 155, 879], ""type"": ""handwritten"", ""text"": ""з нами надовго.""}]"
a00aaa25-cf3d-465a-83e6-47ce6a4b8335.jpg,"[{""bbox"": [53, 283, 524, 340], ""type"": ""handwritten"", ""text"": ""Виклики книжкової ери""}, {""bbox"": [22, 328, 533, 389], ""type"": ""handwritten"", ""text"": ""Наприкінці минулого тисяч""}, {""bbox"": [26, 363, 535, 420], ""type"": ""handwritten"", ""text"": ""оліття читачі стурбовано""}, {""bbox"": [25, 399, 541, 445], ""type"": ""handwritten"", ""text"": ""запитували: \""Невже ел""}, {""bbox"": [24, 430, 541, 472], ""type"": ""handwritten"", ""text"": ""ронні носії витіс""}, {""bbox"": [23, 450, 534, 506], ""type"": ""handwritten"", ""text"": ""трас, ййну ~~гнитку\"". Але""}, {""bbox"": [20, 480, 533, 522], ""type"": ""handwritten"", ""text"": ""коли Джоан Ролінґ напис""}, {""bbox"": [19, 508, 506, 546], ""type"": ""handwritten"", ""text"": ""ала \""Гаррі Поттера\"" і її""}, {""bbox"": [17, 532, 563, 574], ""type"": ""handwritten"", ""text"": ""серія романів розійшлася""}, {""bbox"": [18, 560, 559, 603], ""type"": ""handwritten"", ""text"": ""стомільйонними паперовими""}, {""bbox"": [14, 587, 450, 633], ""type"": ""handwritten"", ""text"": ""це питання втратило""}, {""bbox"": [10, 618, 278, 651], ""type"": ""handwritten"", ""text"": ""свою гостроту""}, {""bbox"": [27, 637, 503, 678], ""type"": ""handwritten"", ""text"": ""Сьогодні більш-менш""}, {""bbox"": [17, 664, 509, 707], ""type"": ""handwritten"", ""text"": ""ло, що електронні""}, {""bbox"": [15, 693, 515, 736], ""type"": ""handwritten"", ""text"": ""носії, принаймні поки що""}, {""bbox"": [15, 723, 559, 765], ""type"": ""handwritten"", ""text"": ""не створюють кардинальної""}, {""bbox"": [8, 747, 557, 795], ""type"": ""handwritten"", ""text"": ""загрози паперовим книжкам.""}, {""bbox"": [9, 776, 451, 817], ""type"": ""handwritten"", ""text"": ""Проте завилися вони не""}, {""bbox"": [11, 804, 520, 857], ""type"": ""handwritten"", ""text"": ""випадково. Гадаю, це Бог""}]"
576ee645-4900-488f-a03f-cc7364400641.jpg,"[{""bbox"": [30, 174, 571, 227], ""type"": ""handwritten"", ""text"": ""так готує нас до далеких""}, {""bbox"": [29, 210, 576, 258], ""type"": ""handwritten"", ""text"": ""мандрівок. Це він підсу""}, {""bbox"": [29, 245, 513, 288], ""type"": ""handwritten"", ""text"": ""нув нам ґаджети, щоб""}, {""bbox"": [29, 278, 472, 318], ""type"": ""handwritten"", ""text"": ""ми змогли колись""}, {""bbox"": [28, 305, 520, 347], ""type"": ""handwritten"", ""text"": ""забрати з собою на інші""}, {""bbox"": [26, 335, 483, 378], ""type"": ""handwritten"", ""text"": ""планети свої улюблені""}, {""bbox"": [27, 364, 575, 413], ""type"": ""handwritten"", ""text"": ""книжки, музику, фотографії,""}, {""bbox"": [24, 397, 499, 441], ""type"": ""handwritten"", ""text"": ""картини, — бо як інакше""}, {""bbox"": [36, 427, 419, 472], ""type"": ""handwritten"", ""text"": ""вдалося б це зробити?""}, {""bbox"": [44, 459, 255, 496], ""type"": ""handwritten"", ""text"": ""Отоне доки""}, {""bbox"": [32, 484, 542, 531], ""type"": ""handwritten"", ""text"": ""ще тільки на півдорозі до""}, {""bbox"": [29, 516, 517, 561], ""type"": ""handwritten"", ""text"": ""інших світів, паперова""}, {""bbox"": [26, 542, 528, 585], ""type"": ""handwritten"", ""text"": ""~~[illegible]~~ ~~  ~~ безпеці. Однак""}, {""bbox"": [24, 569, 576, 617], ""type"": ""handwritten"", ""text"": ""деякі науковці стверджують""}, {""bbox"": [26, 598, 519, 643], ""type"": ""handwritten"", ""text"": ""що коли люди нарешті""}, {""bbox"": [18, 628, 560, 677], ""type"": ""handwritten"", ""text"": ""зможуть зачати й народити""}, {""bbox"": [16, 661, 550, 710], ""type"": ""handwritten"", ""text"": ""в космічних умовах нове""}, {""bbox"": [15, 693, 521, 742], ""type"": ""handwritten"", ""text"": ""життя, то таке людське""}, {""bbox"": [14, 725, 396, 768], ""type"": ""handwritten"", ""text"": ""дитя буде схоже""}, {""bbox"": [13, 753, 570, 806], ""type"": ""handwritten"", ""text"": ""на знайомий кінематог""}, {""bbox"": [12, 785, 485, 831], ""type"": ""handwritten"", ""text"": ""прах~~{{{т} гне елегатно з""}, {""bbox"": [11, 813, 492, 868], ""type"": ""handwritten"", ""text"": ""великою головою, о""}, {""bbox"": [11, 843, 476, 911], ""type"": ""handwritten"", ""text"": ""огала на чівобличка""}, {""bbox"": [2, 1137, 130, 1167], ""type"": ""printed"", ""text"": ""Роснуватися хляють""}, {""bbox"": [7, 1163, 81, 1193], ""type"": ""printed"", ""text"": ""( 1931) рік)""}]"
9800f213-24fb-4371-b3b5-966fc35852ac.jpg,"[{""bbox"": [68, 274, 570, 318], ""type"": ""handwritten"", ""text"": ""від нас, такі приємні відчуття,""}, {""bbox"": [70, 312, 530, 352], ""type"": ""handwritten"", ""text"": ""як гортання сторінок, запах""}, {""bbox"": [69, 347, 556, 390], ""type"": ""handwritten"", ""text"": ""паперу, будуть невідомі. І ось,""}, {""bbox"": [70, 387, 543, 429], ""type"": ""handwritten"", ""text"": ""напевно, вже аж тоді й запан""}, {""bbox"": [65, 421, 542, 468], ""type"": ""handwritten"", ""text"": ""нує ера електронної книжки.""}, {""bbox"": [134, 456, 563, 498], ""type"": ""handwritten"", ""text"": ""Але й це не страшно: головн""}, {""bbox"": [66, 488, 558, 532], ""type"": ""handwritten"", ""text"": ""не — читати, і не так важливо,""}, {""bbox"": [63, 521, 531, 563], ""type"": ""handwritten"", ""text"": ""з яких носіїв. Бо книжки — це""}, {""bbox"": [59, 552, 543, 596], ""type"": ""handwritten"", ""text"": ""знання й емоції, які, на відмін""}, {""bbox"": [60, 585, 558, 632], ""type"": ""handwritten"", ""text"": ""ну від щоденного потоку інформ""}, {""bbox"": [55, 621, 525, 664], ""type"": ""handwritten"", ""text"": ""мації, залишаються з нами""}, {""bbox"": [57, 650, 169, 686], ""type"": ""handwritten"", ""text"": ""надовго.""}, {""bbox"": [2, 1223, 75, 1241], ""type"": ""printed"", ""text"": ""я слухнють""}, {""bbox"": [2, 1241, 83, 1258], ""type"": ""printed"", ""text"": ""піканського""}, {""bbox"": [0, 1258, 25, 1272], ""type"": ""printed"", ""text"": ""пік)""}, {""bbox"": [0, 1257, 47, 1274], ""type"": ""printed"", ""text"": ""бік)""}]"
5d4e5854-bc1e-466e-a379-cde3d42b50e5.jpg,"[{""bbox"": [279, 99, 478, 135], ""type"": ""handwritten"", ""text"": ""нижкової ери""}, {""bbox"": [131, 109, 262, 141], ""type"": ""handwritten"", ""text"": ""Виклики""}, {""bbox"": [95, 137, 277, 178], ""type"": ""handwritten"", ""text"": ""Наприкінці ми""}, {""bbox"": [275, 133, 539, 173], ""type"": ""handwritten"", ""text"": ""нулого тисячоліття""}, {""bbox"": [44, 171, 275, 212], ""type"": ""handwritten"", ""text"": ""читачі стурбовано""}, {""bbox"": [276, 165, 537, 206], ""type"": ""handwritten"", ""text"": ""запитували: \""Невже""}, {""bbox"": [40, 201, 276, 238], ""type"": ""handwritten"", ""text"": ""електронні носії ви""}, {""bbox"": [275, 196, 540, 238], ""type"": ""handwritten"", ""text"": ""итіснять традиційну""}, {""bbox"": [28, 229, 274, 269], ""type"": ""handwritten"", ""text"": ""книжку?\"" Але коли""}, {""bbox"": [275, 226, 550, 271], ""type"": ""handwritten"", ""text"": ""Джоан Ролінґ напис""}, {""bbox"": [24, 259, 276, 302], ""type"": ""handwritten"", ""text"": ""сала \""Гаррі Поттера""}, {""bbox"": [276, 255, 552, 305], ""type"": ""handwritten"", ""text"": ""і її серія романів""}, {""bbox"": [24, 287, 272, 334], ""type"": ""handwritten"", ""text"": ""розійшлася стомільйо""}, {""bbox"": [269, 287, 532, 334], ""type"": ""handwritten"", ""text"": ""онними паперовими""}, {""bbox"": [25, 322, 272, 363], ""type"": ""handwritten"", ""text"": ""накладами, це питан""}, {""bbox"": [264, 320, 533, 366], ""type"": ""handwritten"", ""text"": ""ння втратило свою""}, {""bbox"": [26, 360, 174, 390], ""type"": ""handwritten"", ""text"": ""гостроту.""}, {""bbox"": [75, 382, 553, 433], ""type"": ""handwritten"", ""text"": ""Сьогодні більш-менш зрозутів, що елек-""}, {""bbox"": [24, 418, 506, 470], ""type"": ""handwritten"", ""text"": ""тронні насії, принаймінці  поки що, не""}, {""bbox"": [25, 450, 549, 503], ""type"": ""handwritten"", ""text"": ""створюють кардинальної загрози паперо,""}, {""bbox"": [20, 482, 546, 532], ""type"": ""handwritten"", ""text"": ""вим книжкам. Праже завитися вони не""}, {""bbox"": [20, 514, 542, 568], ""type"": ""handwritten"", ""text"": ""випадково. Гадаю, це Бог так готує нас""}, {""bbox"": [17, 549, 528, 600], ""type"": ""handwritten"", ""text"": ""до далеких мандрівах. Це Він підсунув""}, {""bbox"": [15, 583, 556, 635], ""type"": ""handwritten"", ""text"": ""нам ґаджети, щоб ми змогли колись заб""}, {""bbox"": [14, 616, 559, 670], ""type"": ""handwritten"", ""text"": ""брати з собою на інші планети свої улюбл""}, {""bbox"": [7, 650, 569, 709], ""type"": ""handwritten"", ""text"": ""лені книжки, музику, фотографії; картий""}, {""bbox"": [6, 679, 489, 732], ""type"": ""handwritten"", ""text"": ""бо як інакше вдалося б це зробити?""}, {""bbox"": [53, 716, 546, 771], ""type"": ""handwritten"", ""text"": ""Отож доки Ілон Маск ще тільки на""}, {""bbox"": [10, 747, 565, 808], ""type"": ""handwritten"", ""text"": ""півдорозі до інших світів, паперова книжк""}, {""bbox"": [7, 785, 559, 846], ""type"": ""handwritten"", ""text"": ""ка в безпеці. Однак деякі науковці ствердж""}, {""bbox"": [9, 819, 552, 882], ""type"": ""handwritten"", ""text"": ""жують, що коли люди нарешті зможуть""}, {""bbox"": [0, 972, 189, 987], ""type"": ""printed"", ""text"": ""шка кошифід Ресну бліканськати""}, {""bbox"": [0, 985, 146, 1000], ""type"": ""printed"", ""text"": ""решаніку (1931 рів)""}]"
4224b634-df40-4424-ae3d-2dc7adfba528.jpg,"[{""bbox"": [46, 104, 517, 173], ""type"": ""handwritten"", ""text"": ""Гадано, це воч так готус""}, {""bbox"": [43, 142, 526, 207], ""type"": ""handwritten"", ""text"": ""нас до далеких мандрівок.""}, {""bbox"": [42, 180, 566, 247], ""type"": ""handwritten"", ""text"": ""це він підсуджув наси голористи""}, {""bbox"": [42, 213, 555, 279], ""type"": ""handwritten"", ""text"": ""щоб ми змагати колись забра-""}, {""bbox"": [36, 247, 551, 309], ""type"": ""handwritten"", ""text"": ""ти з собою на інші плане-""}, {""bbox"": [31, 281, 562, 341], ""type"": ""handwritten"", ""text"": ""ти свої улюблені книжки, му-""}, {""bbox"": [32, 317, 530, 377], ""type"": ""handwritten"", ""text"": ""зику, фотографії, картини,""}, {""bbox"": [36, 350, 513, 412], ""type"": ""handwritten"", ""text"": ""о як інакше вдалося б це""}, {""bbox"": [33, 388, 187, 433], ""type"": ""handwritten"", ""text"": ""зробити?""}, {""bbox"": [104, 429, 546, 485], ""type"": ""handwritten"", ""text"": ""Отож доки Ілон Маск ще""}, {""bbox"": [38, 470, 523, 517], ""type"": ""handwritten"", ""text"": ""тільки на півдорозі до інших""}, {""bbox"": [33, 500, 544, 550], ""type"": ""handwritten"", ""text"": ""світів, паперова книжка в безп""}, {""bbox"": [30, 527, 556, 583], ""type"": ""handwritten"", ""text"": ""неції. Однак, деякі науковци сповер-""}, {""bbox"": [29, 562, 548, 620], ""type"": ""handwritten"", ""text"": ""джують, що коли люди нарешті""}, {""bbox"": [26, 600, 520, 653], ""type"": ""handwritten"", ""text"": ""зможуть зачати й народити""}, {""bbox"": [23, 635, 557, 690], ""type"": ""handwritten"", ""text"": ""в космічних умовах нове жит-""}, {""bbox"": [23, 672, 560, 723], ""type"": ""handwritten"", ""text"": ""тя, то таке людське фита буде-""}, {""bbox"": [22, 706, 523, 759], ""type"": ""handwritten"", ""text"": ""схоже радше на знайомий""}, {""bbox"": [20, 742, 482, 794], ""type"": ""handwritten"", ""text"": ""кінематографічний образ""}, {""bbox"": [17, 781, 546, 837], ""type"": ""handwritten"", ""text"": ""енелятка\"" — з великою головою,""}, {""bbox"": [12, 820, 564, 873], ""type"": ""handwritten"", ""text"": ""очима на пів обличчя, слабкими""}, {""bbox"": [11, 858, 545, 909], ""type"": ""handwritten"", ""text"": ""м’язами. Для нього, на відміну""}, {""bbox"": [27, 1191, 162, 1213], ""type"": ""printed"", ""text"": ""[illeg (1989)""}]"
ae5d47a3-be52-4281-bc01-9a5e3e8ebbb6.jpg,"[{""bbox"": [160, 179, 474, 221], ""type"": ""handwritten"", ""text"": ""Виклики книжкової""}, {""bbox"": [229, 220, 304, 262], ""type"": ""handwritten"", ""text"": ""ери""}, {""bbox"": [102, 273, 463, 323], ""type"": ""handwritten"", ""text"": ""Наприкінці минулого""}, {""bbox"": [63, 317, 533, 357], ""type"": ""handwritten"", ""text"": ""тисячоліття читачі стурб""}, {""bbox"": [63, 350, 511, 392], ""type"": ""handwritten"", ""text"": ""бовано запитували: \""Невже""}, {""bbox"": [54, 384, 530, 430], ""type"": ""handwritten"", ""text"": ""електронні носії витіснять""}, {""bbox"": [59, 420, 492, 465], ""type"": ""handwritten"", ""text"": ""традиційну книжку?\"" Але""}, {""bbox"": [50, 453, 533, 497], ""type"": ""handwritten"", ""text"": ""коли Джоан Ролінґ написал""}, {""bbox"": [49, 484, 511, 525], ""type"": ""handwritten"", ""text"": ""ла \""Гаррі Поттера\"" і її серія""}, {""bbox"": [41, 514, 507, 554], ""type"": ""handwritten"", ""text"": ""романів розійшлася стом""}, {""bbox"": [53, 546, 499, 585], ""type"": ""handwritten"", ""text"": ""мільйонними паперовими""}, {""bbox"": [50, 577, 541, 618], ""type"": ""handwritten"", ""text"": ""накладами, це питання втрат""}, {""bbox"": [50, 610, 403, 647], ""type"": ""handwritten"", ""text"": ""тило свою гостроту.""}, {""bbox"": [105, 639, 520, 679], ""type"": ""handwritten"", ""text"": ""Сьогодні більш-менш зроз""}, {""bbox"": [53, 669, 524, 711], ""type"": ""handwritten"", ""text"": ""зуміло, що електронні носії,""}, {""bbox"": [50, 702, 521, 744], ""type"": ""handwritten"", ""text"": ""принаймні поки що, не створ""}, {""bbox"": [45, 732, 517, 775], ""type"": ""handwritten"", ""text"": ""рюють кардинальної загрози""}, {""bbox"": [47, 764, 522, 806], ""type"": ""handwritten"", ""text"": ""паперовим книжкам. Проте""}, {""bbox"": [46, 799, 513, 846], ""type"": ""handwritten"", ""text"": ""з’явилися вони не випадково.""}, {""bbox"": [19, 1115, 185, 1134], ""type"": ""printed"", ""text"": ""райоковітет) (1931 рік)""}]"
683ff306-c9f9-407e-a540-ae4a72a3cd70.jpg,"[{""bbox"": [152, 343, 195, 366], ""type"": ""handwritten"", ""text"": ""-3-""}, {""bbox"": [52, 346, 529, 419], ""type"": ""handwritten"", ""text"": ""від щоденного потоку інформації, залиш""}, {""bbox"": [55, 398, 346, 452], ""type"": ""handwritten"", ""text"": ""аються з нами надовго.""}, {""bbox"": [2, 530, 46, 554], ""type"": ""handwritten"", ""text"": ""оть,""}]"
a3bb9da7-0992-4b39-a38d-9344401cd3b3.jpg,"[{""bbox"": [238, 69, 282, 97], ""type"": ""handwritten"", ""text"": ""-2-""}, {""bbox"": [41, 101, 568, 147], ""type"": ""handwritten"", ""text"": ""зачати й народити в космічних умовах""}, {""bbox"": [38, 134, 572, 178], ""type"": ""handwritten"", ""text"": ""нове життя, то таке людське дитя буд""}, {""bbox"": [32, 162, 575, 200], ""type"": ""handwritten"", ""text"": ""де схоже радше на знайомий кінеметора-""}, {""bbox"": [31, 190, 567, 230], ""type"": ""handwritten"", ""text"": ""фічний образ \""енелятка\"" — з великою голов""}, {""bbox"": [29, 220, 571, 262], ""type"": ""handwritten"", ""text"": ""ю, очима на пів обличчя, слабкими м’язами.""}, {""bbox"": [25, 254, 556, 300], ""type"": ""handwritten"", ""text"": ""Для нього, на відміну від нас, такі приємні""}, {""bbox"": [21, 288, 572, 330], ""type"": ""handwritten"", ""text"": ""відчуття, як гортання сторінок, запах па""}, {""bbox"": [18, 320, 563, 365], ""type"": ""handwritten"", ""text"": ""перу, будуть невідомі. І ось, напевно, вже""}, {""bbox"": [18, 357, 563, 404], ""type"": ""handwritten"", ""text"": ""аж тоді й запанує ера електронної книжки.""}, {""bbox"": [62, 396, 567, 440], ""type"": ""handwritten"", ""text"": ""Але й це не страшно: головне — читати, і""}, {""bbox"": [16, 431, 571, 475], ""type"": ""handwritten"", ""text"": ""не так важливо, з яких носіїв. Бо книжки""}, {""bbox"": [13, 467, 564, 509], ""type"": ""handwritten"", ""text"": ""це знання й емоції, які, на відміну від""}, {""bbox"": [12, 492, 562, 544], ""type"": ""handwritten"", ""text"": ""щоденного потоку інформації, залишаю""}, {""bbox"": [8, 524, 323, 576], ""type"": ""handwritten"", ""text"": ""ються з нами надовго.""}, {""bbox"": [1, 617, 88, 648], ""type"": ""handwritten"", ""text"": ""9.11.2028""}, {""bbox"": [0, 923, 144, 937], ""type"": ""printed"", ""text"": ""рашкомінету (1988 рік)""}]"
d6ee6e8f-27dd-4745-9efe-16b55a611a0d.jpg,"[{""bbox"": [28, 324, 291, 364], ""type"": ""handwritten"", ""text"": ""во з яких носів. Бо кнички""}, {""bbox"": [29, 321, 542, 362], ""type"": ""handwritten"", ""text"": ""во з яких посів. Бо книтки це знання й емоції, я ні""}, {""bbox"": [29, 351, 564, 398], ""type"": ""handwritten"", ""text"": ""на відміну від щоденного потоку інформації, залишаються""}, {""bbox"": [25, 390, 167, 426], ""type"": ""handwritten"", ""text"": ""з нами надовго.""}]"
12f1756c-9f50-473a-8299-b46f0102d032.jpg,"[{""bbox"": [39, 240, 553, 299], ""type"": ""handwritten"", ""text"": ""луженд, картим, я як шекце враній б не""}, {""bbox"": [44, 292, 142, 332], ""type"": ""handwritten"", ""text"": ""зробити?""}, {""bbox"": [62, 319, 511, 364], ""type"": ""handwritten"", ""text"": ""Отож доки Ілон Маск ще тільки на""}, {""bbox"": [47, 355, 562, 403], ""type"": ""handwritten"", ""text"": ""півдорозі до інших світів, паперова книжка""}, {""bbox"": [49, 391, 554, 439], ""type"": ""handwritten"", ""text"": ""в безпеці. Однак деякі науковці стверджують""}, {""bbox"": [54, 427, 560, 472], ""type"": ""handwritten"", ""text"": ""що коли люди нарешті зможуть зачати""}, {""bbox"": [53, 463, 511, 506], ""type"": ""handwritten"", ""text"": ""й народити в космічних умовах нове""}, {""bbox"": [50, 498, 532, 538], ""type"": ""handwritten"", ""text"": ""життя, то таке людське дитя""}, {""bbox"": [49, 529, 545, 570], ""type"": ""handwritten"", ""text"": ""буде схоже радше на знайомий кінематографічний""}, {""bbox"": [54, 563, 540, 604], ""type"": ""handwritten"", ""text"": ""образ \""енелятка\"" — з великою головою, очима""}, {""bbox"": [56, 599, 508, 637], ""type"": ""handwritten"", ""text"": ""на півняччия і точкими лідоми. Для""}, {""bbox"": [56, 633, 524, 674], ""type"": ""handwritten"", ""text"": ""нього, на відміну від нас, такі приємні""}, {""bbox"": [58, 667, 540, 711], ""type"": ""handwritten"", ""text"": ""відчуття, як гортання сторінок, запах""}, {""bbox"": [60, 704, 510, 744], ""type"": ""handwritten"", ""text"": ""паперу, будуть невідомі. І ось, напевно,""}, {""bbox"": [56, 738, 509, 780], ""type"": ""handwritten"", ""text"": ""е аж тоді й запанує ера електронної""}, {""bbox"": [70, 779, 175, 804], ""type"": ""handwritten"", ""text"": ""книжки.""}, {""bbox"": [64, 806, 553, 856], ""type"": ""handwritten"", ""text"": ""Але й це не страшно: головне — читати""}, {""bbox"": [52, 842, 558, 890], ""type"": ""handwritten"", ""text"": ""і не так важливо, з яких носіїв. Бо книжки —""}, {""bbox"": [52, 880, 548, 936], ""type"": ""handwritten"", ""text"": ""це знання й емоції, які, на відміну ві""}]"
0f30872e-56cd-43d4-a77c-6d9fbd129f6f.jpg,"[{""bbox"": [49, 145, 531, 205], ""type"": ""handwritten"", ""text"": ""Двадцятий диктент націоналенає єдності""}, {""bbox"": [64, 209, 397, 255], ""type"": ""handwritten"", ""text"": ""ики книжкової ери""}, {""bbox"": [86, 260, 542, 311], ""type"": ""handwritten"", ""text"": ""Наприкінці минулого тисячоліття""}, {""bbox"": [46, 299, 474, 345], ""type"": ""handwritten"", ""text"": ""читачі стурбовано запитували:""}, {""bbox"": [45, 329, 544, 379], ""type"": ""handwritten"", ""text"": ""Невже електронні носії витіснять трад""}, {""bbox"": [43, 364, 535, 418], ""type"": ""handwritten"", ""text"": ""ційну книжку?\"" Але коли Джоан Ролінґ""}, {""bbox"": [45, 402, 548, 454], ""type"": ""handwritten"", ""text"": ""написала \""Гаррі Поттера\"" і її серія романів""}, {""bbox"": [44, 438, 550, 489], ""type"": ""handwritten"", ""text"": ""розійшлася стомільйонними паперовими""}, {""bbox"": [51, 475, 534, 521], ""type"": ""handwritten"", ""text"": ""накладами, це питання втратило свою""}, {""bbox"": [51, 523, 161, 553], ""type"": ""handwritten"", ""text"": ""гостроту.""}, {""bbox"": [68, 546, 547, 593], ""type"": ""handwritten"", ""text"": ""Сьогодні більш-менш зрозуміло, що елект""}, {""bbox"": [39, 583, 541, 628], ""type"": ""handwritten"", ""text"": ""тронні носії, принаймні поки що, не створюють""}, {""bbox"": [45, 618, 539, 665], ""type"": ""handwritten"", ""text"": ""кардинальної загрози паперовим книжкам.""}, {""bbox"": [53, 654, 537, 700], ""type"": ""handwritten"", ""text"": ""Проте з’явилися вони не випадково. Гадаю""}, {""bbox"": [52, 691, 547, 735], ""type"": ""handwritten"", ""text"": ""це Бог так готує нас до далеких манд""}, {""bbox"": [44, 728, 516, 771], ""type"": ""handwritten"", ""text"": ""івок. Це він підсунув нам ґаджети,""}, {""bbox"": [47, 764, 542, 808], ""type"": ""handwritten"", ""text"": ""щоб ми змогли колись забрати з собою""}, {""bbox"": [48, 801, 547, 848], ""type"": ""handwritten"", ""text"": ""на інші планети свої улюблені книжки""}]"
d2569788-c35a-40de-afaf-ab97287dba27.jpg,"[{""bbox"": [92, 200, 551, 254], ""type"": ""handwritten"", ""text"": ""Наприкінці минулого плачаліття читячі стурбовоно""}, {""bbox"": [64, 278, 560, 357], ""type"": ""handwritten"", ""text"": ""і її серня рокинів разійнє ма сталільйоним поперевили""}, {""bbox"": [62, 315, 466, 350], ""type"": ""handwritten"", ""text"": ""накладами, це питання втратило свою гостроту.""}, {""bbox"": [79, 330, 550, 378], ""type"": ""handwritten"", ""text"": ""Спочадні більш - меків зрозукцію, що електронню косій,""}, {""bbox"": [70, 359, 549, 405], ""type"": ""handwritten"", ""text"": ""принаймні поки що, не створюють кардинальної загрози""}, {""bbox"": [62, 388, 535, 433], ""type"": ""handwritten"", ""text"": ""паперовим книжкам. Проте з’явилися вони не випадково.""}, {""bbox"": [60, 416, 533, 452], ""type"": ""handwritten"", ""text"": ""Гадаю, це Бог так готує нас до далеких мандрівок. Це""}, {""bbox"": [61, 442, 543, 478], ""type"": ""handwritten"", ""text"": ""він підсунув нам ґаджети, щоб ми змогли колись забрати""}, {""bbox"": [56, 468, 542, 504], ""type"": ""handwritten"", ""text"": ""з собою на інші планети свої улюблені книжки, музику,""}, {""bbox"": [1, 488, 46, 547], ""type"": ""annotation"", ""text"": ""ІІ""}, {""bbox"": [60, 492, 534, 531], ""type"": ""handwritten"", ""text"": ""фотографії, картини, — бо як інакше вдалося б це зробити?""}, {""bbox"": [70, 519, 552, 558], ""type"": ""handwritten"", ""text"": ""Маск ще тільки на півдорозі до інших""}, {""bbox"": [62, 546, 539, 585], ""type"": ""handwritten"", ""text"": ""світів, паперова книжка в безпеці. Однак деякі науковці""}, {""bbox"": [59, 574, 536, 612], ""type"": ""handwritten"", ""text"": ""стверджують, що коли люди нарешті зможуть зачати й""}, {""bbox"": [58, 600, 553, 639], ""type"": ""handwritten"", ""text"": ""народити в космічних умовах нове життя, то таке людсь""}, {""bbox"": [60, 628, 554, 668], ""type"": ""handwritten"", ""text"": ""ке дитя буде схоже радше на знайомий кінематографічн""}, {""bbox"": [58, 655, 557, 697], ""type"": ""handwritten"", ""text"": ""ний образ \""енелятка\"" — з великою головою, очима на пів облич""}, {""bbox"": [65, 681, 557, 725], ""type"": ""handwritten"", ""text"": ""ччя, слабкими м’язами. Для нього, на відміну в""}, {""bbox"": [65, 711, 515, 750], ""type"": ""handwritten"", ""text"": ""иємні відчуття, як гортання сторінок, запах паперу""}, {""bbox"": [65, 732, 539, 784], ""type"": ""handwritten"", ""text"": ""будуть невідомі. І ось, напевно, вже аж тоді й запанує ера""}, {""bbox"": [64, 763, 235, 795], ""type"": ""handwritten"", ""text"": ""електронної книжки.""}, {""bbox"": [79, 788, 563, 837], ""type"": ""handwritten"", ""text"": ""Але й це не страшно: головне — читати, і не так важливо, з яких носіїв. Бо книжки —""}]"
bb053620-9fa4-49b0-8373-087167e5298f.jpg,"[{""bbox"": [309, 131, 544, 180], ""type"": ""handwritten"", ""text"": ""картини, ба як""}, {""bbox"": [48, 147, 300, 190], ""type"": ""handwritten"", ""text"": ""музику, фотографії,""}, {""bbox"": [55, 182, 312, 221], ""type"": ""handwritten"", ""text"": ""інакше вдалося б це зробити""}, {""bbox"": [82, 212, 539, 255], ""type"": ""handwritten"", ""text"": ""Отож доки Ілон Маск ще тільки""}, {""bbox"": [37, 250, 571, 293], ""type"": ""handwritten"", ""text"": ""на півдорозі до інших світів, папер""}, {""bbox"": [37, 291, 341, 331], ""type"": ""handwritten"", ""text"": ""рова книжка в безпеці.""}, {""bbox"": [36, 325, 527, 372], ""type"": ""handwritten"", ""text"": ""Однак деякі науковці стверджують,""}, {""bbox"": [31, 366, 560, 411], ""type"": ""handwritten"", ""text"": ""що коли люди нарешті зможуть зач""}, {""bbox"": [32, 408, 561, 449], ""type"": ""handwritten"", ""text"": ""ати й народити в космічних умовах""}, {""bbox"": [28, 445, 570, 489], ""type"": ""handwritten"", ""text"": ""нове життя, то таке людське дитя буде схоже радше""}, {""bbox"": [25, 484, 544, 524], ""type"": ""handwritten"", ""text"": ""знайомий кінематографічний образ""}, {""bbox"": [22, 520, 576, 564], ""type"": ""handwritten"", ""text"": ""енелятка\"" — з великою головою, очима на""}, {""bbox"": [23, 563, 307, 601], ""type"": ""handwritten"", ""text"": ""півобничах, з слабким""}, {""bbox"": [21, 563, 511, 605], ""type"": ""handwritten"", ""text"": ""обличчя, слабкими м’язами.""}, {""bbox"": [32, 600, 546, 644], ""type"": ""handwritten"", ""text"": ""Для нього на відкилу вид нис, такі""}, {""bbox"": [29, 640, 297, 678], ""type"": ""handwritten"", ""text"": ""приємні відч""}, {""bbox"": [27, 640, 566, 685], ""type"": ""handwritten"", ""text"": ""чуття, як гортання стор""}, {""bbox"": [34, 678, 309, 727], ""type"": ""handwritten"", ""text"": ""рінок, запах паперу""}, {""bbox"": [34, 678, 554, 727], ""type"": ""handwritten"", ""text"": ""рінок, запах пажру будуть невідом""}, {""bbox"": [36, 787, 563, 841], ""type"": ""handwritten"", ""text"": ""Але й це не страшно, голосне вита-""}, {""bbox"": [35, 827, 287, 872], ""type"": ""handwritten"", ""text"": ""ти, і не так важ""}, {""bbox"": [122, 862, 212, 895], ""type"": ""handwritten"", ""text"": ""носіїв,""}]"
ac07749a-9930-4174-b5f0-0655c407315c.jpg,"[{""bbox"": [62, 182, 424, 224], ""type"": ""handwritten"", ""text"": ""Винашки виченової ери.""}, {""bbox"": [39, 218, 539, 269], ""type"": ""handwritten"", ""text"": ""Наприкінці минулого тисячоліття""}, {""bbox"": [38, 261, 480, 304], ""type"": ""handwritten"", ""text"": ""читачі стурбовано запитували:""}, {""bbox"": [32, 296, 498, 340], ""type"": ""handwritten"", ""text"": ""ні носії витіснять""}, {""bbox"": [29, 341, 313, 378], ""type"": ""handwritten"", ""text"": ""традиційну книжку?""}, {""bbox"": [44, 372, 517, 416], ""type"": ""handwritten"", ""text"": ""Але коли Джоан Ролінґ написала""}, {""bbox"": [37, 410, 546, 453], ""type"": ""handwritten"", ""text"": ""\""Гаррі Поттера\"" і її серія романів""}, {""bbox"": [22, 449, 523, 488], ""type"": ""handwritten"", ""text"": ""розійшлася стомільйонними паперов""}, {""bbox"": [27, 487, 482, 526], ""type"": ""handwritten"", ""text"": ""вими накладами, це питання в""}, {""bbox"": [24, 521, 498, 563], ""type"": ""handwritten"", ""text"": ""втратило свою гостроту.""}, {""bbox"": [26, 554, 516, 587], ""type"": ""handwritten"", ""text"": ""Сьогодні більш-менш зрозуміло,""}, {""bbox"": [15, 572, 468, 607], ""type"": ""handwritten"", ""text"": ""що електронні носії, принаймні""}, {""bbox"": [17, 602, 507, 641], ""type"": ""handwritten"", ""text"": ""поки що, не створюють кардинальн""}, {""bbox"": [14, 637, 499, 676], ""type"": ""handwritten"", ""text"": ""ної загрози паперовим книжкам.""}, {""bbox"": [34, 674, 513, 714], ""type"": ""handwritten"", ""text"": ""Проте з’явилися вони не випадково.""}, {""bbox"": [10, 709, 513, 758], ""type"": ""handwritten"", ""text"": ""Гадаю, це Бог так готує нас""}, {""bbox"": [14, 749, 489, 792], ""type"": ""handwritten"", ""text"": ""до далеких мандрівок. Це він""}, {""bbox"": [12, 784, 520, 832], ""type"": ""handwritten"", ""text"": ""готує нас до дальних мандрівок""}, {""bbox"": [16, 822, 228, 857], ""type"": ""handwritten"", ""text"": ""Це Він підсунув""}, {""bbox"": [11, 817, 525, 870], ""type"": ""handwritten"", ""text"": ""Це Він підсунув наж гадхисти, щоб""}, {""bbox"": [8, 855, 528, 910], ""type"": ""handwritten"", ""text"": ""колись забрати з собою на""}, {""bbox"": [8, 889, 233, 920], ""type"": ""handwritten"", ""text"": ""інші планети свої""}, {""bbox"": [7, 886, 501, 939], ""type"": ""handwritten"", ""text"": ""інши планети свої уплоблені книжки""}]"
484b4963-1d6d-4766-9057-954bda8a6118.jpg,"[{""bbox"": [30, 226, 144, 264], ""type"": ""handwritten"", ""text"": ""книжки.""}, {""bbox"": [70, 232, 463, 288], ""type"": ""handwritten"", ""text"": ""Але й це не страшно:""}, {""bbox"": [20, 271, 506, 321], ""type"": ""handwritten"", ""text"": ""головне — читати, і не так""}, {""bbox"": [23, 308, 430, 350], ""type"": ""handwritten"", ""text"": ""важливо, з яких носіїв.""}, {""bbox"": [23, 338, 481, 382], ""type"": ""handwritten"", ""text"": ""Бо книжки — це знання й""}, {""bbox"": [26, 369, 457, 412], ""type"": ""handwritten"", ""text"": ""емоції, які, на відміну""}, {""bbox"": [24, 399, 439, 444], ""type"": ""handwritten"", ""text"": ""від щоденного потоку""}, {""bbox"": [21, 429, 510, 476], ""type"": ""handwritten"", ""text"": ""інформації, залишаються з""}, {""bbox"": [26, 461, 297, 507], ""type"": ""handwritten"", ""text"": ""нами надовго.""}]"
27855adb-b372-4d01-a0c3-9dc209e9c93b.jpg,"[{""bbox"": [11, 181, 433, 231], ""type"": ""handwritten"", ""text"": ""улюблені книжки, музику,""}, {""bbox"": [8, 213, 471, 262], ""type"": ""handwritten"", ""text"": ""фотографії, картини,""}, {""bbox"": [14, 240, 514, 305], ""type"": ""handwritten"", ""text"": ""як інакше вдалося б це зробити?""}, {""bbox"": [7, 297, 497, 363], ""type"": ""handwritten"", ""text"": ""ще тільки на півфороді до""}, {""bbox"": [14, 328, 454, 383], ""type"": ""handwritten"", ""text"": ""ших світів, пап""}, {""bbox"": [15, 369, 358, 407], ""type"": ""handwritten"", ""text"": ""книжка в безпеці.""}, {""bbox"": [16, 451, 514, 498], ""type"": ""handwritten"", ""text"": ""нарешті зможуть зачати й""}, {""bbox"": [19, 480, 518, 525], ""type"": ""handwritten"", ""text"": ""родити в космічних умовах""}, {""bbox"": [18, 509, 522, 553], ""type"": ""handwritten"", ""text"": ""нове життя, то таке людське""}, {""bbox"": [16, 537, 519, 582], ""type"": ""handwritten"", ""text"": ""дитя буде схоже радше на""}, {""bbox"": [14, 566, 524, 610], ""type"": ""handwritten"", ""text"": ""знайомий кінематографічний""}, {""bbox"": [27, 596, 516, 637], ""type"": ""handwritten"", ""text"": ""образ \""енелятка\"" — з великою""}, {""bbox"": [25, 626, 526, 667], ""type"": ""handwritten"", ""text"": ""головою, очима на пів обличчя,""}, {""bbox"": [23, 655, 482, 696], ""type"": ""handwritten"", ""text"": ""слабкими м’язами. Для""}, {""bbox"": [22, 712, 517, 757], ""type"": ""handwritten"", ""text"": ""такі приємні відчуття, як""}, {""bbox"": [19, 741, 483, 784], ""type"": ""handwritten"", ""text"": ""гортання сторінок, запах""}, {""bbox"": [17, 770, 495, 816], ""type"": ""handwritten"", ""text"": ""поперу - будуть невідомі.""}, {""bbox"": [18, 797, 503, 849], ""type"": ""handwritten"", ""text"": ""У ось нашемо степлою вже аж тоді""}, {""bbox"": [14, 828, 477, 885], ""type"": ""handwritten"", ""text"": ""й заганує ера електронної""}]"
45ec9864-4bd9-449c-af80-e21992519461.jpg,"[{""bbox"": [90, 146, 527, 215], ""type"": ""handwritten"", ""text"": ""Виклики книжкової ери""}, {""bbox"": [4, 227, 546, 281], ""type"": ""handwritten"", ""text"": ""Наприкінці минулого тисячол""}, {""bbox"": [0, 264, 532, 315], ""type"": ""handwritten"", ""text"": ""ття читачі стурбовано зап""}, {""bbox"": [0, 300, 530, 351], ""type"": ""handwritten"", ""text"": ""итували: \""Невже електронні""}, {""bbox"": [0, 335, 507, 382], ""type"": ""handwritten"", ""text"": ""осії витіснять традиційну""}, {""bbox"": [0, 368, 526, 414], ""type"": ""handwritten"", ""text"": ""нижку?\"" Але коли Джоан""}, {""bbox"": [1, 400, 526, 444], ""type"": ""handwritten"", ""text"": ""Ролінґ написала \""Гаррі Поттера\""""}, {""bbox"": [0, 432, 518, 476], ""type"": ""handwritten"", ""text"": ""і її серія романів розійшлася""}, {""bbox"": [2, 463, 507, 504], ""type"": ""handwritten"", ""text"": ""стомільйонними паперовими""}, {""bbox"": [13, 517, 476, 555], ""type"": ""handwritten"", ""text"": ""втратило свою гостроту.""}, {""bbox"": [73, 544, 509, 582], ""type"": ""handwritten"", ""text"": ""Сьогодні більш-менш зроз""}, {""bbox"": [9, 569, 507, 608], ""type"": ""handwritten"", ""text"": ""зуміло, що електронні носії,""}, {""bbox"": [8, 595, 517, 639], ""type"": ""handwritten"", ""text"": ""і поки що, не створ""}, {""bbox"": [6, 624, 519, 671], ""type"": ""handwritten"", ""text"": ""рюють кардинальної загрози""}, {""bbox"": [10, 651, 515, 698], ""type"": ""handwritten"", ""text"": ""паперовим книжкам. Проте""}, {""bbox"": [3, 677, 519, 726], ""type"": ""handwritten"", ""text"": ""з’явилися вони не випадково.""}, {""bbox"": [6, 706, 512, 754], ""type"": ""handwritten"", ""text"": ""Гадаю, це Бог так готує""}, {""bbox"": [2, 736, 498, 782], ""type"": ""handwritten"", ""text"": ""алеких мандрівок""}, {""bbox"": [2, 762, 527, 816], ""type"": ""handwritten"", ""text"": ""Це він підсунув нам ґаджети,""}, {""bbox"": [1, 791, 523, 845], ""type"": ""handwritten"", ""text"": ""щоб ми змогли колись забрати""}, {""bbox"": [0, 823, 500, 885], ""type"": ""handwritten"", ""text"": ""собою на інші планети свої""}]"
86625e72-e149-415a-b51e-cbe1bd7dd644.jpg,"[{""bbox"": [139, 189, 548, 243], ""type"": ""handwritten"", ""text"": ""Виклики книжкової ери""}, {""bbox"": [34, 227, 537, 281], ""type"": ""handwritten"", ""text"": ""(Наприкінці, лишулого тисячо-""}, {""bbox"": [32, 259, 559, 313], ""type"": ""handwritten"", ""text"": ""ліття читачі стурбовано запитув""}, {""bbox"": [31, 292, 567, 341], ""type"": ""handwritten"", ""text"": ""\""Невже електронні н""}, {""bbox"": [31, 324, 577, 375], ""type"": ""handwritten"", ""text"": ""витіснять традиційну книжку?""}, {""bbox"": [32, 358, 532, 409], ""type"": ""handwritten"", ""text"": ""Алев коли Джом Ролінг,""}, {""bbox"": [30, 388, 544, 442], ""type"": ""handwritten"", ""text"": ""написала \""Гаррі Поттера\"" і її""}, {""bbox"": [27, 423, 546, 475], ""type"": ""handwritten"", ""text"": ""я романів розійшлася сто""}, {""bbox"": [24, 458, 562, 508], ""type"": ""handwritten"", ""text"": ""ільйонними паперовими накл""}, {""bbox"": [26, 493, 560, 541], ""type"": ""handwritten"", ""text"": ""ладами, це питання втратило""}, {""bbox"": [26, 525, 577, 577], ""type"": ""handwritten"", ""text"": ""свою гостроту. Сьогодні більш-ме""}, {""bbox"": [26, 564, 533, 608], ""type"": ""handwritten"", ""text"": ""міло, що електронні носії,""}, {""bbox"": [25, 598, 557, 643], ""type"": ""handwritten"", ""text"": ""принаймні поки що, не створ""}, {""bbox"": [31, 635, 565, 681], ""type"": ""handwritten"", ""text"": ""рюють кардинальної загрози""}, {""bbox"": [37, 669, 420, 710], ""type"": ""handwritten"", ""text"": ""паперовим книжкам.""}, {""bbox"": [29, 700, 498, 744], ""type"": ""handwritten"", ""text"": ""Проте з’явилися вони не""}, {""bbox"": [35, 732, 576, 784], ""type"": ""handwritten"", ""text"": ""випадково. Гадаю, це Бог так""}, {""bbox"": [33, 770, 561, 820], ""type"": ""handwritten"", ""text"": ""готує нас до далеких манд""}, {""bbox"": [36, 803, 502, 860], ""type"": ""handwritten"", ""text"": ""рівок. Це він підсунув""}]"
cea7015f-1269-425a-a1a2-54c960e110ef.jpg,"[{""bbox"": [37, 149, 509, 199], ""type"": ""handwritten"", ""text"": ""нам гадшсти, щоб ми""}, {""bbox"": [27, 187, 546, 238], ""type"": ""handwritten"", ""text"": ""змогли колись забрати з""}, {""bbox"": [31, 226, 526, 273], ""type"": ""handwritten"", ""text"": ""собою на інші планети""}, {""bbox"": [34, 262, 496, 312], ""type"": ""handwritten"", ""text"": ""свої улюблені книжки,""}, {""bbox"": [32, 295, 562, 348], ""type"": ""handwritten"", ""text"": ""музику, фотографії, картини,""}, {""bbox"": [36, 332, 539, 386], ""type"": ""handwritten"", ""text"": ""бо як інакше вдалося б це""}, {""bbox"": [33, 374, 443, 421], ""type"": ""handwritten"", ""text"": ""зробити? Отож доки""}, {""bbox"": [35, 409, 550, 459], ""type"": ""handwritten"", ""text"": ""Ілон Маск ще тільки на""}, {""bbox"": [34, 444, 541, 493], ""type"": ""handwritten"", ""text"": ""півдорозі до інших світів,""}, {""bbox"": [34, 477, 558, 528], ""type"": ""handwritten"", ""text"": ""паперова книжка в безпец""}, {""bbox"": [31, 525, 74, 551], ""type"": ""handwritten"", ""text"": ""ці.""}, {""bbox"": [39, 543, 478, 598], ""type"": ""handwritten"", ""text"": ""Однак деякі науковці""}, {""bbox"": [43, 583, 552, 635], ""type"": ""handwritten"", ""text"": ""стверджують, що коли люди""}, {""bbox"": [40, 623, 551, 668], ""type"": ""handwritten"", ""text"": ""нарешті зможуть зачати""}, {""bbox"": [42, 654, 557, 699], ""type"": ""handwritten"", ""text"": ""й народити в космічних""}, {""bbox"": [41, 687, 544, 731], ""type"": ""handwritten"", ""text"": ""умовах нове життя, то""}, {""bbox"": [42, 718, 506, 762], ""type"": ""handwritten"", ""text"": ""таке людське дитя""}, {""bbox"": [43, 748, 511, 795], ""type"": ""handwritten"", ""text"": ""буде схоже радше на""}, {""bbox"": [48, 779, 557, 831], ""type"": ""handwritten"", ""text"": ""знайомий кінематографічн""}, {""bbox"": [48, 810, 566, 864], ""type"": ""handwritten"", ""text"": ""ний образ енеметко, з ве-""}, {""bbox"": [45, 839, 535, 896], ""type"": ""handwritten"", ""text"": ""ликою головою, очима""}]"
a3249f26-b8fe-4d17-92e2-1605fdc9d262.jpg,"[{""bbox"": [49, 200, 531, 264], ""type"": ""handwritten"", ""text"": ""на пів обличчи, з слаболен""}, {""bbox"": [45, 256, 210, 292], ""type"": ""handwritten"", ""text"": ""м’язами.""}, {""bbox"": [48, 255, 537, 328], ""type"": ""handwritten"", ""text"": ""Для нього, на відміну від""}, {""bbox"": [45, 295, 550, 357], ""type"": ""handwritten"", ""text"": ""нас, такі приємні відчуття, як""}, {""bbox"": [41, 334, 566, 392], ""type"": ""handwritten"", ""text"": ""гортання сторінок, запах паперу""}, {""bbox"": [49, 378, 356, 427], ""type"": ""handwritten"", ""text"": ""будуть невідомі.""}, {""bbox"": [44, 413, 552, 471], ""type"": ""handwritten"", ""text"": ""І ось, напевно, вже аж тоді""}, {""bbox"": [45, 456, 549, 506], ""type"": ""handwritten"", ""text"": ""й запанує ера електронної""}, {""bbox"": [49, 501, 187, 532], ""type"": ""handwritten"", ""text"": ""хшешки.""}, {""bbox"": [44, 516, 561, 567], ""type"": ""handwritten"", ""text"": ""Але й це не страшно: головне""}, {""bbox"": [45, 551, 534, 593], ""type"": ""handwritten"", ""text"": ""читати, і не так важливо""}, {""bbox"": [43, 589, 322, 624], ""type"": ""handwritten"", ""text"": ""з яких носіїв.""}, {""bbox"": [49, 614, 519, 660], ""type"": ""handwritten"", ""text"": ""Бо книжки — це знання й""}, {""bbox"": [45, 643, 554, 696], ""type"": ""handwritten"", ""text"": ""емоції, які, на відміну від""}, {""bbox"": [48, 683, 445, 725], ""type"": ""handwritten"", ""text"": ""щоденного потоку інформації,""}, {""bbox"": [49, 716, 555, 774], ""type"": ""handwritten"", ""text"": ""залишаються з нами надовго""}, {""bbox"": [206, 800, 340, 829], ""type"": ""handwritten"", ""text"": ""9. X. 2020.""}]"
c94df7ee-3e0b-41c6-a627-d92be88d877b.jpg,"[{""bbox"": [115, 100, 455, 148], ""type"": ""handwritten"", ""text"": ""Диктент вії бри""}, {""bbox"": [58, 119, 460, 185], ""type"": ""handwritten"", ""text"": ""Виклики кнакової Дри""}, {""bbox"": [26, 297, 570, 353], ""type"": ""handwritten"", ""text"": ""гулася, сталівльйонним на першими свою""}, {""bbox"": [23, 345, 175, 370], ""type"": ""handwritten"", ""text"": ""гостроту.""}, {""bbox"": [88, 339, 550, 404], ""type"": ""handwritten"", ""text"": ""Сьягодні, більш менш, зрозумню,""}, {""bbox"": [26, 367, 564, 414], ""type"": ""handwritten"", ""text"": ""що держані, більші приначинції, поки""}, {""bbox"": [26, 399, 565, 440], ""type"": ""handwritten"", ""text"": ""що, не створюють нардинальної зага-""}, {""bbox"": [24, 439, 563, 480], ""type"": ""handwritten"", ""text"": ""лися вони невипадково. Окдано - це""}, {""bbox"": [22, 465, 561, 503], ""type"": ""handwritten"", ""text"": ""Рос так готує нас до дляких ман-""}, {""bbox"": [19, 488, 563, 525], ""type"": ""handwritten"", ""text"": ""дрівок, Це він підсунув нам гаджети""}, {""bbox"": [18, 511, 567, 544], ""type"": ""handwritten"", ""text"": ""щоб ми. Змогли колись забрати з свою,""}, {""bbox"": [20, 550, 553, 587], ""type"": ""handwritten"", ""text"": ""ки, музику, фотографії, картини,  бо""}, {""bbox"": [15, 572, 530, 608], ""type"": ""handwritten"", ""text"": ""як інакше вдалосяб це зробити.""}, {""bbox"": [93, 599, 561, 634], ""type"": ""handwritten"", ""text"": ""Отож доки Івон Маск, ще тільки""}, {""bbox"": [22, 646, 541, 679], ""type"": ""handwritten"", ""text"": ""дове книжка в безпеці. Однек, деяки""}, {""bbox"": [17, 668, 536, 703], ""type"": ""handwritten"", ""text"": ""науковці, стверджують, що коли""}, {""bbox"": [14, 688, 548, 728], ""type"": ""handwritten"", ""text"": ""Люди, нарешті, зможуть зачати й""}, {""bbox"": [14, 737, 554, 779], ""type"": ""handwritten"", ""text"": ""життя, то таке людське рите буде""}, {""bbox"": [21, 761, 543, 801], ""type"": ""handwritten"", ""text"": ""схоже, дадже на знайомит кінома-""}, {""bbox"": [19, 807, 544, 848], ""type"": ""handwritten"", ""text"": ""великою головоє, очина напівоблич-""}, {""bbox"": [17, 830, 558, 875], ""type"": ""handwritten"", ""text"": ""ся, алабкими ніязами. Для нього.""}, {""bbox"": [14, 856, 558, 899], ""type"": ""handwritten"", ""text"": ""на відміну вид нас, такі приємні""}, {""bbox"": [12, 884, 548, 929], ""type"": ""handwritten"", ""text"": ""відчуття, як гортання сторіном""}, {""bbox"": [16, 913, 537, 966], ""type"": ""handwritten"", ""text"": ""бапах померу, будуть невідомі.""}]"
dccde180-6dc4-4224-a441-aaecf30faf06.jpg,"[{""bbox"": [31, 294, 532, 382], ""type"": ""handwritten"", ""text"": ""отоку інформації, залишаю""}, {""bbox"": [31, 362, 397, 413], ""type"": ""handwritten"", ""text"": ""ться з нами надовго.""}]"
9f6a6e8e-7baf-4144-b35d-62d69ac7f935.jpg,"[{""bbox"": [122, 193, 427, 230], ""type"": ""handwritten"", ""text"": ""Виклики книжкової ери""}, {""bbox"": [33, 234, 519, 274], ""type"": ""handwritten"", ""text"": ""прикінці минулого тисячоліття""}, {""bbox"": [2, 274, 510, 317], ""type"": ""handwritten"", ""text"": ""читачі стурбовано запитували: \""Невже""}, {""bbox"": [5, 315, 528, 361], ""type"": ""handwritten"", ""text"": ""ектронні носії витіснять традиційн""}, {""bbox"": [11, 353, 492, 396], ""type"": ""handwritten"", ""text"": ""ну книжку?\"" Але коли Джоан Ролінґ""}, {""bbox"": [16, 388, 483, 436], ""type"": ""handwritten"", ""text"": ""написала \""Гаррі Поттера\"" і її серія""}, {""bbox"": [27, 422, 527, 471], ""type"": ""handwritten"", ""text"": ""романів розійшлася стомільйонними""}, {""bbox"": [32, 455, 514, 503], ""type"": ""handwritten"", ""text"": ""паперовими накладами, це питання""}, {""bbox"": [40, 487, 363, 519], ""type"": ""handwritten"", ""text"": ""втратило свою гостроту.""}, {""bbox"": [68, 515, 499, 559], ""type"": ""handwritten"", ""text"": ""Спогодні більш-менше зрозумело, що""}, {""bbox"": [47, 543, 499, 590], ""type"": ""handwritten"", ""text"": ""електронні носії, принаймні поки що,""}, {""bbox"": [45, 575, 473, 620], ""type"": ""handwritten"", ""text"": ""не створюють кардинальної загрози""}, {""bbox"": [44, 606, 490, 656], ""type"": ""handwritten"", ""text"": ""паперівши книжколи Проте завчилися""}, {""bbox"": [40, 638, 488, 691], ""type"": ""handwritten"", ""text"": ""ипадково. Гадаю, це Бог так""}, {""bbox"": [38, 671, 473, 721], ""type"": ""handwritten"", ""text"": ""готує нас до далежнох мандривок. Це""}, {""bbox"": [33, 702, 491, 763], ""type"": ""handwritten"", ""text"": ""Есне підсунув нам чаднийм, щоб ми змогле""}, {""bbox"": [31, 736, 479, 790], ""type"": ""handwritten"", ""text"": ""колись забрати з чобою на інші пла-""}, {""bbox"": [27, 767, 480, 829], ""type"": ""handwritten"", ""text"": ""юблені книжки, музику,""}, {""bbox"": [20, 800, 478, 857], ""type"": ""handwritten"", ""text"": ""фотографії, картини, — бо як інакше""}, {""bbox"": [16, 831, 270, 878], ""type"": ""handwritten"", ""text"": ""вдалося б це зробити""}]"
607c9477-058c-48ff-beca-330836b5ce60.jpg,"[{""bbox"": [175, 176, 575, 200], ""type"": ""handwritten"", ""text"": ""Мити проти тисячаління читачі.""}, {""bbox"": [291, 193, 557, 215], ""type"": ""handwritten"", ""text"": ""„Невже електронні носі""}, {""bbox"": [52, 206, 296, 226], ""type"": ""handwritten"", ""text"": ""справатика зами щу ту""}, {""bbox"": [192, 209, 550, 231], ""type"": ""handwritten"", ""text"": ""праваційну кнатку?\"" Але коли...""}, {""bbox"": [51, 223, 291, 244], ""type"": ""handwritten"", ""text"": ""ди такожна шкограціїни""}, {""bbox"": [290, 224, 550, 248], ""type"": ""handwritten"", ""text"": ""2. Гакрі Поттера\"" і ї""}, {""bbox"": [50, 240, 296, 266], ""type"": ""handwritten"", ""text"": ""Равання бацію на ексамо""}, {""bbox"": [290, 248, 562, 274], ""type"": ""handwritten"", ""text"": ""каси стомільйоннийми""}, {""bbox"": [289, 268, 568, 299], ""type"": ""handwritten"", ""text"": ""ни, що питання втри""}, {""bbox"": [58, 281, 292, 306], ""type"": ""handwritten"", ""text"": ""поправичени накладо-""}, {""bbox"": [63, 301, 293, 325], ""type"": ""handwritten"", ""text"": ""колина свою гартулення""}, {""bbox"": [288, 302, 565, 331], ""type"": ""handwritten"", ""text"": ""ні спозуміло, що електронню""}, {""bbox"": [287, 323, 563, 344], ""type"": ""handwritten"", ""text"": ""на зрозумоворюють ~~проте""}, {""bbox"": [186, 345, 565, 368], ""type"": ""handwritten"", ""text"": ""поли патоповалі кнужком. Це Бог""}, {""bbox"": [286, 339, 563, 360], ""type"": ""handwritten"", ""text"": ""повали не стружам. Бог""}, {""bbox"": [285, 355, 563, 376], ""type"": ""handwritten"", ""text"": ""завим кназповівача най не""}, {""bbox"": [46, 373, 309, 399], ""type"": ""handwritten"", ""text"": ""ріобильний ваше не весно""}, {""bbox"": [47, 394, 319, 419], ""type"": ""handwritten"", ""text"": ""так танція знас до рогле""}, {""bbox"": [193, 400, 557, 427], ""type"": ""handwritten"", ""text"": ""в сезую тарження, щоб ми змогли""}, {""bbox"": [51, 414, 325, 442], ""type"": ""handwritten"", ""text"": ""кін підозікув нам подже""}, {""bbox"": [267, 416, 559, 438], ""type"": ""handwritten"", ""text"": ""наджети, планеті свої""}, {""bbox"": [55, 432, 394, 464], ""type"": ""handwritten"", ""text"": ""люшим знабула завати у собою на інші""}, {""bbox"": [52, 477, 363, 505], ""type"": ""handwritten"", ""text"": ""Ви ми іналих взалось б Це""}, {""bbox"": [233, 494, 550, 520], ""type"": ""handwritten"", ""text"": ""мат Маска що тичка в безпеш.""}, {""bbox"": [233, 514, 553, 534], ""type"": ""handwritten"", ""text"": ""ви за воджують, що коли людичний""}, {""bbox"": [233, 545, 548, 568], ""type"": ""handwritten"", ""text"": ""рачати й то таке людське""}, {""bbox"": [237, 562, 554, 583], ""type"": ""handwritten"", ""text"": ""житте на знайомий кіне-""}, {""bbox"": [34, 576, 393, 597], ""type"": ""handwritten"", ""text"": ""рите була колосо, надше, та зна""}, {""bbox"": [245, 579, 553, 599], ""type"": ""handwritten"", ""text"": ""на баглятся: з великою""}, {""bbox"": [29, 593, 389, 615], ""type"": ""handwritten"", ""text"": ""матира дечний обрад знахеться.""}, {""bbox"": [253, 594, 562, 616], ""type"": ""handwritten"", ""text"": ""привної слабкими м'язами.""}, {""bbox"": [28, 609, 376, 631], ""type"": ""handwritten"", ""text"": ""полаваю. Обима напівайських""}, {""bbox"": [259, 612, 556, 632], ""type"": ""handwritten"", ""text"": ""сво міженія гракі приами""}, {""bbox"": [28, 626, 380, 648], ""type"": ""handwritten"", ""text"": ""було таком на вирику від нис, я""}, {""bbox"": [26, 641, 378, 665], ""type"": ""handwritten"", ""text"": ""будетно, яке еднолення сторіналі""}, {""bbox"": [264, 650, 521, 673], ""type"": ""handwritten"", ""text"": ""слановою, вже ам тоді й""}, {""bbox"": [19, 664, 283, 690], ""type"": ""handwritten"", ""text"": ""будуть неверені базівача""}, {""bbox"": [19, 685, 280, 711], ""type"": ""handwritten"", ""text"": ""засланда дна бегетро""}, {""bbox"": [270, 687, 566, 711], ""type"": ""handwritten"", ""text"": ""жна, головосе - читати,""}, {""bbox"": [15, 705, 279, 729], ""type"": ""handwritten"", ""text"": ""Ало й це не сиє""}, {""bbox"": [276, 706, 567, 733], ""type"": ""handwritten"", ""text"": ""яких носів. Бо книжки-""}, {""bbox"": [14, 723, 274, 747], ""type"": ""handwritten"", ""text"": ""й не так вимамово за""}, {""bbox"": [281, 728, 551, 756], ""type"": ""handwritten"", ""text"": ""„скі, на відміну вид""}, {""bbox"": [15, 743, 277, 768], ""type"": ""handwritten"", ""text"": ""не днажні й емоєції""}, {""bbox"": [15, 764, 277, 789], ""type"": ""handwritten"", ""text"": ""цефій клаю пошку індату""}, {""bbox"": [11, 782, 261, 815], ""type"": ""handwritten"", ""text"": ""8 нами недовго.""}]"
555d4776-eb89-43fb-9090-f8b625d6c42b.jpg,"[{""bbox"": [83, 152, 524, 200], ""type"": ""handwritten"", ""text"": ""атоки, рокім влан мак ще тильні""}, {""bbox"": [44, 187, 535, 235], ""type"": ""handwritten"", ""text"": ""на півдорозі до інших світів, папер""}, {""bbox"": [46, 222, 517, 269], ""type"": ""handwritten"", ""text"": ""рока племата в кознеції. бунких деняті""}, {""bbox"": [43, 258, 545, 307], ""type"": ""handwritten"", ""text"": ""науковці стверджують, що коли лю""}, {""bbox"": [38, 295, 551, 344], ""type"": ""handwritten"", ""text"": ""ди нарешті зможуть зачати й на""}, {""bbox"": [35, 329, 555, 377], ""type"": ""handwritten"", ""text"": ""родити в космічних умовах нове житт""}, {""bbox"": [33, 365, 553, 413], ""type"": ""handwritten"", ""text"": ""тя, то таке людське дитя буде схоже ра""}, {""bbox"": [34, 401, 547, 445], ""type"": ""handwritten"", ""text"": ""ше на знайомий кінематографічний""}, {""bbox"": [33, 437, 549, 481], ""type"": ""handwritten"", ""text"": ""образ \""енелятка\"" — з великою головою, очи""}, {""bbox"": [29, 472, 548, 513], ""type"": ""handwritten"", ""text"": ""а на пів обличчя, слабкими м’язами.""}, {""bbox"": [26, 506, 534, 553], ""type"": ""handwritten"", ""text"": ""Для нього, на відміну від""}, {""bbox"": [30, 542, 509, 587], ""type"": ""handwritten"", ""text"": ""нас, такі приємні відчуття, як""}, {""bbox"": [31, 580, 540, 626], ""type"": ""handwritten"", ""text"": ""гортання сторінок, запах паперу,""}, {""bbox"": [31, 616, 544, 661], ""type"": ""handwritten"", ""text"": ""будуть невідомі. І ось, напевно, вже""}, {""bbox"": [28, 655, 548, 702], ""type"": ""handwritten"", ""text"": ""аж тоді й запанує ера електронно""}, {""bbox"": [31, 698, 156, 728], ""type"": ""handwritten"", ""text"": ""книжки""}, {""bbox"": [47, 728, 524, 774], ""type"": ""handwritten"", ""text"": ""Але й це не страшно: головне —""}, {""bbox"": [34, 764, 504, 811], ""type"": ""handwritten"", ""text"": ""итати, і не так важливо, з""}, {""bbox"": [31, 801, 548, 852], ""type"": ""handwritten"", ""text"": ""яких носіїв. Бо книжки — це знання""}, {""bbox"": [30, 840, 545, 891], ""type"": ""handwritten"", ""text"": ""й емоції, які, на відміну від щоденного п""}]"
028298e9-4d7f-4f77-ada6-f9f0ca7a305e.jpg,"[{""bbox"": [30, 50, 577, 101], ""type"": ""handwritten"", ""text"": ""Для нього, на відміну від нас, такі приємні""}, {""bbox"": [27, 88, 539, 134], ""type"": ""handwritten"", ""text"": ""відчуття, як гортання сторінок, запах""}, {""bbox"": [28, 117, 563, 168], ""type"": ""handwritten"", ""text"": ""паперу, будуть невідомі. І ось, напевно, вже аж""}, {""bbox"": [29, 149, 565, 200], ""type"": ""handwritten"", ""text"": ""тоді й запанує ера електронної книжки.""}, {""bbox"": [59, 181, 575, 230], ""type"": ""handwritten"", ""text"": ""Але й це не страшно: головне — читати""}, {""bbox"": [22, 213, 577, 268], ""type"": ""handwritten"", ""text"": ""і не так важливо, з яких носіїв. Бо книж""}, {""bbox"": [28, 245, 577, 297], ""type"": ""handwritten"", ""text"": ""ки — це знання й емоції, які, на відміну від""}, {""bbox"": [24, 278, 577, 331], ""type"": ""handwritten"", ""text"": ""щоденного потоку інформації, залишаються""}, {""bbox"": [19, 326, 213, 365], ""type"": ""handwritten"", ""text"": ""з нами нодовго.""}, {""bbox"": [30, 579, 571, 624], ""type"": ""handwritten"", ""text"": ""Хочу подякувати усім приченим до орга-""}, {""bbox"": [32, 613, 528, 657], ""type"": ""handwritten"", ""text"": ""піднції 30 го, говілайного диконанту з""}, {""bbox"": [24, 644, 577, 695], ""type"": ""handwritten"", ""text"": ""української мови. Ви робите важливу справу""}, {""bbox"": [27, 675, 330, 716], ""type"": ""handwritten"", ""text"": ""На хвилинку знову опинила""}, {""bbox"": [30, 677, 552, 721], ""type"": ""handwritten"", ""text"": ""На хвитинку знову опинилася у теплому""}, {""bbox"": [31, 710, 321, 748], ""type"": ""handwritten"", ""text"": ""класі української мови в""}, {""bbox"": [327, 718, 575, 753], ""type"": ""handwritten"", ""text"": ""своїй киевській шкож""}, {""bbox"": [30, 742, 328, 782], ""type"": ""handwritten"", ""text"": ""не дивлячися на те, що""}, {""bbox"": [335, 750, 577, 794], ""type"": ""handwritten"", ""text"": ""фізично перебувало""}, {""bbox"": [30, 771, 304, 812], ""type"": ""handwritten"", ""text"": ""у далегому Мюнхені.""}, {""bbox"": [30, 802, 234, 848], ""type"": ""handwritten"", ""text"": ""Ще раз дякую!""}]"
732aa69b-d029-41ff-9cc5-3b01080f92cf.jpg,"[{""bbox"": [144, 115, 237, 142], ""type"": ""handwritten"", ""text"": ""Диктан""}, {""bbox"": [100, 143, 258, 174], ""type"": ""handwritten"", ""text"": ""Виклики""}, {""bbox"": [96, 140, 379, 176], ""type"": ""handwritten"", ""text"": ""книжкової ери""}, {""bbox"": [74, 172, 260, 207], ""type"": ""handwritten"", ""text"": ""Наприклиць лишуло""}, {""bbox"": [71, 168, 517, 205], ""type"": ""handwritten"", ""text"": ""і минулого тисячоліття читачі""}, {""bbox"": [58, 201, 259, 239], ""type"": ""handwritten"", ""text"": ""стурбовано запитувал""}, {""bbox"": [59, 198, 543, 232], ""type"": ""handwritten"", ""text"": ""стурбовимо засторвання: \""Не вже мектрамі носи""}, {""bbox"": [58, 229, 527, 266], ""type"": ""handwritten"", ""text"": ""випленять традитну книжку? Але поли""}, {""bbox"": [53, 258, 535, 296], ""type"": ""handwritten"", ""text"": ""нґ написала \""Гаррі Поттера\"" і""}, {""bbox"": [54, 289, 558, 326], ""type"": ""handwritten"", ""text"": ""її серія романів розійшлася стомільйонними""}, {""bbox"": [56, 320, 537, 357], ""type"": ""handwritten"", ""text"": ""паперовими накладами, це питання втра""}, {""bbox"": [55, 355, 280, 388], ""type"": ""handwritten"", ""text"": ""тило свою гостроту.""}, {""bbox"": [74, 378, 571, 419], ""type"": ""handwritten"", ""text"": ""Сьогодні більш-менш зрозуміло, що електронні""}, {""bbox"": [53, 410, 521, 447], ""type"": ""handwritten"", ""text"": ""носії, принаймні поки що, не створюють""}, {""bbox"": [53, 439, 550, 478], ""type"": ""handwritten"", ""text"": ""кардинальної загрози паперовим книжкам.""}, {""bbox"": [53, 468, 558, 506], ""type"": ""handwritten"", ""text"": ""Проте з’явилися вони не випадково. Гадаю, це""}, {""bbox"": [54, 499, 560, 535], ""type"": ""handwritten"", ""text"": ""Бог так готує нас до далеких мандрівок. Це""}, {""bbox"": [50, 550, 548, 586], ""type"": ""handwritten"", ""text"": ""колись забрати з собою на інші планети""}, {""bbox"": [52, 579, 553, 616], ""type"": ""handwritten"", ""text"": ""свої улюблені книжки, музику, фотографії,""}, {""bbox"": [50, 606, 499, 643], ""type"": ""handwritten"", ""text"": ""картини, — бо як інакше вдалося б це""}, {""bbox"": [48, 636, 154, 669], ""type"": ""handwritten"", ""text"": ""зробити?""}, {""bbox"": [73, 662, 552, 704], ""type"": ""handwritten"", ""text"": ""Отож доки Ілон Маск ще тільки на пів""}, {""bbox"": [45, 694, 539, 734], ""type"": ""handwritten"", ""text"": ""дорозі до інших світів, паперова книжка в""}, {""bbox"": [44, 724, 559, 764], ""type"": ""handwritten"", ""text"": ""безпеці. Однак деякі науковці стверджують, що""}, {""bbox"": [42, 755, 506, 793], ""type"": ""handwritten"", ""text"": ""коли люди нарешті зможуть зачати й""}, {""bbox"": [42, 783, 546, 824], ""type"": ""handwritten"", ""text"": ""народити в космічних умовах нове життя,""}, {""bbox"": [41, 812, 538, 855], ""type"": ""handwritten"", ""text"": ""то таке людське дитя буде схоже радше""}, {""bbox"": [46, 842, 521, 885], ""type"": ""handwritten"", ""text"": ""на знайомий кінематографічний""}, {""bbox"": [48, 872, 557, 921], ""type"": ""handwritten"", ""text"": ""— з великою головою, очима на""}, {""bbox"": [47, 904, 448, 944], ""type"": ""handwritten"", ""text"": ""пів обличчя, слабкими м’язами.""}]"
f14bd99f-f4c6-4104-a8cb-7c7cc4885c9c.jpg,"[{""bbox"": [150, 199, 492, 243], ""type"": ""handwritten"", ""text"": ""Виклики книжкової ери""}, {""bbox"": [93, 235, 515, 279], ""type"": ""handwritten"", ""text"": ""Наприкінці минулого тисячоліття""}, {""bbox"": [67, 270, 461, 314], ""type"": ""handwritten"", ""text"": ""читачі стурбовано запитували:""}, {""bbox"": [51, 302, 510, 348], ""type"": ""handwritten"", ""text"": ""\""Невже електронні носії витіснять""}, {""bbox"": [51, 339, 458, 382], ""type"": ""handwritten"", ""text"": ""традиційну книжку?\"" Але коли""}, {""bbox"": [55, 373, 512, 419], ""type"": ""handwritten"", ""text"": ""Джоан Ролінґ написала \""Гаррі Потт""}, {""bbox"": [47, 408, 513, 455], ""type"": ""handwritten"", ""text"": ""тера\"" і її серія романів розійшлася""}, {""bbox"": [49, 443, 519, 489], ""type"": ""handwritten"", ""text"": ""стомільйонними паперовими наклад""}, {""bbox"": [39, 480, 458, 522], ""type"": ""handwritten"", ""text"": ""ами, це питання втратило свою""}, {""bbox"": [47, 513, 173, 548], ""type"": ""handwritten"", ""text"": ""гостроту.""}, {""bbox"": [107, 542, 509, 589], ""type"": ""handwritten"", ""text"": ""Сьогодні більш-менш зрозуміло, що""}, {""bbox"": [46, 579, 485, 623], ""type"": ""handwritten"", ""text"": ""електронні носії, принаймні поки що,""}, {""bbox"": [46, 612, 502, 656], ""type"": ""handwritten"", ""text"": ""не створюють кардинальної загрози пап""}, {""bbox"": [43, 645, 501, 693], ""type"": ""handwritten"", ""text"": ""перовим книжкам. Проте з’явилися""}, {""bbox"": [50, 677, 480, 727], ""type"": ""handwritten"", ""text"": ""вони не випадково. Гадаю, це Бог""}, {""bbox"": [53, 711, 512, 761], ""type"": ""handwritten"", ""text"": ""так готує нас до далеких мандрівок.""}, {""bbox"": [60, 746, 512, 792], ""type"": ""handwritten"", ""text"": ""Це він підсунув нам ґаджети, щоб ми""}, {""bbox"": [39, 781, 501, 830], ""type"": ""handwritten"", ""text"": ""змогли колись забрати з собою на""}]"
48b5044b-0ce6-4bb9-813a-8443a9b8b6a1.jpg,"[{""bbox"": [62, 190, 538, 242], ""type"": ""handwritten"", ""text"": ""інші планети свої улюблені книжки,""}, {""bbox"": [68, 228, 523, 280], ""type"": ""handwritten"", ""text"": ""музику, фотографії, картини, — бо""}, {""bbox"": [64, 263, 520, 313], ""type"": ""handwritten"", ""text"": ""як інакше вдалося б це зробити?""}, {""bbox"": [68, 296, 516, 346], ""type"": ""handwritten"", ""text"": ""Отож доки Ілон Маск ще тільки""}, {""bbox"": [53, 334, 560, 383], ""type"": ""handwritten"", ""text"": ""на півдорозі до інших світів, папер""}, {""bbox"": [48, 369, 558, 420], ""type"": ""handwritten"", ""text"": ""ова книжка в безпеці. Однак деякі""}, {""bbox"": [46, 409, 555, 457], ""type"": ""handwritten"", ""text"": ""науковці стверджують, що коли люди""}, {""bbox"": [47, 445, 558, 489], ""type"": ""handwritten"", ""text"": ""нарешті зможуть зачати й народити""}, {""bbox"": [48, 479, 529, 521], ""type"": ""handwritten"", ""text"": ""в космічних умовах нове життя,""}, {""bbox"": [46, 510, 496, 555], ""type"": ""handwritten"", ""text"": ""то таке людське дитя буде схоже""}, {""bbox"": [48, 546, 547, 590], ""type"": ""handwritten"", ""text"": ""радше на знайомий кінематограф""}, {""bbox"": [48, 580, 546, 626], ""type"": ""handwritten"", ""text"": ""фічний образ \""енелятка\"" — з великою""}, {""bbox"": [58, 615, 554, 662], ""type"": ""handwritten"", ""text"": ""головою, очима на пів обличчя, слабк""}, {""bbox"": [63, 652, 552, 699], ""type"": ""handwritten"", ""text"": ""кими м’язами. Для нього, на відміну""}, {""bbox"": [64, 686, 554, 734], ""type"": ""handwritten"", ""text"": ""від нас, такі приємні відчуття, як""}, {""bbox"": [64, 722, 508, 766], ""type"": ""handwritten"", ""text"": ""гортання сторінок, запах паперу,""}, {""bbox"": [67, 753, 510, 802], ""type"": ""handwritten"", ""text"": ""будуть невідомі. І ось, напевно,""}, {""bbox"": [74, 788, 531, 837], ""type"": ""handwritten"", ""text"": ""вже аж тоді й запанує ера елект""}, {""bbox"": [67, 826, 289, 863], ""type"": ""handwritten"", ""text"": ""тронної книжки.""}]"
15c9fa9d-bd4c-42bb-a928-89ca886d0595.jpg,"[{""bbox"": [277, 178, 458, 211], ""type"": ""handwritten"", ""text"": ""книжкової ери""}, {""bbox"": [134, 179, 276, 217], ""type"": ""handwritten"", ""text"": ""клики""}, {""bbox"": [98, 225, 271, 258], ""type"": ""handwritten"", ""text"": ""Наприкінці мину""}, {""bbox"": [49, 253, 266, 279], ""type"": ""handwritten"", ""text"": ""читачі стурбовано""}, {""bbox"": [49, 273, 268, 300], ""type"": ""handwritten"", ""text"": ""\""Невже електроння""}, {""bbox"": [46, 295, 274, 323], ""type"": ""handwritten"", ""text"": ""традційну книжку""}, {""bbox"": [270, 286, 491, 316], ""type"": ""handwritten"", ""text"": ""4? Але коли Дження""}, {""bbox"": [19, 312, 48, 364], ""type"": ""annotation"", ""text"": ""ІІ""}, {""bbox"": [50, 317, 277, 344], ""type"": ""handwritten"", ""text"": ""Фізміні написака \""Га""}, {""bbox"": [44, 337, 275, 366], ""type"": ""handwritten"", ""text"": ""ерія романів розійшла""}, {""bbox"": [48, 360, 280, 388], ""type"": ""handwritten"", ""text"": ""Накадами, це питан""}, {""bbox"": [50, 356, 472, 386], ""type"": ""handwritten"", ""text"": ""накладами, це питання втратило св""}, {""bbox"": [273, 356, 466, 386], ""type"": ""handwritten"", ""text"": ""яка втратиство свою""}, {""bbox"": [51, 375, 149, 400], ""type"": ""handwritten"", ""text"": ""гостроту.""}, {""bbox"": [70, 391, 528, 424], ""type"": ""handwritten"", ""text"": ""Сьогодні більш-менш зрозуміло, що електр""}, {""bbox"": [14, 403, 54, 501], ""type"": ""annotation"", ""text"": ""Іі""}, {""bbox"": [45, 439, 498, 465], ""type"": ""handwritten"", ""text"": ""кардинальної загрози паперовим книжкам.""}, {""bbox"": [53, 476, 533, 505], ""type"": ""handwritten"", ""text"": ""це Бог так готує нас до далеких мандрівок.""}, {""bbox"": [57, 496, 535, 528], ""type"": ""handwritten"", ""text"": ""Це він підсунув нам ґаджети, щоб ми змогли""}, {""bbox"": [48, 517, 537, 547], ""type"": ""handwritten"", ""text"": ""колись забрати з собою на інші планети свої""}, {""bbox"": [48, 538, 532, 568], ""type"": ""handwritten"", ""text"": ""улюблені книжки, музику, фотографії, карт""}, {""bbox"": [74, 559, 540, 587], ""type"": ""handwritten"", ""text"": ""тини, — бо як інакше вдалося б це зробити?""}, {""bbox"": [61, 578, 532, 609], ""type"": ""handwritten"", ""text"": ""Отож доки Ілон Маск ще тільки на півд""}, {""bbox"": [59, 600, 533, 627], ""type"": ""handwritten"", ""text"": ""дорозі до інших світів, паперова книжка в""}, {""bbox"": [46, 638, 546, 667], ""type"": ""handwritten"", ""text"": ""що коли люди нарешті зможуть зачати й нар""}, {""bbox"": [57, 657, 534, 690], ""type"": ""handwritten"", ""text"": ""родити в космічних умовах нове життя, то""}, {""bbox"": [43, 679, 539, 714], ""type"": ""handwritten"", ""text"": ""таке людське дитя буде схоже радше на""}, {""bbox"": [38, 699, 561, 739], ""type"": ""handwritten"", ""text"": ""знайомий кінематографічний образ \""енелятка\""""}, {""bbox"": [32, 722, 535, 759], ""type"": ""handwritten"", ""text"": ""з великою головою, очима на пів обличчя,""}, {""bbox"": [35, 761, 541, 801], ""type"": ""handwritten"", ""text"": ""нас, такі приємні відчуття, як гортання стор""}, {""bbox"": [33, 786, 548, 828], ""type"": ""handwritten"", ""text"": ""рінок, запах паперу, будуть невідомі. І ось, нап""}, {""bbox"": [37, 808, 539, 848], ""type"": ""handwritten"", ""text"": ""псане, яке пос очоді засланує ера ебектренної""}, {""bbox"": [37, 831, 133, 855], ""type"": ""handwritten"", ""text"": ""книжки —""}, {""bbox"": [63, 853, 523, 897], ""type"": ""handwritten"", ""text"": ""Аже й це-не страцю, гатовне — читати, і""}, {""bbox"": [39, 878, 545, 931], ""type"": ""handwritten"", ""text"": ""не так бажово, з яких носієв. Тарнстки-""}]"
905fe63b-de06-4844-b5cf-d67f29821de4.jpg,"[{""bbox"": [158, 132, 395, 170], ""type"": ""handwritten"", ""text"": ""Виклики книжкової ери-""}, {""bbox"": [127, 171, 514, 211], ""type"": ""handwritten"", ""text"": ""Наприкінці микулого тисакаліття читичі""}, {""bbox"": [72, 199, 523, 235], ""type"": ""handwritten"", ""text"": ""стурбовано запитували. \""Невусе електронні носії""}, {""bbox"": [56, 225, 530, 258], ""type"": ""handwritten"", ""text"": ""вітьсять порадиційну книщену? \""Моднали Дикохан""}, {""bbox"": [53, 247, 528, 280], ""type"": ""handwritten"", ""text"": ""Ролхінг написала \""Парт Поттера\"" і її серія""}, {""bbox"": [47, 295, 545, 327], ""type"": ""handwritten"", ""text"": ""накла дами, це питання втратало свою гостріту.""}, {""bbox"": [291, 294, 544, 325], ""type"": ""handwritten"", ""text"": ""втратило свою гостроту""}, {""bbox"": [291, 318, 547, 350], ""type"": ""handwritten"", ""text"": ""брозуміло, що електронні""}, {""bbox"": [290, 342, 552, 370], ""type"": ""handwritten"", ""text"": ""о, не створюють кардиналь-""}, {""bbox"": [44, 366, 315, 390], ""type"": ""handwritten"", ""text"": ""ної загрози поперовим кни""}, {""bbox"": [43, 384, 315, 411], ""type"": ""handwritten"", ""text"": ""вонив не випадково. Гадаю,""}, {""bbox"": [265, 384, 560, 408], ""type"": ""handwritten"", ""text"": ""адаю, це бог так готує нас""}, {""bbox"": [46, 403, 568, 439], ""type"": ""handwritten"", ""text"": ""до далених мандрівах. Це він підсунув нам гадже-""}, {""bbox"": [294, 422, 557, 452], ""type"": ""handwritten"", ""text"": ""сь забрати з собою на інші""}, {""bbox"": [264, 447, 548, 472], ""type"": ""handwritten"", ""text"": ""і книжки, музику, фотограції,""}, {""bbox"": [277, 466, 545, 490], ""type"": ""handwritten"", ""text"": ""не вдаюся б не зробити.""}, {""bbox"": [50, 473, 290, 501], ""type"": ""handwritten"", ""text"": ""картини; бо як інакше""}, {""bbox"": [97, 491, 552, 521], ""type"": ""handwritten"", ""text"": ""Отож, доки Іваси що тільки на пів-""}, {""bbox"": [266, 489, 543, 509], ""type"": ""handwritten"", ""text"": ""Маса гус тільки на пів-""}, {""bbox"": [89, 586, 567, 612], ""type"": ""handwritten"", ""text"": ""буде скаже, радше, не знайомим коме-""}, {""bbox"": [136, 602, 575, 627], ""type"": ""handwritten"", ""text"": ""овдічний образ екележна - з великою голо""}, {""bbox"": [89, 621, 568, 647], ""type"": ""handwritten"", ""text"": ""о, очете на пов-обиччя, слабкими м'язами.""}, {""bbox"": [44, 632, 577, 668], ""type"": ""handwritten"", ""text"": ""Для нього, не відмінку вид нас, такі приємні""}, {""bbox"": [38, 673, 572, 706], ""type"": ""handwritten"", ""text"": ""ру будуть не відомі. І ось, напевно, вже""}, {""bbox"": [34, 693, 565, 728], ""type"": ""handwritten"", ""text"": ""авра тоді і засланує ефо елентулегної книжки,""}, {""bbox"": [90, 715, 566, 748], ""type"": ""handwritten"", ""text"": ""Але й це не страшно, головне читати,""}, {""bbox"": [33, 733, 569, 770], ""type"": ""handwritten"", ""text"": ""і не так важливо з яких носів. То книжки""}, {""bbox"": [31, 756, 574, 791], ""type"": ""handwritten"", ""text"": ""це знання й екоції, які не відмінну вид що""}, {""bbox"": [30, 773, 575, 811], ""type"": ""handwritten"", ""text"": ""денього потоку інформації, залишаються з нами""}, {""bbox"": [29, 804, 117, 833], ""type"": ""handwritten"", ""text"": ""надовго.""}]"
305f4f1b-8ba5-4a9b-9450-0e1a5042eadc.jpg,"[{""bbox"": [120, 189, 238, 228], ""type"": ""handwritten"", ""text"": ""Виклики""}, {""bbox"": [237, 175, 430, 223], ""type"": ""handwritten"", ""text"": ""жкової ери""}, {""bbox"": [260, 252, 524, 293], ""type"": ""handwritten"", ""text"": ""запитували: \""Невже""}, {""bbox"": [51, 266, 257, 304], ""type"": ""handwritten"", ""text"": ""читачі стурбовано""}, {""bbox"": [53, 297, 238, 331], ""type"": ""handwritten"", ""text"": ""електронні носії""}, {""bbox"": [268, 284, 553, 327], ""type"": ""handwritten"", ""text"": ""витіснять традиційну книж""}, {""bbox"": [57, 331, 135, 358], ""type"": ""handwritten"", ""text"": ""ку?\""""}, {""bbox"": [281, 330, 522, 370], ""type"": ""handwritten"", ""text"": ""Роліхня написала""}, {""bbox"": [40, 338, 274, 398], ""type"": ""handwritten"", ""text"": ""е коли Джоан""}, {""bbox"": [281, 363, 548, 401], ""type"": ""handwritten"", ""text"": ""серія романів разій-""}, {""bbox"": [44, 365, 264, 415], ""type"": ""handwritten"", ""text"": ""\""Гаррі Поттера\"" і""}, {""bbox"": [47, 396, 269, 438], ""type"": ""handwritten"", ""text"": ""шлася стомільйонни""}, {""bbox"": [270, 392, 554, 427], ""type"": ""handwritten"", ""text"": ""и паперовими наклада""}, {""bbox"": [45, 423, 261, 464], ""type"": ""handwritten"", ""text"": ""и, це питання втр""}, {""bbox"": [263, 421, 528, 457], ""type"": ""handwritten"", ""text"": ""ратило свою гостроту.""}, {""bbox"": [43, 458, 262, 497], ""type"": ""handwritten"", ""text"": ""Сьогодні більш-мен""}, {""bbox"": [269, 455, 552, 491], ""type"": ""handwritten"", ""text"": ""нш зрозуміло, що електронн""}, {""bbox"": [24, 490, 263, 529], ""type"": ""handwritten"", ""text"": ""ні носії, принаймні""}, {""bbox"": [273, 484, 553, 517], ""type"": ""handwritten"", ""text"": ""поки що, не створюють""}, {""bbox"": [33, 520, 266, 556], ""type"": ""handwritten"", ""text"": ""кардинальної загрози""}, {""bbox"": [273, 513, 552, 549], ""type"": ""handwritten"", ""text"": ""паперовим книжкам.""}, {""bbox"": [276, 545, 566, 584], ""type"": ""handwritten"", ""text"": ""на не випадково. Гадаю -""}, {""bbox"": [30, 553, 269, 593], ""type"": ""handwritten"", ""text"": ""Протеб з'явилися вон""}, {""bbox"": [48, 587, 270, 624], ""type"": ""handwritten"", ""text"": ""це Бог так готує""}, {""bbox"": [281, 581, 562, 621], ""type"": ""handwritten"", ""text"": ""нас до далеких мандрівок.""}, {""bbox"": [37, 618, 524, 661], ""type"": ""handwritten"", ""text"": ""Це він підсутись наме гаджети, щоб ми""}, {""bbox"": [37, 649, 519, 691], ""type"": ""handwritten"", ""text"": ""змогли колись забрати з собою на інші""}, {""bbox"": [33, 679, 560, 717], ""type"": ""handwritten"", ""text"": ""планети свої улюблені книжки, музику, фот""}, {""bbox"": [28, 702, 558, 745], ""type"": ""handwritten"", ""text"": ""тографії, картини, — бо як інакше вдалося б""}, {""bbox"": [33, 736, 194, 767], ""type"": ""handwritten"", ""text"": ""це зробити?""}, {""bbox"": [51, 759, 546, 802], ""type"": ""handwritten"", ""text"": ""Отож доки Ілон Маск ще тільки на""}, {""bbox"": [29, 788, 554, 834], ""type"": ""handwritten"", ""text"": ""півдорозі до інших світів, паперова книжка в""}, {""bbox"": [29, 821, 553, 864], ""type"": ""handwritten"", ""text"": ""безпеці. Однак деякі науковці стверджують,""}, {""bbox"": [28, 852, 561, 895], ""type"": ""handwritten"", ""text"": ""що коли люди нарешті зможуть зачати""}, {""bbox"": [28, 885, 570, 929], ""type"": ""handwritten"", ""text"": ""й народити в космічних умовах нове життя,""}, {""bbox"": [28, 920, 570, 970], ""type"": ""handwritten"", ""text"": ""то таке людське дитя буде схоже радше на""}]"
437d82cf-a0c3-4620-8211-90f673f51ed2.jpg,"[{""bbox"": [25, 241, 561, 293], ""type"": ""handwritten"", ""text"": ""знайомий кінематографічний образ \""енелятка""}, {""bbox"": [29, 279, 523, 349], ""type"": ""handwritten"", ""text"": ""з великою голової, агало на пів облізьона,""}, {""bbox"": [31, 310, 562, 357], ""type"": ""handwritten"", ""text"": ""слабкими ліязами. Яле нього, на відміну вгд""}, {""bbox"": [33, 344, 566, 390], ""type"": ""handwritten"", ""text"": ""нас, такі приємні сідодриття як зартання сто-""}, {""bbox"": [34, 385, 559, 424], ""type"": ""handwritten"", ""text"": ""рінах, запач таберу будуть навідоми. І Рів,""}, {""bbox"": [37, 409, 572, 456], ""type"": ""handwritten"", ""text"": ""напевно, вже аж тоді й запанує ера електронн""}, {""bbox"": [43, 450, 199, 477], ""type"": ""handwritten"", ""text"": ""ної книжки.""}, {""bbox"": [85, 468, 561, 507], ""type"": ""handwritten"", ""text"": ""Але й це не страшно: головне — читати,""}, {""bbox"": [55, 497, 524, 535], ""type"": ""handwritten"", ""text"": ""і не так важливо, з яких носіїв. Бо""}, {""bbox"": [54, 524, 548, 565], ""type"": ""handwritten"", ""text"": ""книжки — це знання й емоції, які, на""}, {""bbox"": [53, 556, 554, 598], ""type"": ""handwritten"", ""text"": ""відміну від щоденного потоку інформації,""}, {""bbox"": [56, 595, 407, 630], ""type"": ""handwritten"", ""text"": ""залишаються з нами надовго.""}]"
e515c8d8-423f-42c1-b997-c7a0a99841c3.jpg,"[{""bbox"": [89, 228, 491, 284], ""type"": ""handwritten"", ""text"": ""собого на інші планети""}, {""bbox"": [99, 260, 471, 304], ""type"": ""handwritten"", ""text"": ""свої улюблені книжки""}, {""bbox"": [83, 289, 444, 339], ""type"": ""handwritten"", ""text"": ""музику, фотографії,""}, {""bbox"": [84, 313, 533, 353], ""type"": ""handwritten"", ""text"": ""картиш-бо як інакше""}, {""bbox"": [84, 345, 429, 382], ""type"": ""handwritten"", ""text"": ""вдалося б це зробити?""}, {""bbox"": [113, 370, 514, 405], ""type"": ""handwritten"", ""text"": ""Отож доши злою Маск""}, {""bbox"": [104, 397, 513, 433], ""type"": ""handwritten"", ""text"": ""ще тільки на півдорозі""}, {""bbox"": [78, 423, 565, 463], ""type"": ""handwritten"", ""text"": ""до інших світів, паперова""}, {""bbox"": [76, 451, 539, 489], ""type"": ""handwritten"", ""text"": ""книжка в безпеці. Однак""}, {""bbox"": [79, 480, 567, 519], ""type"": ""handwritten"", ""text"": ""деякі науковці стверджують,""}, {""bbox"": [76, 509, 517, 545], ""type"": ""handwritten"", ""text"": ""що коли люди нарешті""}, {""bbox"": [77, 536, 453, 571], ""type"": ""handwritten"", ""text"": ""зможуть зачати й""}, {""bbox"": [79, 563, 501, 598], ""type"": ""handwritten"", ""text"": ""пародити в носмічних""}, {""bbox"": [78, 615, 562, 655], ""type"": ""handwritten"", ""text"": ""таке людське дитя буде""}, {""bbox"": [78, 643, 576, 684], ""type"": ""handwritten"", ""text"": ""схоже радше на знайомий""}, {""bbox"": [79, 671, 541, 709], ""type"": ""handwritten"", ""text"": ""кінематографічний образ""}, {""bbox"": [80, 698, 571, 738], ""type"": ""handwritten"", ""text"": ""енелятка\"" — з великою головою,""}, {""bbox"": [81, 726, 440, 760], ""type"": ""handwritten"", ""text"": ""очима на пів обличчя,""}, {""bbox"": [79, 753, 522, 792], ""type"": ""handwritten"", ""text"": ""слабкими м’язами. Для""}, {""bbox"": [76, 781, 506, 819], ""type"": ""handwritten"", ""text"": ""нього, на відміну від нас,""}, {""bbox"": [79, 808, 503, 849], ""type"": ""handwritten"", ""text"": ""такі приємні відчуття""}, {""bbox"": [79, 837, 500, 879], ""type"": ""handwritten"", ""text"": ""як гортання сторінок,""}]"
767e5b52-5a16-42b7-ac64-d385d4660ef2.jpg,"[{""bbox"": [97, 251, 283, 279], ""type"": ""handwritten"", ""text"": ""наприкінці мій""}, {""bbox"": [70, 264, 526, 299], ""type"": ""handwritten"", ""text"": ""читичі стурбовання бапитували: \""Невже""}, {""bbox"": [70, 276, 278, 306], ""type"": ""handwritten"", ""text"": ""читачі стурбовано""}, {""bbox"": [63, 289, 560, 324], ""type"": ""handwritten"", ""text"": ""електронні полівитенять мря длугіюту.""}, {""bbox"": [272, 289, 567, 321], ""type"": ""handwritten"", ""text"": ""виніченять прадиціяц,""}, {""bbox"": [68, 300, 278, 332], ""type"": ""handwritten"", ""text"": ""елекстрожні носії""}, {""bbox"": [69, 321, 281, 356], ""type"": ""handwritten"", ""text"": ""ижку?\"" Але""}, {""bbox"": [275, 314, 562, 346], ""type"": ""handwritten"", ""text"": ""коли Ождан Ролішні""}, {""bbox"": [282, 340, 551, 371], ""type"": ""handwritten"", ""text"": ""Болитера і її сергія""}, {""bbox"": [71, 348, 279, 383], ""type"": ""handwritten"", ""text"": ""написала \""Гаррі""}, {""bbox"": [276, 366, 560, 400], ""type"": ""handwritten"", ""text"": ""ся стомільйонни""}, {""bbox"": [73, 372, 285, 410], ""type"": ""handwritten"", ""text"": ""романів розгійськи""}, {""bbox"": [75, 399, 286, 433], ""type"": ""handwritten"", ""text"": ""наперовими нак""}, {""bbox"": [64, 394, 563, 427], ""type"": ""handwritten"", ""text"": ""наперовими накладалось, це нитання""}, {""bbox"": [295, 394, 560, 423], ""type"": ""handwritten"", ""text"": "", це питання""}, {""bbox"": [76, 422, 286, 456], ""type"": ""handwritten"", ""text"": ""втратило свою""}, {""bbox"": [70, 421, 454, 452], ""type"": ""handwritten"", ""text"": ""витрастило свою гостромісу.""}, {""bbox"": [91, 445, 551, 477], ""type"": ""handwritten"", ""text"": ""Сьогодні більш-менш зрозуміл""}, {""bbox"": [89, 451, 284, 483], ""type"": ""handwritten"", ""text"": ""сьогодні більш-""}, {""bbox"": [285, 472, 511, 501], ""type"": ""handwritten"", ""text"": ""госії, принаєшні""}, {""bbox"": [74, 500, 286, 532], ""type"": ""handwritten"", ""text"": ""оки що, не створ""}, {""bbox"": [70, 522, 547, 559], ""type"": ""handwritten"", ""text"": ""перовим книжкам.""}, {""bbox"": [72, 550, 567, 586], ""type"": ""handwritten"", ""text"": ""Проте з’явилися вони не випадков""}, {""bbox"": [78, 578, 568, 613], ""type"": ""handwritten"", ""text"": ""во. Гадаю, це Бог так готує нас""}, {""bbox"": [83, 603, 576, 639], ""type"": ""handwritten"", ""text"": ""до далеких мандрівок. Це він""}, {""bbox"": [83, 632, 531, 666], ""type"": ""handwritten"", ""text"": ""підсунув нам ґаджети, щоб ми""}, {""bbox"": [81, 658, 572, 693], ""type"": ""handwritten"", ""text"": ""змогли колись забрати з собою""}, {""bbox"": [84, 711, 523, 746], ""type"": ""handwritten"", ""text"": ""книжки, музику, фотографії,""}, {""bbox"": [83, 739, 569, 775], ""type"": ""handwritten"", ""text"": ""картини, — бо як інакше вдалося""}, {""bbox"": [87, 770, 300, 801], ""type"": ""handwritten"", ""text"": ""б це зробити?""}, {""bbox"": [128, 793, 577, 830], ""type"": ""handwritten"", ""text"": ""Отож доки Ілон Маск ще тільки""}, {""bbox"": [93, 820, 559, 858], ""type"": ""handwritten"", ""text"": ""на півдорозі до інших світів,""}, {""bbox"": [91, 850, 577, 886], ""type"": ""handwritten"", ""text"": ""паперова книжка в безпеці. О""}, {""bbox"": [94, 904, 572, 943], ""type"": ""handwritten"", ""text"": ""що коли люди нарешті зможуть""}, {""bbox"": [92, 932, 299, 964], ""type"": ""handwritten"", ""text"": ""загать й нар""}, {""bbox"": [91, 932, 577, 972], ""type"": ""handwritten"", ""text"": ""загать й кародити в космічних""}, {""bbox"": [90, 960, 305, 994], ""type"": ""handwritten"", ""text"": ""умовах нове те""}, {""bbox"": [90, 961, 544, 997], ""type"": ""handwritten"", ""text"": ""гулювах нове талитнія, то тяке""}, {""bbox"": [290, 965, 541, 996], ""type"": ""handwritten"", ""text"": ""паший, то таке""}, {""bbox"": [294, 992, 558, 1028], ""type"": ""handwritten"", ""text"": ""буде схоже, радше,""}, {""bbox"": [84, 1016, 293, 1046], ""type"": ""handwritten"", ""text"": ""на знайомий кін""}, {""bbox"": [293, 1022, 525, 1056], ""type"": ""handwritten"", ""text"": ""сематографічний""}, {""bbox"": [82, 1043, 293, 1077], ""type"": ""handwritten"", ""text"": ""образ Енгелятко""}, {""bbox"": [293, 1052, 577, 1092], ""type"": ""handwritten"", ""text"": ""~~а - з великою головоє""}]"
eba13384-0d28-4bf2-8960-f17486a092d5.jpg,"[{""bbox"": [50, 274, 553, 336], ""type"": ""handwritten"", ""text"": ""запах паперу, будуть невідомі.""}, {""bbox"": [48, 313, 521, 368], ""type"": ""handwritten"", ""text"": ""І ось, напевно, вже аж тоді""}, {""bbox"": [54, 342, 525, 397], ""type"": ""handwritten"", ""text"": ""й запанує ера електронної""}, {""bbox"": [52, 382, 218, 416], ""type"": ""handwritten"", ""text"": ""килпени!""}, {""bbox"": [80, 401, 473, 445], ""type"": ""handwritten"", ""text"": ""Але й це не страшно:""}, {""bbox"": [47, 431, 512, 475], ""type"": ""handwritten"", ""text"": ""головне — читати, і не так""}, {""bbox"": [53, 459, 508, 504], ""type"": ""handwritten"", ""text"": ""важливо, з яких носіїв. Бо""}, {""bbox"": [53, 488, 550, 531], ""type"": ""handwritten"", ""text"": ""книжки — це знання й емоції,""}, {""bbox"": [54, 515, 558, 559], ""type"": ""handwritten"", ""text"": ""яки на відміну вид щоденного""}, {""bbox"": [55, 547, 409, 584], ""type"": ""handwritten"", ""text"": ""потоку інформації""}, {""bbox"": [58, 571, 452, 614], ""type"": ""handwritten"", ""text"": ""залишаються з нами""}, {""bbox"": [58, 605, 202, 644], ""type"": ""handwritten"", ""text"": ""надовго.""}, {""bbox"": [2, 721, 49, 747], ""type"": ""handwritten"", ""text"": ""ший""}, {""bbox"": [1, 772, 46, 804], ""type"": ""handwritten"", ""text"": ""ою,""}]"
9d62d10c-3025-4b9e-b9e7-2687ad48ae89.jpg,"[{""bbox"": [74, 221, 507, 287], ""type"": ""handwritten"", ""text"": ""Виклини книжнової ери""}, {""bbox"": [56, 266, 435, 314], ""type"": ""handwritten"", ""text"": ""Наприкінці минулого""}, {""bbox"": [31, 293, 530, 345], ""type"": ""handwritten"", ""text"": ""ття читачі стурбов""}, {""bbox"": [33, 354, 513, 404], ""type"": ""handwritten"", ""text"": ""електронні носії витіснять""}, {""bbox"": [32, 381, 516, 429], ""type"": ""handwritten"", ""text"": ""адиційну книжку?\"" Але""}, {""bbox"": [34, 411, 532, 455], ""type"": ""handwritten"", ""text"": ""коли Джоан Ролінґ написала""}, {""bbox"": [32, 443, 479, 482], ""type"": ""handwritten"", ""text"": ""\""Гаррі Поттера\"" і її серія""}, {""bbox"": [35, 473, 411, 508], ""type"": ""handwritten"", ""text"": ""романів розійшлася""}, {""bbox"": [35, 499, 521, 538], ""type"": ""handwritten"", ""text"": ""стомільйонними паперовими""}, {""bbox"": [35, 528, 502, 566], ""type"": ""handwritten"", ""text"": ""накладами, це питання""}, {""bbox"": [43, 557, 489, 591], ""type"": ""handwritten"", ""text"": ""втратило свою гостроту""}, {""bbox"": [102, 582, 462, 621], ""type"": ""handwritten"", ""text"": ""Сьогодні більш-менш""}, {""bbox"": [36, 611, 483, 650], ""type"": ""handwritten"", ""text"": ""зрозуміло, що електронні""}, {""bbox"": [35, 638, 534, 678], ""type"": ""handwritten"", ""text"": ""носії, принаймні поки що,""}, {""bbox"": [35, 666, 534, 704], ""type"": ""handwritten"", ""text"": ""не створюють кардинальної""}, {""bbox"": [34, 695, 544, 731], ""type"": ""handwritten"", ""text"": ""загрози паперовим книжкам.""}, {""bbox"": [36, 721, 560, 763], ""type"": ""handwritten"", ""text"": ""Проте з’явилися вони не випадк""}, {""bbox"": [36, 751, 483, 791], ""type"": ""handwritten"", ""text"": ""ово. Гадаю, це Бог так""}, {""bbox"": [39, 781, 456, 818], ""type"": ""handwritten"", ""text"": ""готує нас до далеких""}, {""bbox"": [34, 806, 534, 849], ""type"": ""handwritten"", ""text"": ""мандрівок. Це він підсунув""}, {""bbox"": [32, 836, 484, 876], ""type"": ""handwritten"", ""text"": ""нам ґаджети, щоб ми""}, {""bbox"": [27, 866, 510, 918], ""type"": ""handwritten"", ""text"": ""змогли колись забрати з""}]"
f6861ae8-6d76-4447-9d5a-8e44aba358f1.jpg,"[{""bbox"": [57, 93, 565, 142], ""type"": ""handwritten"", ""text"": ""очима на пів обличчя, слабкими""}, {""bbox"": [35, 106, 265, 142], ""type"": ""handwritten"", ""text"": ""очима на пів""}, {""bbox"": [31, 141, 260, 177], ""type"": ""handwritten"", ""text"": ""м'язвали. Для""}, {""bbox"": [39, 134, 551, 177], ""type"": ""handwritten"", ""text"": ""ми. Для нього, на відміну""}, {""bbox"": [103, 165, 564, 209], ""type"": ""handwritten"", ""text"": ""нас, такі приємні  відчуття""}, {""bbox"": [268, 232, 531, 273], ""type"": ""handwritten"", ""text"": ""невідомі. І ось,""}, {""bbox"": [41, 237, 268, 277], ""type"": ""handwritten"", ""text"": ""панеру будуть""}, {""bbox"": [39, 272, 261, 308], ""type"": ""handwritten"", ""text"": ""апевно, вже""}, {""bbox"": [264, 269, 577, 310], ""type"": ""handwritten"", ""text"": ""аж тоді й запанує""}, {""bbox"": [41, 304, 272, 341], ""type"": ""handwritten"", ""text"": ""ера електронної""}, {""bbox"": [76, 335, 272, 373], ""type"": ""handwritten"", ""text"": ""Але й це не""}, {""bbox"": [275, 339, 573, 374], ""type"": ""handwritten"", ""text"": ""страшно: головне —""}, {""bbox"": [45, 369, 272, 403], ""type"": ""handwritten"", ""text"": ""читати, і не так""}, {""bbox"": [280, 368, 563, 406], ""type"": ""handwritten"", ""text"": ""важливо, з яких""}, {""bbox"": [44, 397, 281, 433], ""type"": ""handwritten"", ""text"": ""носіїв. Бо книжки""}, {""bbox"": [48, 428, 275, 462], ""type"": ""handwritten"", ""text"": ""емоції, які, на""}, {""bbox"": [48, 456, 274, 490], ""type"": ""handwritten"", ""text"": ""денного потоку""}, {""bbox"": [274, 459, 563, 493], ""type"": ""handwritten"", ""text"": ""інформації, залиш""}, {""bbox"": [53, 484, 278, 520], ""type"": ""handwritten"", ""text"": ""шаються з нам""}]"
a94167ad-158d-43ff-a302-ac46f8f9f9c7.jpg,"[{""bbox"": [160, 154, 396, 191], ""type"": ""handwritten"", ""text"": ""Виклики книжкової ери""}, {""bbox"": [51, 230, 546, 275], ""type"": ""handwritten"", ""text"": ""ійну книжку?\"" Але коли Джоан Ролінґ написала""}, {""bbox"": [59, 254, 550, 300], ""type"": ""handwritten"", ""text"": ""\""Гаррі Поттера\"" і її серія романів розійшлася стомільйонн""}, {""bbox"": [62, 278, 551, 338], ""type"": ""handwritten"", ""text"": ""ними паперовими накладами, це питання втратило""}, {""bbox"": [66, 317, 221, 348], ""type"": ""handwritten"", ""text"": ""свою гостроту.""}, {""bbox"": [108, 330, 557, 377], ""type"": ""handwritten"", ""text"": ""Сьогодні більш-менш зрозуміло, що електронні""}, {""bbox"": [73, 359, 556, 408], ""type"": ""handwritten"", ""text"": ""носії, принаймні поки що, не створюють кардина""}, {""bbox"": [56, 389, 553, 428], ""type"": ""handwritten"", ""text"": ""загрози паперовим книжкам. Проте з’явилися вони не""}, {""bbox"": [61, 414, 553, 450], ""type"": ""handwritten"", ""text"": ""випадково. Гадаю, це Бог так готує нас до далеких""}, {""bbox"": [59, 438, 550, 476], ""type"": ""handwritten"", ""text"": ""мандрівок. Це він підсунув нам ґаджети, щоб ми""}, {""bbox"": [59, 462, 552, 505], ""type"": ""handwritten"", ""text"": ""могли колись забрати з собою на інші планети с""}, {""bbox"": [57, 498, 398, 528], ""type"": ""handwritten"", ""text"": ""вої улюблені книжки, музику, фотог""}, {""bbox"": [46, 523, 550, 573], ""type"": ""handwritten"", ""text"": ""То як інакше відаюся ці в уробити на пільки ма невдоро-""}, {""bbox"": [47, 560, 541, 600], ""type"": ""handwritten"", ""text"": ""і до інших світів, паперова книжка в безпеці.""}, {""bbox"": [48, 603, 557, 648], ""type"": ""handwritten"", ""text"": ""люди нарешті зможуть зачати й народити в""}, {""bbox"": [44, 634, 548, 675], ""type"": ""handwritten"", ""text"": ""космічних умовах нове життя, то таке людське""}, {""bbox"": [47, 662, 556, 701], ""type"": ""handwritten"", ""text"": ""дитя буде схоже радше на знайомий кінематографічн""}, {""bbox"": [45, 685, 561, 731], ""type"": ""handwritten"", ""text"": ""ний образ \""енелятка\"" — з великою головою, очима на""}, {""bbox"": [42, 718, 560, 760], ""type"": ""handwritten"", ""text"": ""пів обличчя, слабкими м’язами. Для нього, на""}, {""bbox"": [40, 777, 543, 819], ""type"": ""handwritten"", ""text"": ""гортання сторінок, запах паперу, будуть""}, {""bbox"": [41, 807, 516, 848], ""type"": ""handwritten"", ""text"": ""невідомі. І ось, напевно, вже аж тоді й""}, {""bbox"": [38, 839, 514, 884], ""type"": ""handwritten"", ""text"": ""запашує ера електронної книжки.""}]"
fbed49f9-9e72-4352-9b7e-d7f01ab3b81f.jpg,"[{""bbox"": [78, 169, 550, 217], ""type"": ""handwritten"", ""text"": ""Але й це не страшно: головне — читати""}, {""bbox"": [44, 206, 543, 255], ""type"": ""handwritten"", ""text"": ""і не так важливо, з яких носіїв. Бо книжки —""}, {""bbox"": [39, 241, 517, 285], ""type"": ""handwritten"", ""text"": ""це знання й емоції, які, на відміну від""}, {""bbox"": [65, 311, 276, 348], ""type"": ""handwritten"", ""text"": ""з нами надовго""}, {""bbox"": [66, 717, 458, 764], ""type"": ""handwritten"", ""text"": ""Будь ласка, не прохання до Вас,""}, {""bbox"": [78, 756, 480, 804], ""type"": ""handwritten"", ""text"": ""Мені дуже б копопілося отримати""}, {""bbox"": [81, 790, 543, 846], ""type"": ""handwritten"", ""text"": ""результат з допущенним нашками""}, {""bbox"": [173, 833, 283, 887], ""type"": ""handwritten"", ""text"": ""Денеро.""}]"
999d1ccb-4f0b-42b5-92fe-a0c29b0541a9.jpg,"[{""bbox"": [719, 5, 1404, 156], ""type"": ""handwritten"", ""text"": ""Твій дім""}, {""bbox"": [478, 162, 2603, 342], ""type"": ""handwritten"", ""text"": ""Розкажи мені про свій дім. Той, що""}, {""bbox"": [276, 296, 2758, 479], ""type"": ""handwritten"", ""text"": ""пам’ятає твої перші хиткі кроки і береже щорічні""}, {""bbox"": [290, 419, 2502, 595], ""type"": ""handwritten"", ""text"": ""зарубки часу, залишені рукою матері""}, {""bbox"": [319, 546, 960, 687], ""type"": ""handwritten"", ""text"": ""на одвірку.""}, {""bbox"": [471, 669, 2687, 858], ""type"": ""handwritten"", ""text"": ""Розкажи про його запах – теплий сонний""}, {""bbox"": [347, 801, 2725, 992], ""type"": ""handwritten"", ""text"": ""дух книжкових полиць, побитого шашелем""}, {""bbox"": [337, 922, 2823, 1116], ""type"": ""handwritten"", ""text"": ""креденса, жовтого супу з терпкою петрушк""}, {""bbox"": [332, 1039, 2683, 1230], ""type"": ""handwritten"", ""text"": ""кою. Або, може, навпаки — бадьорі пахощі""}, {""bbox"": [319, 1154, 2755, 1347], ""type"": ""handwritten"", ""text"": ""фарби, лаку, новизни; як же довго, чи не""}, {""bbox"": [318, 1264, 2748, 1468], ""type"": ""handwritten"", ""text"": ""пів життя мріялося про власний дім!""}, {""bbox"": [434, 1391, 2623, 1581], ""type"": ""handwritten"", ""text"": ""Розкажи про його скрипи і шерехи,""}, {""bbox"": [314, 1500, 2841, 1697], ""type"": ""handwritten"", ""text"": ""тіні й залиті світлом кімнати, безтурботний""}, {""bbox"": [296, 1614, 2847, 1800], ""type"": ""handwritten"", ""text"": ""сміх або надтріснуті голоси які  зненацька""}, {""bbox"": [295, 1715, 2851, 1894], ""type"": ""handwritten"", ""text"": ""напівчолоса заговорили про те щоймовірно""}, {""bbox"": [268, 1821, 1422, 1959], ""type"": ""handwritten"", ""text"": ""не буде як раніше.""}, {""bbox"": [459, 1919, 2818, 2099], ""type"": ""handwritten"", ""text"": ""Насуплений, пошрамований, із заклеєн""}, {""bbox"": [288, 2037, 2397, 2205], ""type"": ""handwritten"", ""text"": ""ними навхрест шибками, твій дім""}, {""bbox"": [291, 2152, 2623, 2318], ""type"": ""handwritten"", ""text"": ""беззахисний під час великої біди, тепер""}, {""bbox"": [292, 2267, 2645, 2436], ""type"": ""handwritten"", ""text"": ""щосили намагається бути фортецею:""}, {""bbox"": [315, 2378, 2713, 2542], ""type"": ""handwritten"", ""text"": ""десь у його нутрощах - у темному, незат""}, {""bbox"": [322, 2487, 2647, 2641], ""type"": ""handwritten"", ""text"": ""тишному підвалі - часто ховаються""}, {""bbox"": [343, 2587, 1789, 2725], ""type"": ""handwritten"", ""text"": ""лів люди і домашні звірі.""}, {""bbox"": [549, 2679, 2667, 2842], ""type"": ""handwritten"", ""text"": ""А деколи дім здатен уміститися""}, {""bbox"": [353, 2792, 2649, 2955], ""type"": ""handwritten"", ""text"": ""до розмірів валізи. Всі ми тепер, мов""}, {""bbox"": [371, 2890, 2755, 3079], ""type"": ""handwritten"", ""text"": ""ті равлики, знаємо ціну великих переселень.""}, {""bbox"": [540, 3007, 2759, 3176], ""type"": ""handwritten"", ""text"": ""Та головне – це місце сили і пам’яті""}, {""bbox"": [418, 3112, 2421, 3281], ""type"": ""handwritten"", ""text"": ""роду. З нього черпали снагу твої""}, {""bbox"": [382, 3225, 2787, 3404], ""type"": ""handwritten"", ""text"": ""попередники, перемелені жорнами темних""}, {""bbox"": [385, 3340, 2581, 3510], ""type"": ""handwritten"", ""text"": ""часів, – війнами, репресіями, боротьбою з двоголовою гідрою.""}, {""bbox"": [390, 3461, 2480, 3622], ""type"": ""handwritten"", ""text"": ""Їх ламали, а вони билися за право""}, {""bbox"": [402, 3573, 2623, 3748], ""type"": ""handwritten"", ""text"": ""вижити й зберегти в собі свій дім. От""}, {""bbox"": [418, 3703, 1331, 3866], ""type"": ""handwritten"", ""text"": ""як і ми тепер.""}]"
f757d160-e61a-4d01-b13b-efa11f1df4de.jpg,"[{""bbox"": [159, 157, 2911, 388], ""type"": ""handwritten"", ""text"": ""беззахисний під час великої біди, тепер щосили""}, {""bbox"": [140, 345, 2951, 587], ""type"": ""handwritten"", ""text"": ""намагається бути фортецею: десь у його нутрощ""}, {""bbox"": [146, 569, 2891, 801], ""type"": ""handwritten"", ""text"": ""щах - у темному, незатишному підвалі - часто хов""}, {""bbox"": [144, 754, 2690, 970], ""type"": ""handwritten"", ""text"": ""ваються від обстрілів люди і домашні звірі.""}, {""bbox"": [345, 951, 2875, 1201], ""type"": ""handwritten"", ""text"": ""А деколи дім здатен уміститися до розмірів""}, {""bbox"": [144, 1149, 2932, 1376], ""type"": ""handwritten"", ""text"": ""валізи. Всі ми тепер, мов ті равлики, знаємо ціну""}, {""bbox"": [124, 1367, 1193, 1538], ""type"": ""handwritten"", ""text"": ""великих переселень.""}, {""bbox"": [263, 1536, 2788, 1757], ""type"": ""handwritten"", ""text"": ""Та головне – це місце сили і пам’яті роду. З""}, {""bbox"": [157, 1734, 2918, 1976], ""type"": ""handwritten"", ""text"": ""нього черпали снагу твої попередники, перемел""}, {""bbox"": [151, 1919, 2863, 2141], ""type"": ""handwritten"", ""text"": ""лені жорнами темних часів, – війнами, реп""}, {""bbox"": [156, 2113, 2774, 2347], ""type"": ""handwritten"", ""text"": ""пресіями, боротьбою з двоголовою гідрою.""}, {""bbox"": [150, 2310, 2788, 2533], ""type"": ""handwritten"", ""text"": ""Їх ламали, а вони билися за право вижити""}, {""bbox"": [140, 2486, 2767, 2743], ""type"": ""handwritten"", ""text"": ""й зберегти в собі свій дім. От як і ми""}, {""bbox"": [132, 2758, 538, 2941], ""type"": ""handwritten"", ""text"": ""тепер.""}, {""bbox"": [514, 2818, 2980, 3059], ""type"": ""handwritten"", ""text"": ""Я точно знаю, він вистоїть, виборс""}, {""bbox"": [90, 3020, 2959, 3283], ""type"": ""handwritten"", ""text"": ""сається, дочекається твого схвильованого""}, {""bbox"": [109, 3213, 2793, 3481], ""type"": ""handwritten"", ""text"": ""вигуку: \""Я вдома!\"". А ти про все-все""}, {""bbox"": [147, 3482, 1283, 3669], ""type"": ""handwritten"", ""text"": ""мені розкажеш.""}]"
11d1616a-bad6-4f2c-8a1a-42dcc6f335c4.jpg,"[{""bbox"": [1190, 319, 1583, 449], ""type"": ""handwritten"", ""text"": ""Твій дім""}, {""bbox"": [170, 438, 2830, 608], ""type"": ""handwritten"", ""text"": ""Розкажи мені про свій дім. Той, що пам’ятає твої перші""}, {""bbox"": [63, 560, 2963, 736], ""type"": ""handwritten"", ""text"": ""хиткі кроки і береже щорічні зарубки часу, залишені рукою мат""}, {""bbox"": [25, 660, 678, 783], ""type"": ""handwritten"", ""text"": ""тері на одвірку.""}, {""bbox"": [157, 764, 2947, 971], ""type"": ""handwritten"", ""text"": ""Розкажи про його запах – теплий сонний дух книжкових полиць,""}, {""bbox"": [14, 907, 2945, 1097], ""type"": ""handwritten"", ""text"": ""побитого шашелем креденса, жовтого супу з терпкою петрушкою.""}, {""bbox"": [22, 1004, 2931, 1216], ""type"": ""handwritten"", ""text"": ""Або, може, навпаки — бадьорі пахощі фарби, лаку, новизни; як же""}, {""bbox"": [52, 1132, 2184, 1328], ""type"": ""handwritten"", ""text"": ""довго, чи не пів життя мріялося про власний дім!""}, {""bbox"": [66, 1243, 2980, 1465], ""type"": ""handwritten"", ""text"": ""Розкажи про його скрипи і шерехи, тіні й залиті світлом кімн""}, {""bbox"": [50, 1334, 2948, 1596], ""type"": ""handwritten"", ""text"": ""нати, безтурботний сміх або надтріснуті голоси, які зненацьк""}, {""bbox"": [33, 1481, 2949, 1726], ""type"": ""handwritten"", ""text"": ""заговорили про те, що, ймовірно, більше нічого не буде як раніше.""}, {""bbox"": [68, 1622, 2996, 1844], ""type"": ""handwritten"", ""text"": ""Насуплений, пошрамований, із заклеєними навхрест шибками, твій""}, {""bbox"": [40, 1755, 2918, 1965], ""type"": ""handwritten"", ""text"": ""дім, беззахисний під час великої біди, тепер щосили намагається""}, {""bbox"": [53, 1874, 2994, 2064], ""type"": ""handwritten"", ""text"": ""бути фортецею: десь у його нутрощах - у темному, незатишному""}, {""bbox"": [92, 1976, 2990, 2169], ""type"": ""handwritten"", ""text"": ""підвалі - часто ховаються від обстрілів люди і домашні""}, {""bbox"": [163, 2093, 3000, 2280], ""type"": ""handwritten"", ""text"": ""А деколи дім здатен уміститися до розмірів валізи. Всі ми""}, {""bbox"": [129, 2217, 2645, 2412], ""type"": ""handwritten"", ""text"": ""тепер, мов ті равлики, знаємо ціну великих переселень.""}, {""bbox"": [176, 2350, 2942, 2556], ""type"": ""handwritten"", ""text"": ""Та головне – це місце сили і пам’яті роду. З нього черпали""}, {""bbox"": [80, 2474, 2876, 2689], ""type"": ""handwritten"", ""text"": ""снагу твої попередники, перемелені жорнами темних часів,""}, {""bbox"": [68, 2595, 2980, 2820], ""type"": ""handwritten"", ""text"": ""війнами, репресіями, боротьбою з двоголовою гідрою. Їх ламали, а""}, {""bbox"": [72, 2711, 2977, 2951], ""type"": ""handwritten"", ""text"": ""вони билися за право вижити й зберегти в собі свій дім""}, {""bbox"": [78, 2800, 1038, 3021], ""type"": ""handwritten"", ""text"": ""От як і ми тепер.""}, {""bbox"": [117, 2944, 3000, 3249], ""type"": ""handwritten"", ""text"": ""Я точно знаю, він вистоїть, виборсається, дочекається твого""}, {""bbox"": [98, 3106, 2995, 3396], ""type"": ""handwritten"", ""text"": ""схвильованого вигуку: \""Я вдома!\"". А ти про все-все мені розка""}, {""bbox"": [78, 3209, 265, 3322], ""type"": ""handwritten"", ""text"": ""жеш.""}]"
6c0e528e-f37f-4a88-932d-d36d870582c5.jpg,"[{""bbox"": [155, 77, 1020, 233], ""type"": ""handwritten"", ""text"": ""09.11.22 Радіодиктнин""}, {""bbox"": [977, 353, 1368, 502], ""type"": ""handwritten"", ""text"": ""вій дім""}, {""bbox"": [191, 486, 2791, 717], ""type"": ""handwritten"", ""text"": ""вухати сені про свій діт. Барщо налегається полі тринці. Хиті""}, {""bbox"": [193, 672, 2555, 861], ""type"": ""handwritten"", ""text"": ""кроки і одате цічні  зарутичану, зилишню рухою""}, {""bbox"": [193, 887, 956, 1051], ""type"": ""handwritten"", ""text"": ""матері на одвірку.""}, {""bbox"": [285, 1018, 2788, 1221], ""type"": ""handwritten"", ""text"": ""Розкажи про його запах – теплий сонний дух книжкових""}, {""bbox"": [143, 1184, 2790, 1382], ""type"": ""handwritten"", ""text"": ""полиць, побитого шашелем креденса, жовтого супу з терпкою""}, {""bbox"": [143, 1376, 2800, 1571], ""type"": ""handwritten"", ""text"": ""трушкою. Або, може, навпаки — бадьорі пахощі фарби, лаку,""}, {""bbox"": [97, 1530, 2863, 1752], ""type"": ""handwritten"", ""text"": ""новизни; як же довго, чи не пів життя мріялося про власний дім!""}, {""bbox"": [270, 1725, 2762, 1947], ""type"": ""handwritten"", ""text"": ""озкажи про його скрипи і шерехи, тіні й залиті""}, {""bbox"": [120, 1887, 2660, 2137], ""type"": ""handwritten"", ""text"": ""вітлом кімнати, безтурботний сміх або надтріснуті голоси, які""}, {""bbox"": [127, 2048, 2767, 2306], ""type"": ""handwritten"", ""text"": ""зненацька напівголосно заговорили про те, що, ймовірно, більше""}, {""bbox"": [136, 2289, 1215, 2471], ""type"": ""handwritten"", ""text"": ""нічого не буде як раніше.""}, {""bbox"": [260, 2424, 2849, 2658], ""type"": ""handwritten"", ""text"": ""Насуплений, пошрамований, із заклеєними навхрест шибками,""}, {""bbox"": [124, 2578, 2797, 2828], ""type"": ""handwritten"", ""text"": ""твій дім, беззахисний під час великої біди, тепер щосили""}, {""bbox"": [127, 2736, 2841, 2991], ""type"": ""handwritten"", ""text"": ""намагається бути фортецею: десь у його нутрощах - у темному""}, {""bbox"": [134, 2923, 2681, 3177], ""type"": ""handwritten"", ""text"": ""незатишному підвалі - часто ховаються від обстрілів люди""}, {""bbox"": [140, 3172, 792, 3340], ""type"": ""handwritten"", ""text"": ""і домашні звірі.""}, {""bbox"": [264, 3290, 2766, 3492], ""type"": ""handwritten"", ""text"": ""А деколи дім здатен уміститися до розмірів валізи. Всі ми""}, {""bbox"": [150, 3439, 2341, 3635], ""type"": ""handwritten"", ""text"": ""тепер, мов ті равлики, знаємо ціну великих переселень.""}, {""bbox"": [268, 3566, 2796, 3789], ""type"": ""handwritten"", ""text"": ""Та головне – це місце сили і пам’яті роду. З нього черпали""}, {""bbox"": [168, 3705, 2881, 3934], ""type"": ""handwritten"", ""text"": ""снагу твої попередники, перемелені жорнами темних часів, – війнами,""}, {""bbox"": [177, 3835, 2784, 4000], ""type"": ""handwritten"", ""text"": ""репресіями, боротьбою з двоголовою гідрою. Їх ламали""}]"
80819b77-4801-4050-a586-272a1745f6bc.jpg,"[{""bbox"": [910, 28, 1522, 252], ""type"": ""handwritten"", ""text"": ""ій дім""}, {""bbox"": [341, 214, 2954, 446], ""type"": ""handwritten"", ""text"": ""Розкажи мені про свій дім. Той, що пам’я""}, {""bbox"": [83, 379, 2880, 590], ""type"": ""handwritten"", ""text"": ""ятає твої перші хиткі кроки і береже""}, {""bbox"": [82, 522, 2967, 780], ""type"": ""handwritten"", ""text"": ""щорічні зарубки часу, залишені рукою мат""}, {""bbox"": [74, 725, 1292, 951], ""type"": ""handwritten"", ""text"": ""тері на одвірку.""}, {""bbox"": [327, 934, 2978, 1203], ""type"": ""handwritten"", ""text"": ""Розкажи про його запах – теплий сонн""}, {""bbox"": [60, 1138, 2981, 1399], ""type"": ""handwritten"", ""text"": ""ний дух книжкових полиць, побитого ша""}, {""bbox"": [59, 1338, 2999, 1596], ""type"": ""handwritten"", ""text"": ""шелем креденса, жовтого супу з терпкою""}, {""bbox"": [77, 1549, 2917, 1809], ""type"": ""handwritten"", ""text"": ""петрушкою. Або, може, навпаки — бадьорі пах""}, {""bbox"": [65, 1750, 2906, 2001], ""type"": ""handwritten"", ""text"": ""хощі фарби, лаку, новизни; як же довго,""}, {""bbox"": [79, 1952, 2905, 2195], ""type"": ""handwritten"", ""text"": ""чи не пів життя мріялося про власний""}, {""bbox"": [90, 2171, 419, 2378], ""type"": ""handwritten"", ""text"": ""дім!""}, {""bbox"": [462, 2284, 2853, 2527], ""type"": ""handwritten"", ""text"": ""Розкажи про його скрипи і шерехи,""}, {""bbox"": [67, 2471, 2945, 2746], ""type"": ""handwritten"", ""text"": ""тіні й залиті світлом кімнати, безтурб""}, {""bbox"": [59, 2677, 2885, 2946], ""type"": ""handwritten"", ""text"": ""ботний сміх або надтріснуті голоси, які знен""}, {""bbox"": [68, 2890, 2898, 3140], ""type"": ""handwritten"", ""text"": ""нацька напівголосно заговорили про те, що""}, {""bbox"": [92, 3073, 2924, 3331], ""type"": ""handwritten"", ""text"": ""ймовірно, більше нічого не буде як раніше.""}, {""bbox"": [211, 3266, 2878, 3515], ""type"": ""handwritten"", ""text"": ""Насуплений, пошрамований, із заклеєн""}, {""bbox"": [138, 3448, 2630, 3684], ""type"": ""handwritten"", ""text"": ""ними навхрест шибками, твій дім,""}]"
fd7bfd8d-ee6e-4c40-9a7a-e0077e6b0d3e.jpg,"[{""bbox"": [783, 2, 1621, 180], ""type"": ""handwritten"", ""text"": ""Твій дім""}, {""bbox"": [354, 145, 2378, 353], ""type"": ""handwritten"", ""text"": ""Розкажи мені про свій дім.""}, {""bbox"": [214, 349, 2615, 545], ""type"": ""handwritten"", ""text"": ""Той, що пам’ятає твої перші хиткі""}, {""bbox"": [202, 493, 2628, 672], ""type"": ""handwritten"", ""text"": ""кроки і береже щорічні зарубки часу,""}, {""bbox"": [161, 614, 2626, 799], ""type"": ""handwritten"", ""text"": ""залишені рукою матері на одвірку.""}, {""bbox"": [318, 758, 2702, 954], ""type"": ""handwritten"", ""text"": ""Розкажи про його запах – теплий""}, {""bbox"": [167, 902, 2792, 1093], ""type"": ""handwritten"", ""text"": ""сонний дух книжкових полиць, побитого""}, {""bbox"": [154, 1033, 2636, 1225], ""type"": ""handwritten"", ""text"": ""шашелем креденса, жовтого супу з""}, {""bbox"": [147, 1165, 2703, 1358], ""type"": ""handwritten"", ""text"": ""терпкою петрушкою. Або, може""}, {""bbox"": [141, 1289, 2814, 1485], ""type"": ""handwritten"", ""text"": ""навпаки — бадьорі пахощі фарби, лаку""}, {""bbox"": [128, 1420, 2740, 1611], ""type"": ""handwritten"", ""text"": ""новизни; як же довго, чи не пів життя""}, {""bbox"": [130, 1547, 2038, 1708], ""type"": ""handwritten"", ""text"": ""мріялося про власний дім!""}, {""bbox"": [327, 1663, 2720, 1849], ""type"": ""handwritten"", ""text"": ""Розкажи про його скрипи і шерехи,""}, {""bbox"": [149, 1793, 2676, 1970], ""type"": ""handwritten"", ""text"": ""тіні й залиті світлом кімнати, безт""}, {""bbox"": [152, 1913, 2423, 2069], ""type"": ""handwritten"", ""text"": ""турботний сміх або надтріснуті""}, {""bbox"": [133, 2010, 2786, 2184], ""type"": ""handwritten"", ""text"": ""голоси, які зненацька напівголосно загов""}, {""bbox"": [133, 2132, 2807, 2314], ""type"": ""handwritten"", ""text"": ""ворили про те, що, ймовірно, більше""}, {""bbox"": [131, 2261, 2695, 2433], ""type"": ""handwritten"", ""text"": ""нічого не буде як раніше. Насуплений,""}, {""bbox"": [132, 2384, 2738, 2557], ""type"": ""handwritten"", ""text"": ""пошрамований, із заклеєними навхрест""}, {""bbox"": [123, 2510, 2308, 2681], ""type"": ""handwritten"", ""text"": ""шибками, твій дім, беззахисний""}, {""bbox"": [117, 2623, 2497, 2804], ""type"": ""handwritten"", ""text"": ""під час великої біди, тепер""}, {""bbox"": [109, 2738, 2494, 2920], ""type"": ""handwritten"", ""text"": ""щосили намагається бути фортецею""}, {""bbox"": [104, 2862, 2426, 3021], ""type"": ""handwritten"", ""text"": ""десь у його нутрощах - у темному,""}, {""bbox"": [100, 2969, 2681, 3143], ""type"": ""handwritten"", ""text"": ""незатишному підвалі - часто ховаються""}, {""bbox"": [107, 3093, 2543, 3266], ""type"": ""handwritten"", ""text"": ""від обстрілів люди і домашні звірі.""}, {""bbox"": [256, 3220, 2494, 3407], ""type"": ""handwritten"", ""text"": ""А деколи дім здатен уміститися""}, {""bbox"": [123, 3359, 2527, 3538], ""type"": ""handwritten"", ""text"": ""до розмірів валізи. Всі ми тепер,""}, {""bbox"": [104, 3483, 2650, 3667], ""type"": ""handwritten"", ""text"": ""мов ті равлики, знаємо ціну великих""}, {""bbox"": [109, 3628, 742, 3743], ""type"": ""handwritten"", ""text"": ""переселень.""}, {""bbox"": [234, 3683, 2665, 3868], ""type"": ""handwritten"", ""text"": ""Та головне – це місце сили і пам’яті""}, {""bbox"": [106, 3822, 2388, 4000], ""type"": ""handwritten"", ""text"": ""роду. З нього черпали снагу твої""}]"
26c766e1-81f4-4b88-b03f-9ba1d71190e5.jpg,"[{""bbox"": [139, 84, 640, 154], ""type"": ""printed"", ""text"": ""Пражський Відділ""}, {""bbox"": [2172, 86, 2408, 283], ""type"": ""annotation"", ""text"": ""148""}, {""bbox"": [131, 186, 503, 266], ""type"": ""printed"", ""text"": ""3. 0. V.П. ОФ.""}, {""bbox"": [713, 300, 2299, 392], ""type"": ""printed"", ""text"": ""Презідія Пражсвкого Вілдцію має за мену Вас повіто-""}, {""bbox"": [465, 366, 2287, 443], ""type"": ""printed"", ""text"": ""мити, що 23 є і с. в. Р. гол. пополудні мають відбутися""}, {""bbox"": [665, 426, 2231, 508], ""type"": ""printed"", ""text"": ""тальні НАОРЗ. Збори відділу з таким порядком денним:""}, {""bbox"": [632, 517, 2050, 608], ""type"": ""printed"", ""text"": ""I. Зачитання протоколія го перерніх заг. 36ropіи.""}, {""bbox"": [625, 600, 2248, 718], ""type"": ""printed"", ""text"": ""2. Поповцення Оксару Пресідії: добраннє одного чисна""}, {""bbox"": [642, 678, 2238, 769], ""type"": ""printed"", ""text"": ""Презідії на нісце дибуваючи зї складу Прихірів""}, {""bbox"": [672, 737, 1080, 793], ""type"": ""printed"", ""text"": ""П. Мезенцева.""}, {""bbox"": [620, 782, 1871, 861], ""type"": ""printed"", ""text"": ""3. Регістретія нового цлена - г. Прищинка.""}, {""bbox"": [608, 840, 2274, 921], ""type"": ""printed"", ""text"": ""1. Справа цлевських внесків та всесски на партійним фонд""}, {""bbox"": [597, 893, 2068, 971], ""type"": ""printed"", ""text"": ""5. Справа дельнійого вирає цасопису \""Вартовин\""""}, {""bbox"": [576, 950, 1890, 1026], ""type"": ""printed"", ""text"": ""Справа сбаткування свята УРУ Та І градня.""}, {""bbox"": [587, 999, 1366, 1064], ""type"": ""printed"", ""text"": ""7. Справа Партконфенції""}, {""bbox"": [557, 1049, 1080, 1113], ""type"": ""printed"", ""text"": ""8. Бікучі справи.""}, {""bbox"": [952, 1208, 1446, 1281], ""type"": ""printed"", ""text"": ""ПРЕВІДІ ІЯ.""}, {""bbox"": [222, 1374, 487, 1508], ""type"": ""handwritten"", ""text"": ""Прага""}, {""bbox"": [199, 1507, 595, 1654], ""type"": ""annotation"", ""text"": ""1925 (28 р.""}]"
26479da6-9ab4-46e7-b38a-bacbd3b9f094.jpg,"[{""bbox"": [261, 376, 1688, 536], ""type"": ""printed"", ""text"": ""24/III / 1918. Вел/ 7/7,49. довідожно.""}, {""bbox"": [109, 534, 574, 681], ""type"": ""printed"", ""text"": ""і цКТАЕІЕ АК ОР""}, {""bbox"": [1222, 641, 1816, 732], ""type"": ""printed"", ""text"": ""Шаповний добродію""}, {""bbox"": [126, 661, 622, 725], ""type"": ""printed"", ""text"": ""МІНІ СІ""}, {""bbox"": [199, 730, 497, 796], ""type"": ""printed"", ""text"": ""ДСТІІ""}, {""bbox"": [1252, 740, 1983, 840], ""type"": ""printed"", ""text"": ""ОЛИКСТДР ОМиксійович""}, {""bbox"": [892, 981, 2521, 1080], ""type"": ""printed"", ""text"": ""Виконувчий Обов \""яяки Додяткоють Мирового Судді""}, {""bbox"": [836, 1089, 2453, 1200], ""type"": ""printed"", ""text"": ""при Бахмутськім з ізді Миродих Суддців ї ван Дин-""}, {""bbox"": [818, 1199, 2442, 1307], ""type"": ""printed"", ""text"": ""гідович вЕНЙЙ КТОВН звернувся до Йапо Мійбогра""}, {""bbox"": [822, 1304, 2477, 1415], ""type"": ""printed"", ""text"": ""Доліцій з проханням аби було бризначено на""}, {""bbox"": [830, 1409, 2347, 1525], ""type"": ""printed"", ""text"": ""посаду Додиткоють Кирового Судді взатилі.""}, {""bbox"": [844, 1500, 2475, 1625], ""type"": ""printed"", ""text"": ""І отляму на прошу Вас висловитись дро служ-""}, {""bbox"": [169, 1569, 379, 1641], ""type"": ""printed"", ""text"": ""Па [0]""}, {""bbox"": [832, 1604, 2489, 1731], ""type"": ""printed"", ""text"": ""бову здетисть і моральні якостіі [illegible] добродія вКЯЕ-""}, {""bbox"": [197, 1649, 358, 1713], ""type"": ""printed"", ""text"": ""0. D.""}, {""bbox"": [137, 1725, 396, 1797], ""type"": ""printed"", ""text"": ""КРИПОВУ""}, {""bbox"": [793, 1714, 2500, 1839], ""type"": ""printed"", ""text"": ""ДД КТОВНА, о також оскідсько токе призлатевия буде""}, {""bbox"": [90, 1824, 601, 1906], ""type"": ""printed"", ""text"": ""арш. Предс. ХарБ-""}, {""bbox"": [808, 1839, 1840, 1937], ""type"": ""printed"", ""text"": ""взагаді користини для справи.""}, {""bbox"": [85, 1912, 581, 2001], ""type"": ""printed"", ""text"": ""вської Судовоі""}, {""bbox"": [941, 1973, 2189, 2100], ""type"": ""printed"", ""text"": ""Прошу прийняти заслідцення в повові""}, {""bbox"": [72, 2019, 244, 2080], ""type"": ""printed"", ""text"": ""пати.""}, {""bbox"": [880, 2131, 1103, 2195], ""type"": ""printed"", ""text"": ""До Вас""}, {""bbox"": [89, 2219, 541, 2304], ""type"": ""printed"", ""text"": ""МИШЯ I.ІЕР.""}]"
35d3aafe-680d-495b-ac73-c02c3982d096.jpg,"[{""bbox"": [81, 29, 418, 111], ""type"": ""handwritten"", ""text"": ""2546 2 3536""}, {""bbox"": [21, 75, 1099, 168], ""type"": ""handwritten"", ""text"": ""посмікатись, я вже натрапив ни""}, {""bbox"": [21, 139, 1105, 237], ""type"": ""handwritten"", ""text"": ""самого себе, але на перших крокан""}, {""bbox"": [22, 200, 1110, 298], ""type"": ""handwritten"", ""text"": ""мені тажко иноді Було. А ти ще""}, {""bbox"": [22, 265, 1108, 360], ""type"": ""handwritten"", ""text"": ""иноді обираєшся, що я не посилаю""}, {""bbox"": [21, 322, 1107, 429], ""type"": ""handwritten"", ""text"": ""тобі своїх видання, що не ділюсь""}, {""bbox"": [21, 382, 1106, 485], ""type"": ""handwritten"", ""text"": ""з тобою з приводу моїх робит дум-""}, {""bbox"": [21, 447, 1100, 547], ""type"": ""handwritten"", ""text"": ""коли! — Ну, та кай пому! Мину-""}, {""bbox"": [24, 512, 1114, 609], ""type"": ""handwritten"", ""text"": ""лося. \""А те, що минуло, не згадують""}, {""bbox"": [118, 582, 1106, 673], ""type"": ""handwritten"", ""text"": ""Так твої сестри справді „чержав-""}, {""bbox"": [24, 639, 1104, 732], ""type"": ""handwritten"", ""text"": ""ски\"" гарне? Ну знаєш, коли так,""}, {""bbox"": [27, 719, 1086, 797], ""type"": ""handwritten"", ""text"": ""то ревнуй не рівний, а я мушу.""}, {""bbox"": [27, 779, 1085, 863], ""type"": ""handwritten"", ""text"": ""в хочась закохатись. Так ти ни і""}, {""bbox"": [30, 837, 1094, 931], ""type"": ""handwritten"", ""text"": ""спати. Я байдуж не можу відноси-""}, {""bbox"": [29, 900, 1107, 1000], ""type"": ""handwritten"", ""text"": ""тись до краси. Рере тільки, що во-""}, {""bbox"": [32, 970, 1109, 1062], ""type"": ""handwritten"", ""text"": ""ни не українки. Ну, та, може, ~~жа~~""}, {""bbox"": [31, 1039, 1100, 1130], ""type"": ""handwritten"", ""text"": ""й без українства вони не зопсу-""}, {""bbox"": [31, 1100, 1102, 1165], ""type"": ""handwritten"", ""text"": ""під рахіння. — Слухам: а ква-""}, {""bbox"": [29, 1165, 1083, 1256], ""type"": ""handwritten"", ""text"": ""ти єм дорогі і мало. Чи знайдеш""}, {""bbox"": [27, 1230, 1108, 1319], ""type"": ""handwritten"", ""text"": ""ти після 5-го кімнату? Може, на""}, {""bbox"": [27, 1294, 1109, 1384], ""type"": ""handwritten"", ""text"": ""нать для тебе? Гажає тільки, що ос""}, {""bbox"": [25, 1360, 1093, 1444], ""type"": ""handwritten"", ""text"": ""сподобається тобі, бо не усе, що""}, {""bbox"": [22, 1425, 1100, 1507], ""type"": ""handwritten"", ""text"": ""я вибегу, мусть бити на чвій смак""}, {""bbox"": [23, 1484, 1110, 1565], ""type"": ""handwritten"", ""text"": ""роганим. Мле праще вже ноголя, нік""}, {""bbox"": [25, 1542, 1105, 1618], ""type"": ""handwritten"", ""text"": ""нічого в диному разі, Як ти думаєш?""}, {""bbox"": [23, 1595, 1114, 1670], ""type"": ""handwritten"", ""text"": ""гроші вер!є і твої доручення виконою.""}, {""bbox"": [16, 1649, 1084, 1721], ""type"": ""handwritten"", ""text"": ""Місце так знайдеться, може, не зараз, але би-""}, {""bbox"": [9, 1686, 1120, 1767], ""type"": ""handwritten"", ""text"": ""де нагевне. Пиши! Стискою руку. Валю""}]"
1d4a28f7-d9f8-4bf1-9f62-5b9a62bd0d39.jpg,"[{""bbox"": [23, 14, 139, 139], ""type"": ""annotation"", ""text"": ""1/б""}, {""bbox"": [104, 16, 1542, 150], ""type"": ""handwritten"", ""text"": ""правтиви маю, що моя робо-""}, {""bbox"": [79, 101, 1493, 228], ""type"": ""handwritten"", ""text"": ""та не обмежиться на \""чисто""}, {""bbox"": [81, 180, 1471, 309], ""type"": ""handwritten"", ""text"": ""темічному\"", як ще до Вас""}, {""bbox"": [80, 255, 1492, 392], ""type"": ""handwritten"", ""text"": ""ктися п. Волацький а що ба-""}, {""bbox"": [104, 331, 1536, 474], ""type"": ""handwritten"", ""text"": ""гато треба, те ввлести праці""}, {""bbox"": [104, 408, 1537, 553], ""type"": ""handwritten"", ""text"": ""й ліза \""тиніюю\"". Ексастиці по""}, {""bbox"": [104, 484, 1540, 623], ""type"": ""handwritten"", ""text"": ""замішись невачиво, й я мати""}, {""bbox"": [68, 563, 1494, 701], ""type"": ""handwritten"", ""text"": ""му на зваці Олянчина, яково""}, {""bbox"": [104, 641, 1535, 776], ""type"": ""handwritten"", ""text"": ""як ти самі жаєш, мені у по-""}, {""bbox"": [78, 721, 1494, 855], ""type"": ""handwritten"", ""text"": ""льну ще мені дуже двіте відь-""}, {""bbox"": [104, 802, 1537, 935], ""type"": ""handwritten"", ""text"": ""мив. брегутою, позробичі моса-""}, {""bbox"": [64, 881, 1494, 1018], ""type"": ""handwritten"", ""text"": ""на обоворити ще, та їх ви-""}, {""bbox"": [67, 964, 1483, 1097], ""type"": ""handwritten"", ""text"": ""девить нею тільки правтива.""}, {""bbox"": [78, 1044, 1492, 1177], ""type"": ""handwritten"", ""text"": ""Одне можете ще Пайкати до""}, {""bbox"": [79, 1120, 1492, 1256], ""type"": ""handwritten"", ""text"": ""прали, що переанувати на""}, {""bbox"": [104, 1201, 1488, 1328], ""type"": ""handwritten"", ""text"": ""пацикці л ожна й тут, і""}, {""bbox"": [104, 1282, 1538, 1428], ""type"": ""handwritten"", ""text"": ""що це можна престальнувати""}, {""bbox"": [93, 1408, 392, 1535], ""type"": ""handwritten"", ""text"": ""\""й нут.""}, {""bbox"": [639, 1395, 1406, 1579], ""type"": ""handwritten"", ""text"": ""здоровина щирь""}, {""bbox"": [957, 1503, 1480, 1636], ""type"": ""handwritten"", ""text"": ""ВСімова""}, {""bbox"": [194, 1616, 1195, 1777], ""type"": ""handwritten"", ""text"": ""Біркенверду, {1/10/1922°""}, {""bbox"": [149, 1733, 1521, 1843], ""type"": ""handwritten"", ""text"": ""P.S. Приві айте ті. Ординева й балаша""}, {""bbox"": [165, 1804, 1411, 1909], ""type"": ""handwritten"", ""text"": ""можка (3 ліява) здоровить, хвора!""}]"
7e6a6ceb-632c-4862-8ca3-a06ed6f51891.jpg,"[{""bbox"": [427, 103, 658, 162], ""type"": ""printed"", ""text"": ""КОМІТЕТ""}, {""bbox"": [2140, 37, 2345, 213], ""type"": ""annotation"", ""text"": ""12)""}, {""bbox"": [212, 166, 777, 220], ""type"": ""printed"", ""text"": ""ПРАИСВКОТО ВІІ ІП""}, {""bbox"": [328, 218, 702, 274], ""type"": ""printed"", ""text"": ""3. 0. V.п. P.-C.""}, {""bbox"": [458, 268, 562, 323], ""type"": ""printed"", ""text"": ""000""}, {""bbox"": [892, 286, 2382, 395], ""type"": ""printed"", ""text"": ""В цетверг, 6 жовтин, о год. З попл. (там, не завине)""}, {""bbox"": [779, 406, 1985, 480], ""type"": ""printed"", ""text"": ""відбудуться товариські сходини вілдіру.""}, {""bbox"": [978, 513, 1485, 580], ""type"": ""printed"", ""text"": ""Порядок денний:""}, {""bbox"": [608, 598, 1961, 690], ""type"": ""printed"", ""text"": ""I. Плятформа соціалістичн, пічи нового Сходу.""}, {""bbox"": [613, 666, 1330, 753], ""type"": ""printed"", ""text"": ""2. Організацічнциню справи.""}, {""bbox"": [624, 732, 1120, 788], ""type"": ""printed"", ""text"": ""3. Біку чи справи.""}, {""bbox"": [610, 787, 1114, 844], ""type"": ""printed"", ""text"": ""4. Вільні енески.""}, {""bbox"": [551, 866, 2361, 955], ""type"": ""printed"", ""text"": ""вду на вахинність диталь, поставленних не розтич, Дрисутнюствів""}, {""bbox"": [186, 926, 867, 1038], ""type"": ""printed"", ""text"": ""ні Соліданних обов'язкова.""}, {""bbox"": [1646, 983, 1919, 1047], ""type"": ""printed"", ""text"": ""Презідія.""}]"
0eba8f38-64bb-4c0e-a28c-61572efb7b10.jpg,"[{""bbox"": [1756, 121, 1897, 278], ""type"": ""annotation"", ""text"": ""39""}, {""bbox"": [618, 259, 1169, 337], ""type"": ""printed"", ""text"": ""ПОВІСТКА.""}, {""bbox"": [241, 277, 503, 437], ""type"": ""annotation"", ""text"": ""2. 5/8""}, {""bbox"": [620, 462, 1583, 540], ""type"": ""printed"", ""text"": ""До Улена Надвірної Ради УТВФ""}, {""bbox"": [716, 547, 1711, 646], ""type"": ""printed"", ""text"": ""7. \""Шенговала...\""""}, {""bbox"": [925, 652, 1689, 764], ""type"": ""printed"", ""text"": ""3.... Празіши""}, {""bbox"": [345, 813, 1861, 895], ""type"": ""printed"", ""text"": ""Правління УВР має честь просити Вас плибути""}, {""bbox"": [222, 916, 1861, 1003], ""type"": ""printed"", ""text"": ""на спільне васідання Правлінна І Надвірної Ради,""}, {""bbox"": [221, 1013, 1868, 1101], ""type"": ""printed"", ""text"": ""яка нає відбутися 15-100 Червня 1926 р. 0 ІЗ-І го-""}, {""bbox"": [220, 1108, 1869, 1202], ""type"": ""printed"", ""text"": ""дині в помешканню Правління (Прита ІІ, Крановов-""}, {""bbox"": [214, 1221, 555, 1297], ""type"": ""printed"", ""text"": ""ка, [0/V)""}, {""bbox"": [514, 1329, 1031, 1399], ""type"": ""printed"", ""text"": ""Порядок денний:""}, {""bbox"": [332, 1427, 1447, 1512], ""type"": ""printed"", ""text"": ""I) Інформаційний доклад Правління""}, {""bbox"": [326, 1516, 1921, 1607], ""type"": ""printed"", ""text"": ""2) Участь у книйнії виставці 28 Черв. - з ШІІ. 26Р""}, {""bbox"": [322, 1618, 1455, 1703], ""type"": ""printed"", ""text"": ""3) Вікучі справи і відьнівнески.""}, {""bbox"": [987, 1834, 1471, 1904], ""type"": ""printed"", ""text"": ""Правління УТВФ""}, {""bbox"": [928, 1849, 1932, 2121], ""type"": ""annotation"", ""text"": ""М. Ганац, ~~притерентарив-""}, {""bbox"": [348, 2035, 843, 2105], ""type"": ""printed"", ""text"": ""Прага, [0/V. 26""}]"
331635e6-a19f-40e0-9898-d550f24170be.jpg,"[{""bbox"": [91, 148, 954, 239], ""type"": ""printed"", ""text"": ""видвимузати наовадяти щодунцієчі голо""}, {""bbox"": [81, 220, 963, 300], ""type"": ""printed"", ""text"": ""нівколь а пакідатьськъ і дриївго""}, {""bbox"": [2366, 167, 2574, 359], ""type"": ""annotation"", ""text"": ""181""}, {""bbox"": [1406, 227, 2081, 320], ""type"": ""printed"", ""text"": ""Прага. 14-УІІ- 1928Р.""}, {""bbox"": [310, 292, 626, 352], ""type"": ""printed"", ""text"": ""V Ргаге,""}, {""bbox"": [96, 307, 956, 422], ""type"": ""printed"", ""text"": ""поравав ороб'язаною в тиємість обтрієченть.""}, {""bbox"": [693, 417, 2504, 528], ""type"": ""printed"", ""text"": ""Вт. ЮВН Українського Громадсь-кож Видавничога донізу""}, {""bbox"": [1202, 542, 1479, 605], ""type"": ""printed"", ""text"": ""В Празі.""}, {""bbox"": [1046, 667, 1367, 735], ""type"": ""printed"", ""text"": ""Матовал""}, {""bbox"": [675, 817, 2619, 919], ""type"": ""printed"", ""text"": ""З приводу 20 літнього існування Дентральногу Сонсу кадким""}, {""bbox"": [590, 921, 2587, 1029], ""type"": ""printed"", ""text"": ""Чеховодивних нОперативів в ЧСР. Центральний Соцє упритовує""}, {""bbox"": [563, 1023, 2539, 1132], ""type"": ""printed"", ""text"": ""16 і ІУ червна и.р. абільйний відд є цючисте свято, на яке""}, {""bbox"": [555, 1124, 2235, 1231], ""type"": ""printed"", ""text"": ""є такок запрошений УТВД, як чисн назаного Соньу.""}, {""bbox"": [600, 1228, 2600, 1325], ""type"": ""printed"", ""text"": ""ІУ червна, у неділю, о У год. рано, відбудува маніфеста-""}, {""bbox"": [507, 1328, 2555, 1431], ""type"": ""printed"", ""text"": ""ційних похід поПразі, видавчича донд матимо своє""}, {""bbox"": [521, 1433, 1508, 1524], ""type"": ""printed"", ""text"": ""місце під власним штандартом.""}, {""bbox"": [613, 1568, 2482, 1680], ""type"": ""printed"", ""text"": ""Правдіння УТДД запрошує Вас з приятелеми донду піринати""}, {""bbox"": [521, 1688, 1637, 1780], ""type"": ""printed"", ""text"": ""участь у маніфествційному голоді.""}, {""bbox"": [605, 1821, 2577, 1935], ""type"": ""printed"", ""text"": ""Місце вустрічі для членів Доязу: ганок німенького дізвид""}, {""bbox"": [527, 1943, 1769, 2040], ""type"": ""printed"", ""text"": ""біла двірця Відпьвона, 0 Узд год. рано.""}, {""bbox"": [957, 2137, 1616, 2229], ""type"": ""printed"", ""text"": ""З правдивою пошаноє""}, {""bbox"": [1053, 2304, 1543, 2379], ""type"": ""printed"", ""text"": ""Правління УТВД""}, {""bbox"": [1023, 2444, 1672, 2539], ""type"": ""printed"", ""text"": ""Н. Вогацький ( B. P.)""}, {""bbox"": [879, 2551, 1677, 2635], ""type"": ""printed"", ""text"": ""АР. ІІ Приходько (в.).""}]"
56d2fff8-7789-436a-bde0-66572f6198a7.jpg,"[{""bbox"": [888, 27, 1006, 75], ""type"": ""annotation"", ""text"": ""Негашно""}, {""bbox"": [118, 76, 305, 117], ""type"": ""handwritten"", ""text"": ""I Н. Р""}, {""bbox"": [71, 118, 406, 163], ""type"": ""handwritten"", ""text"": ""Міністерства Єврейських""}, {""bbox"": [160, 156, 253, 195], ""type"": ""handwritten"", ""text"": ""Справ""}, {""bbox"": [585, 157, 1057, 224], ""type"": ""handwritten"", ""text"": ""До пана Пуберніяльност""}, {""bbox"": [64, 186, 424, 235], ""type"": ""handwritten"", ""text"": ""Загальний Департамани""}, {""bbox"": [66, 228, 411, 273], ""type"": ""handwritten"", ""text"": ""\""10\"" Вересня 1919 року""}, {""bbox"": [604, 222, 955, 267], ""type"": ""handwritten"", ""text"": ""Подільского Комісара.""}, {""bbox"": [115, 263, 271, 296], ""type"": ""handwritten"", ""text"": ""7. 2646""}, {""bbox"": [74, 297, 409, 343], ""type"": ""handwritten"", ""text"": ""Кам'янець на Поділлю""}, {""bbox"": [480, 330, 1120, 375], ""type"": ""handwritten"", ""text"": ""Прикладаючи ді цього копію заяви Моги-""}, {""bbox"": [282, 365, 1124, 415], ""type"": ""handwritten"", ""text"": ""лівської Єрийсь-ноі Округино Аромадсьkоє Украви Мі-""}, {""bbox"": [288, 401, 1108, 451], ""type"": ""handwritten"", ""text"": ""ністерство має я часть прохати Вас зробити. на-""}, {""bbox"": [288, 437, 1103, 489], ""type"": ""handwritten"", ""text"": ""лежне розпорядження про даявіл Бейдарові без пере-""}, {""bbox"": [292, 482, 826, 523], ""type"": ""handwritten"", ""text"": ""шкід проводити громадську плацю.""}, {""bbox"": [291, 507, 1112, 563], ""type"": ""handwritten"", ""text"": ""Про зроблене розпорядження Міністерство прихає по-""}, {""bbox"": [294, 556, 422, 600], ""type"": ""handwritten"", ""text"": ""відомити.""}, {""bbox"": [507, 614, 829, 666], ""type"": ""handwritten"", ""text"": ""Директор Департ.""}, {""bbox"": [505, 657, 909, 705], ""type"": ""handwritten"", ""text"": ""Загольних Скраї (підпил).""}, {""bbox"": [357, 722, 797, 785], ""type"": ""handwritten"", ""text"": ""Начальник Відділу - Данкор""}, {""bbox"": [546, 809, 840, 853], ""type"": ""handwritten"", ""text"": ""З ор.гінолом підно""}, {""bbox"": [553, 845, 858, 891], ""type"": ""handwritten"", ""text"": ""Діловад (підпас).""}]"
03edb2e3-11b4-4b45-98c8-45ce1936cf83.jpg,"[{""bbox"": [363, 477, 2026, 616], ""type"": ""printed"", ""text"": ""1456 тів затро (нти Вас на відкриття з'ц-""}, {""bbox"": [366, 582, 2025, 713], ""type"": ""printed"", ""text"": ""Ar діячів українського Мнспситва, які""}, {""bbox"": [418, 677, 2057, 812], ""type"": ""printed"", ""text"": ""збрятився у Кніві рокуляв чувка д 4нC""}, {""bbox"": [323, 782, 1915, 897], ""type"": ""printed"", ""text"": ""як 0 18 тод. у Nа l, помешкально Україн""}]"
134b0c22-9958-4f48-8349-f30862a83209.jpg,"[{""bbox"": [1196, 42, 1361, 134], ""type"": ""annotation"", ""text"": ""40з""}, {""bbox"": [1384, 52, 1519, 134], ""type"": ""annotation"", ""text"": ""(31""}, {""bbox"": [48, 83, 1414, 184], ""type"": ""handwritten"", ""text"": ""піантором удомося завербовати""}, {""bbox"": [85, 161, 1515, 256], ""type"": ""handwritten"", ""text"": ""більше число руських дітей, ~~то ута""}, {""bbox"": [49, 233, 1470, 321], ""type"": ""handwritten"", ""text"": ""жале віже після отерших днів наумо""}, {""bbox"": [85, 295, 1514, 390], ""type"": ""handwritten"", ""text"": ""нараз, як би були зговорилися всі висту""}, {""bbox"": [85, 366, 1510, 464], ""type"": ""handwritten"", ""text"": ""Ави із геської шкови  є перетисалися""}, {""bbox"": [85, 436, 1517, 538], ""type"": ""handwritten"", ""text"": ""до руської \""А отановища детри.""}, {""bbox"": [85, 512, 1516, 607], ""type"": ""handwritten"", ""text"": ""йигних наступників в, Украївому Пред-""}, {""bbox"": [52, 581, 1469, 678], ""type"": ""handwritten"", ""text"": ""Ставництві = проголошене піри розвичат-""}, {""bbox"": [53, 651, 1469, 750], ""type"": ""handwritten"", ""text"": ""ти праці: \""окремішню звачу писвя-""}, {""bbox"": [58, 722, 1466, 821], ""type"": ""handwritten"", ""text"": ""Тимо нашому неридньоми щкінь-""}, {""bbox"": [57, 796, 1406, 888], ""type"": ""handwritten"", ""text"": ""низатку. Чоловного нашога задачею""}, {""bbox"": [45, 864, 1447, 964], ""type"": ""handwritten"", ""text"": ""буде рокити оїнт народнів і""}, {""bbox"": [47, 937, 1465, 1042], ""type"": ""handwritten"", ""text"": ""гороманських щків, та справа в""}, {""bbox"": [52, 1013, 1469, 1126], ""type"": ""handwritten"", ""text"": ""Уковуповинних дітей. Будемо дома-""}, {""bbox"": [58, 1095, 1441, 1196], ""type"": ""handwritten"", ""text"": ""гатися, щоби по всіх місцеватву,""}, {""bbox"": [53, 1174, 1450, 1278], ""type"": ""handwritten"", ""text"": ""де до сего часу нема ані шкови, а ні""}, {""bbox"": [85, 1250, 1514, 1357], ""type"": ""handwritten"", ""text"": ""гритель, були органігованнці поредочню""}, {""bbox"": [85, 1331, 1516, 1441], ""type"": ""handwritten"", ""text"": ""шкови, щоби на Підкарйайти Не оста-""}, {""bbox"": [85, 1416, 1440, 1516], ""type"": ""handwritten"", ""text"": ""ло ані одно село ~~бу~~ суколи...\""""}, {""bbox"": [85, 1492, 1508, 1599], ""type"": ""handwritten"", ""text"": ""Виразно підреткуємо, що вітности на-""}, {""bbox"": [85, 1574, 1496, 1669], ""type"": ""handwritten"", ""text"": ""дід культурно можна лише в його""}, {""bbox"": [85, 1644, 1510, 1753], ""type"": ""handwritten"", ""text"": ""діфній мові, тому то увагаємо-""}, {""bbox"": [59, 1735, 871, 1844], ""type"": ""handwritten"", ""text"": ""\""Свобода\"" Іжгр. 426 ч. VII.""}]"
e0e8c060-88c6-443d-90b3-79b1aa3da848.jpg,"[{""bbox"": [913, 44, 987, 83], ""type"": ""annotation"", ""text"": ""№ 2""}, {""bbox"": [206, 155, 1050, 224], ""type"": ""handwritten"", ""text"": ""Канія розмови Помішника Началенина Мік""}, {""bbox"": [138, 217, 1067, 283], ""type"": ""handwritten"", ""text"": ""ліцій містячна Гощі з Начальником Абмініатрає""}, {""bbox"": [144, 274, 1065, 341], ""type"": ""handwritten"", ""text"": ""йивного Відбому М. Данкнером 29/9 року 6 1/р веч.""}, {""bbox"": [198, 383, 1052, 457], ""type"": ""handwritten"", ""text"": ""Телеграму одержав під є.440. По обереження""}, {""bbox"": [145, 450, 1053, 515], ""type"": ""handwritten"", ""text"": ""телеграми всі заходи приняти, позаяк штат""}, {""bbox"": [139, 510, 1065, 573], ""type"": ""handwritten"", ""text"": ""мілеції з начальником і номіннимкоком й мшісцьою""}, {""bbox"": [136, 566, 1036, 631], ""type"": ""handwritten"", ""text"": ""порами всього з чоловік і приходиння потний""}, {""bbox"": [138, 623, 1084, 691], ""type"": ""handwritten"", ""text"": ""дена коробити на менша в чоловік, то неможлемо""}, {""bbox"": [138, 683, 1043, 747], ""type"": ""handwritten"", ""text"": ""во нічого утворити, а Для тога необхідно для""}, {""bbox"": [142, 741, 1043, 806], ""type"": ""handwritten"", ""text"": ""спокію вощи надіслати який - тебудь загін від-""}, {""bbox"": [141, 798, 1025, 863], ""type"": ""handwritten"", ""text"": ""повідальний призначенню, тоді можна було-б""}, {""bbox"": [142, 854, 1053, 922], ""type"": ""handwritten"", ""text"": ""щось зробити. Бецвають випади, грибітей ін на""}, {""bbox"": [143, 915, 1035, 978], ""type"": ""handwritten"", ""text"": ""окалицях міста гощи, наприклад: позавчара""}, {""bbox"": [143, 970, 1037, 1036], ""type"": ""handwritten"", ""text"": ""був винадок в селі Війнові, до кодах 58 нішого""}, {""bbox"": [145, 1027, 1091, 1099], ""type"": ""handwritten"", ""text"": ""Хомлюються нашку, Павло Тхорук, мешнанець тичі не""}, {""bbox"": [147, 1086, 1089, 1160], ""type"": ""handwritten"", ""text"": ""села Війново, чих масток ще з позахали Коваль-""}, {""bbox"": [142, 1147, 1081, 1215], ""type"": ""handwritten"", ""text"": ""соючи колку, двана навідомими по призвищу, свча""}, {""bbox"": [146, 1202, 1049, 1273], ""type"": ""handwritten"", ""text"": ""нив п'ять вистрілів у мешканню мастав на""}, {""bbox"": [141, 1264, 1085, 1334], ""type"": ""handwritten"", ""text"": ""зав., Танчачна гарислого тримала себе бабро, зможа""}, {""bbox"": [144, 1320, 1087, 1388], ""type"": ""handwritten"", ""text"": ""весільти, а для того мініція безсильно. Станавища""}, {""bbox"": [147, 1379, 1077, 1445], ""type"": ""handwritten"", ""text"": ""поки що в Рощі спапійне. Частини герез Гащу про""}, {""bbox"": [149, 1433, 1061, 1500], ""type"": ""handwritten"", ""text"": ""ходили ріжні. Були де-які винави прохадячих""}, {""bbox"": [145, 1492, 1075, 1560], ""type"": ""handwritten"", ""text"": ""гастин, невідомих мені, патриклад: 25, 26, 2K5 K5,""}, {""bbox"": [145, 1551, 1018, 1618], ""type"": ""handwritten"", ""text"": ""з'явимаю познам до ментанців. Пощи, ор авряїв.в-""}, {""bbox"": [150, 1609, 1017, 1677], ""type"": ""handwritten"", ""text"": ""особливости, вимагали поптрібуцію, якрифеним,""}, {""bbox"": [146, 1662, 1047, 1732], ""type"": ""handwritten"", ""text"": ""нак і обсегою, грозичи пограмом за навипотися""}]"
65b3b7b6-9db2-4a89-bd82-30cc6842318e.jpg,"[{""bbox"": [1061, 77, 1176, 176], ""type"": ""annotation"", ""text"": ""7""}, {""bbox"": [38, 161, 1300, 289], ""type"": ""handwritten"", ""text"": ""коли відкрилася дума, то Гехру""}, {""bbox"": [39, 258, 1319, 375], ""type"": ""handwritten"", ""text"": ""впев на себе і відділ думи, як""}, {""bbox"": [41, 348, 1319, 469], ""type"": ""handwritten"", ""text"": ""що веде їх тепер три. Таком""}, {""bbox"": [46, 437, 1313, 558], ""type"": ""handwritten"", ""text"": ""робом, я і галишилася на""}, {""bbox"": [60, 526, 1326, 651], ""type"": ""handwritten"", ""text"": ""корзектурі, а мої курем звем""}, {""bbox"": [57, 617, 1317, 736], ""type"": ""handwritten"", ""text"": ""ся до нуля, бо без прахуичних""}, {""bbox"": [55, 703, 1331, 831], ""type"": ""handwritten"", ""text"": ""працъ іспитів робити неможла.""}, {""bbox"": [54, 797, 1332, 922], ""type"": ""handwritten"", ""text"": ""Так пропенла я октябрів з ноягри""}, {""bbox"": [54, 891, 1346, 1012], ""type"": ""handwritten"", ""text"": ""і дехабрь. Тилчасом жільш у Київ-""}, {""bbox"": [56, 980, 1341, 1108], ""type"": ""handwritten"", ""text"": ""всіллякі регресїї, курси наші.""}, {""bbox"": [52, 1064, 1355, 1195], ""type"": ""handwritten"", ""text"": ""викинули в поліденічно інети-""}, {""bbox"": [54, 1154, 1355, 1289], ""type"": ""handwritten"", ""text"": ""фуду і тим панеям смердельний""}, {""bbox"": [54, 1247, 1344, 1379], ""type"": ""handwritten"", ""text"": ""удар природнигаму виділу, бо""}, {""bbox"": [58, 1333, 1345, 1465], ""type"": ""handwritten"", ""text"": ""деяк чидаютелля лекції на Вел.""}, {""bbox"": [56, 1417, 1361, 1560], ""type"": ""handwritten"", ""text"": ""Рідь. Рез усяхих доблить, бежпічо,""}, {""bbox"": [47, 1504, 1360, 1652], ""type"": ""handwritten"", ""text"": ""ціпрактичних запятрівнема. Більшість""}, {""bbox"": [61, 1599, 1360, 1746], ""type"": ""handwritten"", ""text"": ""наших куранеток робіляся""}, {""bbox"": [68, 1696, 1365, 1829], ""type"": ""handwritten"", ""text"": ""хто куди міг, лишилося дуже""}, {""bbox"": [70, 1786, 1362, 1920], ""type"": ""handwritten"", ""text"": ""мало. Я-ж пожлувала заплатура""}, {""bbox"": [70, 1877, 1356, 2025], ""type"": ""handwritten"", ""text"": ""зроші за друге піврічня і це""}]"
0425cda8-0aef-4c01-a241-1c66e73a2153.jpg,"[{""bbox"": [1541, 95, 1709, 259], ""type"": ""annotation"", ""text"": ""65""}, {""bbox"": [286, 346, 1079, 480], ""type"": ""printed"", ""text"": ""ЗАПРОСИНИ""}, {""bbox"": [549, 535, 1032, 596], ""type"": ""printed"", ""text"": ""на урочисте відкриття""}, {""bbox"": [559, 593, 1373, 665], ""type"": ""printed"", ""text"": ""Українського Науковога Інститута""}, {""bbox"": [564, 658, 799, 715], ""type"": ""printed"", ""text"": ""в Берліні,""}, {""bbox"": [283, 718, 632, 775], ""type"": ""printed"", ""text"": ""яке відбудеться""}, {""bbox"": [556, 763, 1370, 832], ""type"": ""printed"", ""text"": ""в середу, 10. падожистя 1926 року,""}, {""bbox"": [556, 809, 1356, 872], ""type"": ""printed"", ""text"": ""в 12 гол. дня, в будинку Берлінського""}, {""bbox"": [560, 909, 892, 964], ""type"": ""printed"", ""text"": ""Авдиторія № 3""}, {""bbox"": [281, 1002, 990, 1089], ""type"": ""printed"", ""text"": ""пРОГР АМ СВЯТА:""}, {""bbox"": [497, 1120, 1139, 1180], ""type"": ""printed"", ""text"": ""1. Німелький народниЙ гільн.""}, {""bbox"": [505, 1179, 1373, 1240], ""type"": ""printed"", ""text"": ""2. Вступне спово голови Кураторії б.""}, {""bbox"": [539, 1226, 1373, 1288], ""type"": ""printed"", ""text"": ""міністра Німелької Пержави, генераз-""}, {""bbox"": [509, 1319, 1355, 1387], ""type"": ""printed"", ""text"": ""3. ІнаВтураційна промова директора Іп-""}, {""bbox"": [516, 1372, 1377, 1443], ""type"": ""printed"", ""text"": ""ститута прогресора Пинтра, Поромення.""}, {""bbox"": [502, 1432, 822, 1482], ""type"": ""printed"", ""text"": ""1. Привітання.""}, {""bbox"": [497, 1461, 1189, 1540], ""type"": ""printed"", ""text"": ""5. Український народинні гіжн.""}, {""bbox"": [623, 1566, 1059, 1626], ""type"": ""printed"", ""text"": ""Голова Кураторії:""}, {""bbox"": [576, 1619, 1095, 1677], ""type"": ""printed"", ""text"": ""ВІІ ЕЕЛЕ ГРЕнЕр""}, {""bbox"": [298, 1727, 1371, 1792], ""type"": ""printed"", ""text"": ""олександвр єкоронис-подітуховський""}, {""bbox"": [313, 1783, 1356, 1846], ""type"": ""printed"", ""text"": ""Ужен Ігураторії і Українського Говариства допомоги""}, {""bbox"": [406, 1863, 1233, 1924], ""type"": ""printed"", ""text"": ""Д-р. Воліодульне коростовець""}, {""bbox"": [497, 1926, 1155, 1983], ""type"": ""printed"", ""text"": ""Дироктор Iнститута:""}, {""bbox"": [545, 1971, 1114, 2034], ""type"": ""printed"", ""text"": ""дмутро доропиєнко""}, {""bbox"": [293, 2070, 1079, 2135], ""type"": ""printed"", ""text"": ""До Впоп. Микинти Юхимо-""}, {""bbox"": [306, 2135, 1067, 2197], ""type"": ""printed"", ""text"": ""вича Шаповала, Голови""}, {""bbox"": [303, 2189, 1145, 2264], ""type"": ""printed"", ""text"": ""Укр. Соціологичного Дн-та.""}, {""bbox"": [301, 2321, 1188, 2408], ""type"": ""printed"", ""text"": ""Тимчасти акрався: бачізав су повалінні деч вичний""}]"
64722ae2-0be0-4440-8eb3-c8e5fadb12fd.jpg,"[{""bbox"": [61, 115, 919, 178], ""type"": ""handwritten"", ""text"": ""дониймано мною про дозвіл Повіткомісара,""}, {""bbox"": [75, 181, 381, 224], ""type"": ""handwritten"", ""text"": ""отновій не масо.""}, {""bbox"": [292, 228, 862, 289], ""type"": ""handwritten"", ""text"": ""Памішник Мілі�ій 2 ї району.""}, {""bbox"": [496, 302, 714, 351], ""type"": ""handwritten"", ""text"": ""Мелоничук.""}, {""bbox"": [317, 351, 667, 398], ""type"": ""handwritten"", ""text"": ""З орігіналом згiбно.""}, {""bbox"": [441, 403, 852, 462], ""type"": ""handwritten"", ""text"": ""Пом. Украви. (підже)""}, {""bbox"": [291, 507, 654, 576], ""type"": ""handwritten"", ""text"": ""З орігіналом згидно""}, {""bbox"": [220, 568, 662, 634], ""type"": ""handwritten"", ""text"": ""За діль інфрм відд""}, {""bbox"": [296, 618, 670, 684], ""type"": ""handwritten"", ""text"": ""P. Швальд) 1913""}]"
188c50b7-b537-42cf-b0bc-b336780d0710.jpg,"[{""bbox"": [256, 348, 1859, 588], ""type"": ""printed"", ""text"": ""24/II 1919 Вхл/ 1877. довідачно. (""}, {""bbox"": [1975, 728, 2127, 783], ""type"": ""printed"", ""text"": ""ШОТО""}, {""bbox"": [151, 737, 788, 845], ""type"": ""printed"", ""text"": ""старшій пр�дсвДАТЕЛІІ""}, {""bbox"": [166, 740, 2049, 854], ""type"": ""printed"", ""text"": ""старший предбДАТЕЛВ Данові діректорови Перщо-ШСС""}, {""bbox"": [1009, 752, 2206, 862], ""type"": ""printed"", ""text"": ""Панові Діректорови Першо - фоства""}, {""bbox"": [186, 852, 1863, 945], ""type"": ""printed"", ""text"": ""хатьскої по департаменту Міністер-""}, {""bbox"": [1010, 857, 1860, 984], ""type"": ""printed"", ""text"": ""Департаменту Міністер-""}, {""bbox"": [177, 954, 1415, 1055], ""type"": ""printed"", ""text"": ""суденой падатьк. ства Котиції.""}, {""bbox"": [93, 1105, 825, 1215], ""type"": ""printed"", ""text"": ""Вересня У дня 191 гр...""}, {""bbox"": [315, 1370, 2005, 1481], ""type"": ""printed"", ""text"": ""r. Хараюць. На лист бувжого Діректора Першо-""}, {""bbox"": [601, 1475, 1966, 1594], ""type"": ""printed"", ""text"": ""по Департаменту Міністерства Доти-""}, {""bbox"": [1978, 1543, 2074, 1602], ""type"": ""printed"", ""text"": ""040""}, {""bbox"": [597, 1683, 1938, 1786], ""type"": ""printed"", ""text"": ""4.Ф. під М. ІзВІ повіромляю Вас, що""}, {""bbox"": [599, 1793, 1958, 1890], ""type"": ""printed"", ""text"": ""міський суддя м. Вилкомира, прилучен-""}, {""bbox"": [602, 1903, 1968, 2002], ""type"": ""printed"", ""text"": ""ний до вик. об. мирового судді Вах-""}, {""bbox"": [1985, 1964, 2142, 2032], ""type"": ""printed"", ""text"": ""УДЦІІ""}, {""bbox"": [605, 2010, 1960, 2112], ""type"": ""printed"", ""text"": ""мутської судово-пировові округи ББ-""}, {""bbox"": [602, 2106, 1977, 2219], ""type"": ""printed"", ""text"": ""НВДУКТОВ ЧУ, за час пробування з ков-""}, {""bbox"": [604, 2213, 1913, 2326], ""type"": ""printed"", ""text"": ""тня 1915 року у останньої посаді,""}, {""bbox"": [601, 2316, 1940, 2425], ""type"": ""printed"", ""text"": ""проявляв інтерес до спдави є знан-""}, {""bbox"": [604, 2423, 1913, 2538], ""type"": ""printed"", ""text"": ""ня цівільних та карний законіВ, а""}, {""bbox"": [620, 2536, 1907, 2653], ""type"": ""printed"", ""text"": ""тако-к касаційної практики, але,""}, {""bbox"": [1990, 2588, 2217, 2659], ""type"": ""printed"", ""text"": ""плось,""}]"
4f624032-aeb4-48f6-a773-7e82c872f981.jpg,"[{""bbox"": [2367, 224, 2572, 417], ""type"": ""annotation"", ""text"": ""12.""}, {""bbox"": [1692, 415, 2189, 500], ""type"": ""printed"", ""text"": ""Прата 24/XII - 2%.""}, {""bbox"": [677, 598, 800, 652], ""type"": ""printed"", ""text"": ""по То""}, {""bbox"": [868, 788, 2435, 878], ""type"": ""printed"", ""text"": ""Маємо честь просити Вас не одновитусь дриняти хат-""}, {""bbox"": [695, 894, 2435, 987], ""type"": ""printed"", ""text"": ""наву участь у пристельноюю у~~ перетноворічньому зібранні,""}, {""bbox"": [675, 988, 2399, 1092], ""type"": ""printed"", ""text"": ""за шкланкою цемо, в суботу, зІ грудня РРФР, 0к в го ТО""}, {""bbox"": [687, 1130, 1056, 1191], ""type"": ""printed"", ""text"": ""гот. ветора.""}, {""bbox"": [863, 1214, 1649, 1295], ""type"": ""printed"", ""text"": ""На зібрання запрошуються:""}, {""bbox"": [806, 1297, 2414, 1400], ""type"": ""printed"", ""text"": ""I. Улени і співробітники Українського Інституту Гро-""}, {""bbox"": [688, 1423, 1563, 1507], ""type"": ""printed"", ""text"": ""малознавства і кого установ;""}, {""bbox"": [784, 1513, 2339, 1609], ""type"": ""printed"", ""text"": ""2. Професори, лекторський персонам і співробітники""}, {""bbox"": [698, 1620, 1861, 1717], ""type"": ""printed"", ""text"": ""Українського Робітничог Університету;""}, {""bbox"": [818, 1718, 2405, 1826], ""type"": ""printed"", ""text"": ""3. Улени нерувцих органів Українського Громатись гу""}, {""bbox"": [698, 1847, 1255, 1925], ""type"": ""printed"", ""text"": ""Видавниюто Донку;""}, {""bbox"": [818, 1942, 1748, 2029], ""type"": ""printed"", ""text"": ""1. Улени Українського Комітету""}, {""bbox"": [804, 2035, 2373, 2134], ""type"": ""printed"", ""text"": ""5. Улени В-Ва \""Вільна Спідка\"" і спевробітники \""Но-""}, {""bbox"": [694, 2170, 1097, 2238], ""type"": ""printed"", ""text"": ""вої України\""""}, {""bbox"": [882, 2265, 1776, 2355], ""type"": ""printed"", ""text"": ""Чай - на товариських основич.""}, {""bbox"": [878, 2372, 2048, 2452], ""type"": ""printed"", ""text"": ""Про місце вібрання пофідомним лівніше.""}, {""bbox"": [887, 2470, 2380, 2561], ""type"": ""printed"", ""text"": ""Проских не одмовити сповіститу дніціятивний гур-""}, {""bbox"": [879, 2550, 2403, 2683], ""type"": ""printed"", ""text"": ""Рчава Т. Ингаріпднявих. Начий на прибу-""}, {""bbox"": [702, 2692, 1512, 2780], ""type"": ""printed"", ""text"": ""мете Ви участь у зібранні.""}, {""bbox"": [1514, 2900, 2082, 2965], ""type"": ""printed"", ""text"": ""З глибоною повагоє""}, {""bbox"": [1536, 2997, 2255, 3077], ""type"": ""printed"", ""text"": ""За, Ініціятивний гурток.""}, {""bbox"": [1656, 3075, 2462, 3180], ""type"": ""printed"", ""text"": ""Др Мевентрих""}]"
27ef34c2-c89a-4117-9e6a-b497c961735c.jpg,"[{""bbox"": [211, 201, 843, 273], ""type"": ""printed"", ""text"": ""АКАдЕМНА ГРОМаДА""}, {""bbox"": [2166, 152, 2343, 317], ""type"": ""annotation"", ""text"": ""58""}, {""bbox"": [183, 265, 878, 487], ""type"": ""image"", ""text"": """"}, {""bbox"": [203, 567, 940, 646], ""type"": ""printed"", ""text"": ""Прага, 10 жовтня 1926 -""}, {""bbox"": [1157, 820, 1232, 882], ""type"": ""printed"", ""text"": ""До""}, {""bbox"": [819, 967, 2068, 1047], ""type"": ""printed"", ""text"": ""Хвальної Дирекції українського Інституту""}, {""bbox"": [1227, 1085, 1697, 1148], ""type"": ""printed"", ""text"": ""і ромадознавства""}, {""bbox"": [987, 1358, 2307, 1448], ""type"": ""printed"", ""text"": ""Рада I.A.Р. в ЧСР., рвидів уластувати Свято""}, {""bbox"": [824, 1455, 1857, 1558], ""type"": ""printed"", ""text"": ""\""пирвого падолюта\""""}, {""bbox"": [380, 1561, 2397, 1655], ""type"": ""printed"", ""text"": ""і видкосити до улютими зого Сияти  всі українські, Потанови та""}, {""bbox"": [375, 1677, 1040, 1759], ""type"": ""printed"", ""text"": ""Одганізації в Празві -""}, {""bbox"": [901, 1765, 2340, 1866], ""type"": ""printed"", ""text"": ""В Рів тіли прошемо маскаво виспати Ватах доль-""}, {""bbox"": [372, 1869, 2440, 1977], ""type"": ""printed"", ""text"": ""гатів ли конотитурею засідали в мітету, яко дільудется в чатимую""}, {""bbox"": [369, 1981, 2475, 2090], ""type"": ""printed"", ""text"": ""деня 15 ковтри д., 0. гол. Ш - ій, в долінці І.А. Т. на Снішові, Диї-""}, {""bbox"": [366, 2089, 1407, 2184], ""type"": ""printed"", ""text"": ""хівский пивовар, вуд. Перемлі! -""}, {""bbox"": [1069, 2294, 1579, 2761], ""type"": ""image"", ""text"": """"}, {""bbox"": [1911, 2608, 2331, 2763], ""type"": ""image"", ""text"": """"}]"
068ff756-0ff6-43d4-b6c4-bce168837290.jpg,"[{""bbox"": [28, 87, 1465, 191], ""type"": ""handwritten"", ""text"": ""Виникає питання - чим те диктується, не""}, {""bbox"": [26, 167, 1466, 265], ""type"": ""handwritten"", ""text"": ""напривнах такий длакт, але на предло якен-""}, {""bbox"": [26, 235, 1460, 334], ""type"": ""handwritten"", ""text"": ""ні впочива дідатичени люнцість фіганфо-""}, {""bbox"": [26, 304, 1465, 405], ""type"": ""handwritten"", ""text"": ""зовання нових щоч віністерство умали""}, {""bbox"": [26, 377, 1464, 477], ""type"": ""handwritten"", ""text"": ""ло офіанізнвати 15 народню шків і ито Ів тесь.""}, {""bbox"": [26, 449, 1427, 554], ""type"": ""handwritten"", ""text"": ""ких і н русокиї (українетиц\"" От чи для""}, {""bbox"": [26, 531, 1448, 632], ""type"": ""handwritten"", ""text"": ""1. 40 дітей українських що на 1928 рік було""}, {""bbox"": [26, 610, 1463, 710], ""type"": ""handwritten"", ""text"": ""поращаною - Н шкож і для 1226 геських дічаси""}, {""bbox"": [26, 681, 1465, 784], ""type"": ""handwritten"", ""text"": ""- І щків. Так можна булю думати. Зви-""}, {""bbox"": [26, 758, 1465, 859], ""type"": ""handwritten"", ""text"": ""гайно не дуже то радісно. Але це сим-""}, {""bbox"": [26, 836, 1465, 946], ""type"": ""handwritten"", ""text"": ""ніше атаг кови отвертими Очіма йovka-""}, {""bbox"": [27, 918, 1389, 1026], ""type"": ""handwritten"", ""text"": ""немо на дрійсність. Помимо того, що""}, {""bbox"": [29, 1002, 1463, 1119], ""type"": ""handwritten"", ""text"": ""ца дрійсність з першою м погляду каше""}, {""bbox"": [28, 1090, 1464, 1199], ""type"": ""handwritten"", ""text"": ""про абсудність нашето прифоломення""}, {""bbox"": [27, 1173, 1465, 1286], ""type"": ""handwritten"", ""text"": ""вона кометантув каж розв'яза атрову""}, {""bbox"": [28, 1255, 1464, 1372], ""type"": ""handwritten"", ""text"": ""простима факти� камучи, що \""Рень-""}, {""bbox"": [31, 1343, 1415, 1455], ""type"": ""handwritten"", ""text"": ""Татом послідниці прошльки в гервні""}, {""bbox"": [33, 1426, 1398, 1533], ""type"": ""handwritten"", ""text"": ""4.р. аана міністра шківництва""}, {""bbox"": [36, 1508, 1463, 1635], ""type"": ""handwritten"", ""text"": ""по Підрафитатно, чить отворення но-""}, {""bbox"": [37, 1599, 1453, 1718], ""type"": ""handwritten"", ""text"": ""вих 11 чеськиї щоїх на шсто зкраїн.""}, {""bbox"": [42, 1694, 631, 1792], ""type"": ""handwritten"", ""text"": ""ських селах \""не~~""}, {""bbox"": [42, 1800, 1344, 1906], ""type"": ""handwritten"", ""text"": ""4) \""Окотка\"" - Ут.щ. 429г. 32~~Коред\"" 4 на д. 17-""}]"
4a02ea8b-1756-4ed4-92e2-e72e642e9ed9.jpg,"[{""bbox"": [2060, 33, 2270, 231], ""type"": ""annotation"", ""text"": ""11""}, {""bbox"": [1570, 198, 2101, 269], ""type"": ""printed"", ""text"": ""Прата [0/XII - 1988%.""}, {""bbox"": [184, 410, 1332, 483], ""type"": ""printed"", ""text"": ""до ВП. членів Українціського Інституту""}, {""bbox"": [534, 526, 1016, 585], ""type"": ""printed"", ""text"": ""Грошадознавства.""}, {""bbox"": [1026, 725, 2280, 789], ""type"": ""printed"", ""text"": ""Диренція просить Вас не одновити дескаво""}, {""bbox"": [900, 783, 2282, 845], ""type"": ""printed"", ""text"": ""прибути на установце зібрання неукової коле-""}, {""bbox"": [903, 831, 2279, 898], ""type"": ""printed"", ""text"": ""ЇІ І Гнотитуту. Зібрання відбудеться Іго дього""}, {""bbox"": [221, 879, 476, 937], ""type"": ""printed"", ""text"": ""[�]""}, {""bbox"": [890, 879, 2277, 948], ""type"": ""printed"", ""text"": ""листопаду, в з год. після полудня, В почвинанні""}, {""bbox"": [218, 946, 465, 992], ""type"": ""printed"", ""text"": ""ИКК АІІ ЕМ""}, {""bbox"": [897, 938, 2009, 1010], ""type"": ""printed"", ""text"": ""Інотитуту, Прата ІІЙ, Межикова 4/І І.""}, {""bbox"": [89, 743, 628, 1279], ""type"": ""image"", ""text"": """"}, {""bbox"": [195, 997, 548, 1053], ""type"": ""printed"", ""text"": ""ДЕ SОСЛОдіє =""}, {""bbox"": [233, 1059, 464, 1111], ""type"": ""printed"", ""text"": ""АРГАд Е.""}, {""bbox"": [1432, 1101, 1930, 1159], ""type"": ""printed"", ""text"": ""З повною по ватоє""}, {""bbox"": [1487, 1197, 1989, 1262], ""type"": ""printed"", ""text"": ""Дирокція.""}]"
2cd6b7b0-e0b1-4459-b39f-1dda4134fb57.jpg,"[{""bbox"": [1142, 93, 2386, 289], ""type"": ""annotation"", ""text"": ""Чо. Укр: Ікси:. Оксадозговства""}, {""bbox"": [217, 188, 444, 244], ""type"": ""printed"", ""text"": ""C ∠D 3""}, {""bbox"": [2213, 218, 2331, 378], ""type"": ""annotation"", ""text"": ""70""}, {""bbox"": [191, 288, 541, 350], ""type"": ""printed"", ""text"": ""УКРАІНСБКих""}, {""bbox"": [129, 384, 683, 459], ""type"": ""printed"", ""text"": ""організаций в ЧСР.""}, {""bbox"": [129, 469, 718, 591], ""type"": ""printed"", ""text"": "". В|~~А...... 1926~~ д.""}, {""bbox"": [1120, 646, 2410, 725], ""type"": ""printed"", ""text"": ""Паскаво прошу підислати свого кредставники""}, {""bbox"": [888, 742, 2427, 833], ""type"": ""printed"", ""text"": ""на нетайні збори Президії Союз Українських Орга -""}, {""bbox"": [880, 847, 2386, 940], ""type"": ""printed"", ""text"": ""нізації в ЧСР. Амя обміркування справи з замїткою""}, {""bbox"": [874, 963, 1406, 1046], ""type"": ""printed"", ""text"": ""в 4.52 \""Гризуба\"".""}, {""bbox"": [1041, 1070, 2358, 1148], ""type"": ""printed"", ""text"": ""Збори відбудуться у вивторок 16 листопаду""}, {""bbox"": [883, 1163, 2411, 1259], ""type"": ""printed"", ""text"": ""в 2 годині в помешканно Інституту Громадов навства""}, {""bbox"": [876, 1296, 1230, 1357], ""type"": ""printed"", ""text"": ""Шежікова 4.""}, {""bbox"": [1076, 1455, 1326, 1518], ""type"": ""printed"", ""text"": ""Секретар""}, {""bbox"": [892, 1504, 1654, 1587], ""type"": ""printed"", ""text"": ""Союзу Укр. Організ в ЧСР""}, {""bbox"": [1635, 1441, 2199, 1656], ""type"": ""annotation"", ""text"": ""П. Граховити""}]"
f80fca6e-954a-4de1-ac05-465b0b925fb8.jpg,"[{""bbox"": [660, 338, 1715, 447], ""type"": ""handwritten"", ""text"": ""Вельмнановний п Мінстре""}, {""bbox"": [270, 415, 2401, 559], ""type"": ""handwritten"", ""text"": ""Я дістяв III Нашого мира від в/II а свігодні п. Икерам Сексенич,""}, {""bbox"": [251, 523, 2397, 659], ""type"": ""handwritten"", ""text"": ""теле відвійми банку, вругить мені 4 місіона упоровких корон.""}, {""bbox"": [237, 619, 2435, 757], ""type"": ""handwritten"", ""text"": ""Сердешно дякую Ю. Мами ту бори і миємі своїм змєтом лист.""}, {""bbox"": [225, 716, 2447, 858], ""type"": ""handwritten"", ""text"": ""Достанувався я рімчосово в (хотамканню, але думаю , що герез""}, {""bbox"": [224, 816, 2140, 951], ""type"": ""handwritten"", ""text"": ""Якийсь час прибдеться зменити його на більш вуподідне.""}, {""bbox"": [374, 908, 2416, 1059], ""type"": ""handwritten"", ""text"": ""Думаю, п ликатрє, що тої Суми, яку Пи приємоли, буде""}, {""bbox"": [247, 1013, 2411, 1161], ""type"": ""handwritten"", ""text"": ""досить, щоб проїмсти до часу Вашого пулізду а раколи і пере-""}, {""bbox"": [241, 1112, 2397, 1253], ""type"": ""handwritten"", ""text"": ""всери видарнука одеогу тоща. Я цілком солідаючуюсь я""}, {""bbox"": [240, 1213, 2384, 1346], ""type"": ""handwritten"", ""text"": ""Вами, що умовини дальшого могопоребування кодкраще буде""}, {""bbox"": [240, 1311, 2407, 1440], ""type"": ""handwritten"", ""text"": ""полагодити під час персонального побачення звоми. В своєму""}, {""bbox"": [239, 1409, 2431, 1542], ""type"": ""handwritten"", ""text"": ""потередобому листі від 3/г) а, видно з кашами метамш, акі стети.""}, {""bbox"": [229, 1510, 2406, 1646], ""type"": ""handwritten"", ""text"": ""вад ще герез ра Лукасовича з Маршаві, дикловлював побажання""}, {""bbox"": [221, 1603, 2414, 1743], ""type"": ""handwritten"", ""text"": ""скорого побачення звами я буда Пешер. Але мені дуже кодить остан""}, {""bbox"": [233, 1704, 2405, 1848], ""type"": ""handwritten"", ""text"": ""Вишого здоров'я, а тому прошу не перефевати Кужа лінування.""}, {""bbox"": [240, 1798, 2423, 1951], ""type"": ""handwritten"", ""text"": ""Радий буду бачити Вас. кожи воно покращає і дозволить Волівід""}, {""bbox"": [271, 1922, 1229, 2043], ""type"": ""handwritten"", ""text"": ""бути подороги то б-Пошту.""}, {""bbox"": [315, 2004, 2400, 2142], ""type"": ""handwritten"", ""text"": ""Тимчасом шкатиму від піос тих книмокураєшть якиї я докр-""}, {""bbox"": [265, 2105, 2404, 2245], ""type"": ""handwritten"", ""text"": ""ша до мого потередсько листа Кониба щось трапилісь Ці-""}, {""bbox"": [256, 2203, 2406, 2344], ""type"": ""handwritten"", ""text"": ""кового з обсягу покаричнога якціта і варточоували, плиніство""}, {""bbox"": [262, 2304, 2394, 2441], ""type"": ""handwritten"", ""text"": ""пето, ласкавий буде подіклитися до мною як ковинами, так""}, {""bbox"": [277, 2398, 2411, 2539], ""type"": ""handwritten"", ""text"": ""і своїми мукуваннями. Укриводуних. З окрома цікавлять""}, {""bbox"": [284, 2499, 2393, 2651], ""type"": ""handwritten"", ""text"": ""мене ковини від Дра Ф. Споль-спочувкого, діяляжість якожу""}, {""bbox"": [228, 2601, 2414, 2757], ""type"": ""handwritten"", ""text"": ""зогладу на приход до елази Добурничого фряду, хоч мате й усклаї-""}, {""bbox"": [214, 2715, 1516, 2837], ""type"": ""handwritten"", ""text"": ""питься, але тим більше є потрібного.""}, {""bbox"": [239, 2802, 2397, 2941], ""type"": ""handwritten"", ""text"": ""Свої міркування що до бавдах нашого спільноє праці бовішкаю""}, {""bbox"": [234, 2899, 2384, 3057], ""type"": ""handwritten"", ""text"": ""до персотального Поівачення з Воли, колл докладніше можно,""}]"
9d61eae3-3d2e-483e-9e77-a2d0941e2125.jpg,"[{""bbox"": [187, 140, 1021, 219], ""type"": ""printed"", ""text"": ""НЕУУ УКРАЗнський""}, {""bbox"": [525, 137, 936, 197], ""type"": ""printed"", ""text"": ""український""}, {""bbox"": [1444, 138, 2061, 211], ""type"": ""printed"", ""text"": ""АКК НА) ІНЕКу""}, {""bbox"": [198, 167, 1169, 275], ""type"": ""printed"", ""text"": ""пєдагатичний кспитут""}, {""bbox"": [1447, 188, 2242, 269], ""type"": ""printed"", ""text"": ""РЕДАООдіску їбТА""}, {""bbox"": [2213, 196, 2442, 386], ""type"": ""annotation"", ""text"": ""1322""}, {""bbox"": [418, 297, 932, 357], ""type"": ""printed"", ""text"": ""миханда драгоманова""}, {""bbox"": [1571, 294, 2149, 372], ""type"": ""printed"", ""text"": ""муснизий дКНН ОМАМ ДН""}, {""bbox"": [588, 351, 758, 396], ""type"": ""printed"", ""text"": ""У ПРАВІ""}, {""bbox"": [1774, 354, 1955, 401], ""type"": ""printed"", ""text"": ""V PR ZЕ.""}, {""bbox"": [1382, 539, 2301, 622], ""type"": ""printed"", ""text"": ""прага лий. ІІГ.Іня 1928 р.""}, {""bbox"": [181, 595, 662, 658], ""type"": ""printed"", ""text"": ""Відпопіваючи, подайте це  часло.""}, {""bbox"": [1393, 601, 1643, 649], ""type"": ""printed"", ""text"": ""PR CHA ||A dx""}, {""bbox"": [178, 692, 487, 748], ""type"": ""printed"", ""text"": ""Відповіть на 4""}, {""bbox"": [695, 705, 808, 749], ""type"": ""printed"", ""text"": ""3 дня""}, {""bbox"": [1418, 830, 2128, 898], ""type"": ""printed"", ""text"": ""Високоповажаний Пане""}, {""bbox"": [1675, 943, 2024, 1023], ""type"": ""printed"", ""text"": ""Дуректоре!""}, {""bbox"": [1081, 1172, 2413, 1263], ""type"": ""printed"", ""text"": ""Ректорат Українського ПедагаточічкоГо Ти-""}, {""bbox"": [856, 1276, 2432, 1359], ""type"": ""printed"", ""text"": ""отитуту ім. М. Драгонавова у Праві прохає Вас""}, {""bbox"": [853, 1358, 2441, 1460], ""type"": ""printed"", ""text"": ""впанувати своєх присутністю вечір творів україн-""}, {""bbox"": [843, 1460, 2384, 1560], ""type"": ""printed"", ""text"": ""свкого комповитора Щиколи Лисенка, до Інститут""}, {""bbox"": [842, 1568, 2328, 1655], ""type"": ""printed"", ""text"": ""улантовує з нагоди 15-літньої річниці з єм""}, {""bbox"": [848, 1654, 2449, 1759], ""type"": ""printed"", ""text"": ""омерти М. Люванка в залі Інелецкої Веседи в  Пра-""}, {""bbox"": [853, 1756, 2437, 1856], ""type"": ""printed"", ""text"": ""31 ІІГІ, Веседні зул. 4. 441. дня 54. січна б.р.""}, {""bbox"": [849, 1880, 1218, 1944], ""type"": ""printed"", ""text"": ""8 год. 864.""}, {""bbox"": [1254, 2098, 2117, 2292], ""type"": ""annotation"", ""text"": ""Роктор. Ар Нікович""}, {""bbox"": [432, 2709, 2320, 2806], ""type"": ""printed"", ""text"": ""В.П. Укракторові Унраїнського Інстуту Грокадовнавства""}, {""bbox"": [649, 2807, 1419, 2896], ""type"": ""printed"", ""text"": ""в Празі М. ТАЙОВЛО ВТ.""}]"
a727ba9c-9beb-4f9e-81fd-67cf74fc5069.jpg,"[{""bbox"": [2166, 54, 2344, 260], ""type"": ""annotation"", ""text"": ""46""}, {""bbox"": [1260, 562, 2393, 689], ""type"": ""printed"", ""text"": ""До Вельшинановного Доородія. \""Микити""}, {""bbox"": [1260, 667, 2070, 771], ""type"": ""printed"", ""text"": ""... Шаповала""}, {""bbox"": [813, 1101, 1563, 1181], ""type"": ""printed"", ""text"": ""Вольший ановниЙ Добраціюю!""}, {""bbox"": [470, 1234, 2132, 1335], ""type"": ""printed"", ""text"": ""Приступаючи до видання періодичного органу \""Українське""}, {""bbox"": [317, 1336, 2139, 1443], ""type"": ""printed"", ""text"": ""Диття\"" алиіністрація має за дану зпросити вж на редокцийну""}, {""bbox"": [316, 1433, 2173, 1538], ""type"": ""printed"", ""text"": ""\""ШКлянку ЧАМ\"", яка мев відбутися в Подобрадах 29. ЇІІ. 26 року""}, {""bbox"": [331, 1528, 1728, 1637], ""type"": ""printed"", ""text"": ""в помешкатні. Октелю Ценєриль\"" в З гої. дня""}, {""bbox"": [388, 1635, 2194, 1735], ""type"": ""printed"", ""text"": ""В оганку на загельно-звировальйну ваклавість роспочинаємої""}, {""bbox"": [323, 1747, 1504, 1835], ""type"": ""printed"", ""text"": ""нами справи просимо п~~рибути обʼязко.""}, {""bbox"": [482, 1837, 2115, 1935], ""type"": ""printed"", ""text"": ""Запроомим родіслані найбільш видатним неди громадянем""}, {""bbox"": [310, 1968, 682, 2024], ""type"": ""printed"", ""text"": ""персднально.""}, {""bbox"": [966, 2234, 2025, 2327], ""type"": ""printed"", ""text"": ""Просимо прийняти запевнення в нашів""}, {""bbox"": [660, 2346, 1396, 2426], ""type"": ""printed"", ""text"": ""найтлибшій це Вас помані""}, {""bbox"": [1309, 2446, 2194, 2565], ""type"": ""printed"", ""text"": ""Микола Лийвицькип""}, {""bbox"": [1332, 2568, 1944, 2690], ""type"": ""handwritten"", ""text"": ""писитични""}, {""bbox"": [326, 2655, 809, 2726], ""type"": ""printed"", ""text"": ""2II. УІ. 26 року.""}, {""bbox"": [1414, 2635, 2046, 2871], ""type"": ""annotation"", ""text"": ""Мудина""}, {""bbox"": [327, 2753, 817, 2831], ""type"": ""printed"", ""text"": ""Подмебради-Мазнє.""}]"
26b25869-e0e6-486e-a7bd-ebe8433cc1ae.jpg,"[{""bbox"": [944, 44, 1020, 84], ""type"": ""annotation"", ""text"": ""№ 4.""}, {""bbox"": [135, 164, 499, 216], ""type"": ""handwritten"", ""text"": ""Український губерніялониЙ""}, {""bbox"": [225, 226, 360, 270], ""type"": ""handwritten"", ""text"": ""Копісар""}, {""bbox"": [130, 280, 501, 339], ""type"": ""handwritten"", ""text"": ""Квітня 28 дня 1919 року""}, {""bbox"": [557, 284, 959, 337], ""type"": ""handwritten"", ""text"": ""Командуючому Північною""}, {""bbox"": [236, 343, 308, 380], ""type"": ""handwritten"", ""text"": ""7.7""}, {""bbox"": [546, 335, 957, 392], ""type"": ""handwritten"", ""text"": ""груною війсок У.Н. Р.""}, {""bbox"": [202, 401, 358, 438], ""type"": ""handwritten"", ""text"": ""м. Рівне.""}, {""bbox"": [533, 397, 866, 447], ""type"": ""handwritten"", ""text"": ""Отаману Оскілко.""}, {""bbox"": [209, 564, 1029, 633], ""type"": ""handwritten"", ""text"": ""Начальник міліцій II грайону Острінського""}, {""bbox"": [142, 622, 1016, 689], ""type"": ""handwritten"", ""text"": ""Повіту, поведомив мене, що вїкславі гастини,""}, {""bbox"": [142, 682, 1056, 748], ""type"": ""handwritten"", ""text"": ""пераїзонаючи через м. Гощи, вимагачаєть від яврема""}, {""bbox"": [139, 739, 1044, 807], ""type"": ""handwritten"", ""text"": ""ського похалення контрибуцію, як грійшими, так""}, {""bbox"": [137, 797, 1044, 868], ""type"": ""handwritten"", ""text"": ""і одсоною, загорижують напраман, три чаму були вио""}, {""bbox"": [138, 856, 1043, 928], ""type"": ""handwritten"", ""text"": ""подки гробування. Настерій населеннія дуже первоз-""}, {""bbox"": [138, 917, 728, 974], ""type"": ""handwritten"", ""text"": ""ний з огляду на болошав. ноступ.""}, {""bbox"": [204, 970, 1043, 1038], ""type"": ""handwritten"", ""text"": ""Про вище зазначена навіданням Вже для необо""}, {""bbox"": [141, 1031, 1022, 1099], ""type"": ""handwritten"", ""text"": ""хідних з Вашого боку расноряджень. При сеоліу.""}, {""bbox"": [142, 1089, 1058, 1156], ""type"": ""handwritten"", ""text"": ""подсилаю також колію відношення Міністора""}, {""bbox"": [144, 1145, 697, 1207], ""type"": ""handwritten"", ""text"": ""Евренських Справ за 7. 185""}, {""bbox"": [288, 1202, 1022, 1269], ""type"": ""handwritten"", ""text"": ""губерніхнання Канїсар (підписав) Єумпевич""}, {""bbox"": [322, 1264, 1007, 1328], ""type"": ""handwritten"", ""text"": ""Підське за укравляючого Канцельзією""}, {""bbox"": [411, 1366, 814, 1427], ""type"": ""handwritten"", ""text"": ""З орігіналом згидно""}, {""bbox"": [393, 1421, 874, 1486], ""type"": ""handwritten"", ""text"": ""За ділов інформ віду""}, {""bbox"": [461, 1480, 839, 1545], ""type"": ""handwritten"", ""text"": ""8. Швольд 1921""}]"
19b47e1f-1439-4c6d-84e3-762aae6ec1f1.jpg,"[{""bbox"": [243, 99, 581, 159], ""type"": ""printed"", ""text"": ""Український""}, {""bbox"": [1155, 94, 1492, 160], ""type"": ""printed"", ""text"": ""Икгарівку);""}, {""bbox"": [79, 160, 742, 229], ""type"": ""printed"", ""text"": ""Громадський ВидавничиЙ""}, {""bbox"": [989, 160, 1651, 231], ""type"": ""printed"", ""text"": ""Нготабу); Губатуй (у;""}, {""bbox"": [744, 93, 1018, 419], ""type"": ""image"", ""text"": """"}, {""bbox"": [84, 297, 737, 368], ""type"": ""printed"", ""text"": ""Правління: Ргава II,""}, {""bbox"": [999, 297, 1589, 366], ""type"": ""printed"", ""text"": ""Ріодачень - V0: Ргана з""}, {""bbox"": [1566, 303, 1681, 475], ""type"": ""annotation"", ""text"": ""79""}, {""bbox"": [77, 426, 1665, 520], ""type"": ""printed"", ""text"": ""P05II. абчена: Ргана-Vчяютісь є.65. Созковʾтелько""}, {""bbox"": [878, 617, 1388, 691], ""type"": ""printed"", ""text"": ""Прага, 24. XI. 26.""}, {""bbox"": [469, 817, 1546, 895], ""type"": ""printed"", ""text"": ""До члема Надвірної Ради У.Г.В.Д.""}, {""bbox"": [477, 887, 1512, 1006], ""type"": ""printed"", ""text"": ""⋅М. Ю. Шапована""}, {""bbox"": [1038, 1010, 1521, 1115], ""type"": ""handwritten"", ""text"": ""3. Празі...""}, {""bbox"": [277, 1169, 1665, 1266], ""type"": ""printed"", ""text"": ""Правління У.Г.В. В. щає честв просити пли-""}, {""bbox"": [136, 1268, 1668, 1364], ""type"": ""printed"", ""text"": ""бути на спільне засідання Правдінна і Нарвір-""}, {""bbox"": [123, 1366, 1689, 1475], ""type"": ""printed"", ""text"": ""ної Ради, яке має відбутись 30 листопада 1926 р.""}, {""bbox"": [122, 1475, 1666, 1573], ""type"": ""printed"", ""text"": ""0 №4-й год. в помешканні Правціння (Прита їІ,""}, {""bbox"": [131, 1581, 628, 1660], ""type"": ""printed"", ""text"": ""Краковська, Ю).""}, {""bbox"": [387, 1698, 913, 1771], ""type"": ""printed"", ""text"": ""Порядок денний:""}, {""bbox"": [259, 1790, 1280, 1884], ""type"": ""printed"", ""text"": ""I) Інформаційний звіт Правцизния""}, {""bbox"": [250, 1890, 1594, 1984], ""type"": ""printed"", ""text"": ""2) ПроскТ змін адмфістрафивних виратків""}, {""bbox"": [254, 1998, 1349, 2088], ""type"": ""printed"", ""text"": ""3) Вікучі справи і відьнівнески""}, {""bbox"": [960, 2116, 1446, 2191], ""type"": ""printed"", ""text"": ""Правління УТВД""}, {""bbox"": [249, 2194, 1568, 2299], ""type"": ""printed"", ""text"": ""Прага, 24 пистопац М. Галиках. (""}, {""bbox"": [523, 2318, 665, 2383], ""type"": ""printed"", ""text"": ""1926""}, {""bbox"": [1118, 2200, 1735, 2547], ""type"": ""annotation"", ""text"": ""утілив""}]"
8c457781-c5c3-4648-90d3-22c5c95d2abf.jpg,"[{""bbox"": [1942, 193, 2079, 355], ""type"": ""annotation"", ""text"": ""61""}, {""bbox"": [307, 377, 1822, 456], ""type"": ""printed"", ""text"": ""Ров. \""Рективаннямим притимерентами витанши на війкатий нима неракамататія ніютиктька по�""}, {""bbox"": [425, 561, 2217, 649], ""type"": ""printed"", ""text"": ""Вапрощується Вас на товариські сходини відділу""}, {""bbox"": [334, 655, 2190, 753], ""type"": ""printed"", ""text"": ""ВОЛСР котрі відбудуться в субот; в двого листонаду""}, {""bbox"": [352, 755, 2216, 854], ""type"": ""printed"", ""text"": ""о з годині дня в помешканню ікраїнського ї нстатуту""}, {""bbox"": [330, 870, 1570, 954], ""type"": ""printed"", ""text"": ""Громадовнаєства, Пенікова. 1/ІІ""}, {""bbox"": [558, 975, 1680, 1058], ""type"": ""printed"", ""text"": ""Порядок денний: Вікучі справи.""}, {""bbox"": [1647, 1120, 2025, 1202], ""type"": ""printed"", ""text"": ""1/XII 1926.""}, {""bbox"": [1088, 1286, 1693, 1362], ""type"": ""printed"", ""text"": ""ІІ РЕЗНАІ IА.""}]"
4fd37fb0-ca93-47fd-b836-5f2ca7d77a5d.jpg,"[{""bbox"": [96, 45, 313, 336], ""type"": ""annotation"", ""text"": ""14ов""}, {""bbox"": [965, 434, 1236, 503], ""type"": ""printed"", ""text"": ""Статут""}, {""bbox"": [400, 523, 1829, 614], ""type"": ""printed"", ""text"": ""Комітету для вийднування памяти прогр. Володумира КОВЛІЯ.""}, {""bbox"": [435, 602, 1814, 692], ""type"": ""printed"", ""text"": ""5. 1. Метою Комітету являється вищання підмяти небільшим""}, {""bbox"": [396, 678, 500, 717], ""type"": ""printed"", ""text"": ""проф""}, {""bbox"": [487, 704, 1101, 771], ""type"": ""printed"", ""text"": ""Аля цього Комітет дбає про:""}, {""bbox"": [493, 747, 1802, 825], ""type"": ""printed"", ""text"": ""а) абірання матеріалія з миття й дівцяльмости небичика, підповічне їх упо-""}, {""bbox"": [511, 819, 1810, 900], ""type"": ""printed"", ""text"": ""б) аласнення та реє трацію дітературних прадь небільшиця, як по стецт-""}, {""bbox"": [508, 924, 1814, 1001], ""type"": ""printed"", ""text"": ""в) наглення раді небільшики як ученого та практичновог� діяча в серері""}, {""bbox"": [501, 986, 1816, 1077], ""type"": ""printed"", ""text"": ""г) упорадувалив мовирства не більше та ліквідацію рахунків, екоханних в""}, {""bbox"": [494, 1067, 1816, 1152], ""type"": ""printed"", ""text"": ""а перенія на Україну тлінних останків небілечина, коли для того скла-""}, {""bbox"": [452, 1141, 1817, 1225], ""type"": ""printed"", ""text"": ""є) перенедення ксакої инший роботи, звезаноюї, а осконним завзиннени""}, {""bbox"": [486, 1225, 1812, 1315], ""type"": ""printed"", ""text"": ""2. Кошти Комітету складаються в членських висків, добровіль-""}, {""bbox"": [398, 1323, 1831, 1404], ""type"": ""printed"", ""text"": ""5. 3. Уленами Комітету макуть бути організації, установи та по-""}, {""bbox"": [387, 1387, 1815, 1490], ""type"": ""printed"", ""text"": ""одинаці осибу, техноленню дід місця їх перебитування, що возгати віз-""}, {""bbox"": [402, 1488, 1814, 1576], ""type"": ""printed"", ""text"": ""1. Я. Члеш Комітету допомагають презіцій (S) нсіма можли-""}, {""bbox"": [402, 1547, 1816, 1641], ""type"": ""printed"", ""text"": ""вими засобами, для здійснення поставценьї перез Комітетом мети.""}, {""bbox"": [382, 1633, 1820, 1719], ""type"": ""printed"", ""text"": ""котрих кожний цієм має право рівійчаючого голосу.""}, {""bbox"": [374, 1723, 1808, 1815], ""type"": ""printed"", ""text"": ""скарблики та секретара, яка й всеж усю потонну роботу ти люту-""}, {""bbox"": [376, 1813, 1825, 1896], ""type"": ""printed"", ""text"": ""5. 5 7. Загальні збори скликаються в міру потреби преацією і""}, {""bbox"": [374, 1869, 1824, 1981], ""type"": ""printed"", ""text"": ""меликачися продольченим, кажи на підбуде це меншиє не пережіве-""}, {""bbox"": [402, 1948, 1815, 2045], ""type"": ""printed"", ""text"": ""8. 8. Про насліцки схові роботи, як рівно ж і про стан сум, щен""}, {""bbox"": [380, 2023, 1812, 2138], ""type"": ""printed"", ""text"": ""року має докладнє свідомення, шляхом оголішеним в пресі, пів-""}, {""bbox"": [388, 2143, 1821, 2228], ""type"": ""printed"", ""text"": ""зборами обрається ревізіїна комісія. Мажатися заве може тоне-""}, {""bbox"": [393, 2201, 1812, 2307], ""type"": ""printed"", ""text"": ""вішити себе інціальни по патанові загалівих зборія. Комітету, колив""}, {""bbox"": [377, 2310, 1807, 2396], ""type"": ""printed"", ""text"": ""себе зна неБудь агропомічна, кооператина. а бо тромаяська організація.""}, {""bbox"": [702, 2382, 1810, 2463], ""type"": ""printed"", ""text"": ""Голока загальних зборів Комітету для виглнування""}, {""bbox"": [689, 2437, 1783, 2528], ""type"": ""printed"", ""text"": ""памяти прогр. Володимира Ковали Вікт. Йоманцізький.""}, {""bbox"": [563, 2551, 1803, 2636], ""type"": ""printed"", ""text"": ""Фунзатори: Прогр. К. Мацієми, Пект. Вікт Даманцький,""}, {""bbox"": [504, 2606, 1801, 2686], ""type"": ""printed"", ""text"": ""Микола Литинцький, Б. Залепській. П. Рибак, Я. Набельсьkким.""}, {""bbox"": [432, 2676, 801, 2737], ""type"": ""printed"", ""text"": ""19. III. 1928 року""}]"
8f730993-8a0f-436f-b56a-e710851adad4.jpg,"[{""bbox"": [272, 107, 1092, 170], ""type"": ""handwritten"", ""text"": ""З Гащи - по прямому Дроту Конія паншії""}, {""bbox"": [266, 168, 787, 223], ""type"": ""handwritten"", ""text"": ""18% 4 Квітня 1919 р. 101 год. веч.""}, {""bbox"": [236, 283, 1044, 341], ""type"": ""handwritten"", ""text"": ""Протись рейської агитаціїне було. Магля непоє""}, {""bbox"": [160, 340, 1009, 403], ""type"": ""handwritten"", ""text"": ""разуміння. Вчера вегерон було непорадуменн�я з""}, {""bbox"": [161, 399, 1066, 464], ""type"": ""handwritten"", ""text"": ""боку діловода другого закоріжаються курїння, іме є""}, {""bbox"": [163, 458, 1066, 519], ""type"": ""handwritten"", ""text"": ""ни Петмори і ліже сврехти. Діловод зайшов""}, {""bbox"": [162, 515, 1075, 579], ""type"": ""handwritten"", ""text"": ""до місцевого еврах-Дувида Ученика, посидів тра-""}, {""bbox"": [162, 571, 1035, 636], ""type"": ""handwritten"", ""text"": ""хи, потім взяв лосму й нійшов дивнішає""}, {""bbox"": [162, 629, 1066, 694], ""type"": ""handwritten"", ""text"": ""но кімнаших, вернування наукод, сів. біля сталк,""}, {""bbox"": [157, 690, 1031, 750], ""type"": ""handwritten"", ""text"": ""дали наму голо; нивши чай, він вийнів, том""}, {""bbox"": [159, 746, 1069, 809], ""type"": ""handwritten"", ""text"": ""поклав біль себе самопаст. Швагро цього Дуви-""}, {""bbox"": [158, 803, 1044, 868], ""type"": ""handwritten"", ""text"": ""да Уконика, зауваживши щось недобре, вийшови у""}, {""bbox"": [164, 864, 1033, 927], ""type"": ""handwritten"", ""text"": ""містечки, зробив говалт, ніоля чого збіглося""}, {""bbox"": [166, 920, 1046, 980], ""type"": ""handwritten"", ""text"": ""багато людей, обезбраїни його свреї, нісля гога""}, {""bbox"": [165, 979, 1056, 1040], ""type"": ""handwritten"", ""text"": ""1/b-11 взав міліціонерів, привія цього делавова до""}, {""bbox"": [164, 1034, 1061, 1100], ""type"": ""handwritten"", ""text"": ""кацельрії; розібравшись й з приводу перохання""}, {""bbox"": [167, 1093, 1072, 1158], ""type"": ""handwritten"", ""text"": ""населення - свреї відпустим його. Спогодня-ж приє""}, {""bbox"": [170, 1154, 1072, 1215], ""type"": ""handwritten"", ""text"": ""їхало Я кодаків того куріння, ходили по містячку,""}, {""bbox"": [170, 1211, 1074, 1272], ""type"": ""handwritten"", ""text"": ""агитації не вели, а нісльки навали каніку пільм,""}, {""bbox"": [175, 1268, 1084, 1334], ""type"": ""handwritten"", ""text"": ""що кінули дві бамби за містечном, щовони яко""}, {""bbox"": [176, 1327, 1077, 1392], ""type"": ""handwritten"", ""text"": ""-би вітликом пробували чи не зіклувського поо""}, {""bbox"": [167, 1386, 1055, 1447], ""type"": ""handwritten"", ""text"": ""рах. Зараз цих наЗаків у Гаці нема. Поїхали""}, {""bbox"": [171, 1441, 1058, 1503], ""type"": ""handwritten"", ""text"": ""в село Краснолінся, котра від гащи - 4-вер.,""}, {""bbox"": [168, 1497, 1068, 1564], ""type"": ""handwritten"", ""text"": ""за самаю. Має надію, що будуть вертис""}, {""bbox"": [172, 1556, 1096, 1623], ""type"": ""handwritten"", ""text"": ""інись через Гощу й можуть утворити багатеж""}, {""bbox"": [168, 1614, 1105, 1680], ""type"": ""handwritten"", ""text"": ""Канандір того пуріня, Гоерціав прохав сьогодня""}, {""bbox"": [160, 1670, 1070, 1739], ""type"": ""handwritten"", ""text"": ""зробити трус, між населенням, зброї, та що""}]"
1b9c2bc8-98cf-46e8-8e05-70821257960b.jpg,"[{""bbox"": [851, 0, 1158, 66], ""type"": ""annotation"", ""text"": ""~~До~~ Дірівача""}, {""bbox"": [12, 35, 1207, 160], ""type"": ""handwritten"", ""text"": ""- я прийму це, як необхідна, й зможу""}, {""bbox"": [22, 127, 1195, 243], ""type"": ""handwritten"", ""text"": ""скіннити Китта без нардізанняй""}, {""bbox"": [22, 211, 1198, 323], ""type"": ""handwritten"", ""text"": ""я лігив. — ОТвол привда тим часом:""}, {""bbox"": [25, 295, 1195, 405], ""type"": ""handwritten"", ""text"": ""я таки давно хочу містда на дви-тори""}, {""bbox"": [30, 371, 1201, 491], ""type"": ""handwritten"", ""text"": ""в яким за вила, мопиту касу і тіш.""}, {""bbox"": [33, 454, 1192, 568], ""type"": ""handwritten"", ""text"": ""Вим лізом опробую. ІІВ полюті... Яку""}, {""bbox"": [36, 537, 1206, 652], ""type"": ""handwritten"", ""text"": ""сину робот я вже бачумав! Яку силу я""}, {""bbox"": [37, 625, 1220, 727], ""type"": ""handwritten"", ""text"": ""почуваю зараз, Коли обсумую їх. Мис""}, {""bbox"": [34, 707, 1215, 817], ""type"": ""handwritten"", ""text"": ""навлишен не базусь за їх, щоб виносились""}, {""bbox"": [29, 790, 1231, 902], ""type"": ""handwritten"", ""text"": ""в мене, щоб бомі, як стиглі еблоко,""}, {""bbox"": [26, 878, 1215, 993], ""type"": ""handwritten"", ""text"": ""випали звуши течнер. Стісться""}, {""bbox"": [24, 963, 1203, 1072], ""type"": ""handwritten"", ""text"": ""Вфремов з мене, рівназани з іном,""}, {""bbox"": [22, 1036, 1233, 1157], ""type"": ""handwritten"", ""text"": ""ане я. Я нечу бідів ще бильшим за""}, {""bbox"": [21, 1130, 1175, 1240], ""type"": ""handwritten"", ""text"": ""Ібсего. П картіть киму не могрна?""}, {""bbox"": [16, 1210, 1240, 1320], ""type"": ""handwritten"", ""text"": ""Привда, кідьо? Морне і треби, абы""}, {""bbox"": [22, 1292, 1254, 1404], ""type"": ""handwritten"", ""text"": ""почувались сили на де. Погано, що нема""}, {""bbox"": [50, 1371, 1257, 1487], ""type"": ""handwritten"", ""text"": ""у нас людей, які потіли б буть Боранде-""}, {""bbox"": [27, 1456, 1206, 1566], ""type"": ""handwritten"", ""text"": ""Заки вони б не були Єіремовими.""}, {""bbox"": [23, 1539, 973, 1660], ""type"": ""handwritten"", ""text"": ""Віджеренд Ну, хій їм всямина:""}, {""bbox"": [42, 1621, 1253, 1772], ""type"": ""handwritten"", ""text"": ""А яку ти рану косиш і носпримеш до стер""}]"
9b304475-d1b1-4b51-8eb1-31f06e0c968f.jpg,"[{""bbox"": [126, 8, 265, 74], ""type"": ""annotation"", ""text"": ""Відков.""}, {""bbox"": [1422, 0, 1520, 97], ""type"": ""annotation"", ""text"": ""5б""}, {""bbox"": [1214, 79, 1369, 184], ""type"": ""annotation"", ""text"": ""↑""}, {""bbox"": [241, 212, 1468, 382], ""type"": ""handwritten"", ""text"": ""Роп: Кавне Олександовачу!""}, {""bbox"": [116, 376, 1517, 525], ""type"": ""handwritten"", ""text"": ""В Мудеї я не найшов Лі Цьож-""}, {""bbox"": [104, 478, 1496, 622], ""type"": ""handwritten"", ""text"": ""ого. Будь ласка, дайше мені на""}, {""bbox"": [57, 570, 1470, 712], ""type"": ""handwritten"", ""text"": ""один день, ~~У конфділок поверну.""}, {""bbox"": [53, 658, 1411, 793], ""type"": ""handwritten"", ""text"": ""завтра збірається до нас жні""}, {""bbox"": [94, 732, 1516, 884], ""type"": ""handwritten"", ""text"": ""пидикова, кай жу ласлови мені""}, {""bbox"": [50, 809, 1445, 959], ""type"": ""handwritten"", ""text"": ""принесті. Коли книжви ці в""}, {""bbox"": [94, 890, 1516, 1055], ""type"": ""handwritten"", ""text"": ""фолазі - я прий час в Уконкри""}, {""bbox"": [47, 969, 1470, 1128], ""type"": ""handwritten"", ""text"": ""до понеділох поверну, для нийого""}, {""bbox"": [47, 1058, 1407, 1207], ""type"": ""handwritten"", ""text"": ""із Вашня прийде по гроші""}, {""bbox"": [55, 1187, 562, 1320], ""type"": ""handwritten"", ""text"": ""зля фонду.""}, {""bbox"": [375, 1247, 1424, 1409], ""type"": ""handwritten"", ""text"": ""Я явую наперед, здорова""}, {""bbox"": [990, 1351, 1384, 1509], ""type"": ""annotation"", ""text"": ""Зимя""}]"
0aa00698-470c-4193-9b38-4dfa1fc11adb.jpg,"[{""bbox"": [1211, 6, 1476, 98], ""type"": ""annotation"", ""text"": ""29. Т В""}, {""bbox"": [1018, 4, 1135, 136], ""type"": ""annotation"", ""text"": ""88""}, {""bbox"": [356, 98, 1362, 213], ""type"": ""handwritten"", ""text"": ""Висхоповаються Павло Олександровні!""}, {""bbox"": [1382, 110, 1504, 232], ""type"": ""annotation"", ""text"": ""29""}, {""bbox"": [104, 185, 1460, 306], ""type"": ""handwritten"", ""text"": ""\""Однасно з чим листом почалого Вать (в другому""}, {""bbox"": [80, 271, 1466, 376], ""type"": ""handwritten"", ""text"": ""конверті) старно: „Архизентра крековського мохасти-""}, {""bbox"": [73, 346, 1429, 449], ""type"": ""handwritten"", ""text"": ""ря по деревориту 1689°, яка має 48 сток. + X + 3""}, {""bbox"": [78, 422, 1450, 524], ""type"": ""handwritten"", ""text"": ""теб. з рисужами. Статю проту зпогатку передер.""}, {""bbox"": [86, 494, 1457, 600], ""type"": ""handwritten"", ""text"": ""Презпідії У. Г. Комінта, яко, доль\"", що я не разлував""}, {""bbox"": [81, 566, 1278, 665], ""type"": ""handwritten"", ""text"": ""стшенцію, а потім до неолекциї \""Нов. Укр.\""""}, {""bbox"": [164, 632, 1505, 739], ""type"": ""handwritten"", ""text"": ""Статься читав на Засіданню гуртка Діле. Укр. мис-""}, {""bbox"": [81, 702, 1494, 813], ""type"": ""handwritten"", ""text"": ""тецій у Львові і густрів дуже прикільне въідношення""}, {""bbox"": [76, 775, 1438, 880], ""type"": ""handwritten"", ""text"": ""і похвали. Спеціяльно й. Тиновико підкрестовав""}, {""bbox"": [78, 844, 1503, 947], ""type"": ""handwritten"", ""text"": ""кінність робор. Так що я навіть не сподівався теког""}, {""bbox"": [77, 911, 1473, 1011], ""type"": ""handwritten"", ""text"": ""окінки. Туж у Львої мені вже робили кропопиції""}, {""bbox"": [70, 981, 1462, 1083], ""type"": ""handwritten"", ""text"": ""що до видання статі, але я не вірю галиганам, ще""}, {""bbox"": [72, 1061, 1468, 1162], ""type"": ""handwritten"", ""text"": ""вони дівсто скою набрикують, а не друге мені хті-""}, {""bbox"": [67, 1130, 1512, 1239], ""type"": ""handwritten"", ""text"": ""лось би, щоби сю мого ровідку надрукували в \""Ков-""}, {""bbox"": [59, 1204, 1521, 1313], ""type"": ""handwritten"", ""text"": ""Україні.\"" Отже прошу Вашої допомоги в цоготре-""}, {""bbox"": [59, 1282, 1507, 1383], ""type"": ""handwritten"", ""text"": ""ві: Як що з яких-кебудь приєми \""Х. Укр. же зможе""}, {""bbox"": [63, 1353, 1492, 1458], ""type"": ""handwritten"", ""text"": ""друкувати, то щону меже о тім сповістить в най-""}, {""bbox"": [59, 1434, 371, 1505], ""type"": ""handwritten"", ""text"": ""бликчі дні.""}, {""bbox"": [146, 1485, 1247, 1588], ""type"": ""handwritten"", ""text"": ""Як що бужть грикувати, то от мої увий:""}, {""bbox"": [115, 1585, 1462, 1692], ""type"": ""handwritten"", ""text"": ""1. Треба, розміється, умїстити всі з імострацій""}, {""bbox"": [59, 1667, 1469, 1768], ""type"": ""handwritten"", ""text"": ""І теб. з загальним видом гереворити. Чорова Кліша""}, {""bbox"": [62, 1741, 1537, 1848], ""type"": ""handwritten"", ""text"": ""для прикарні я маю в розкає і міг би вислар Ван""}, {""bbox"": [65, 1814, 1451, 1920], ""type"": ""handwritten"", ""text"": ""нахунком на почиті не указату Вами обресу (до""}, {""bbox"": [66, 1878, 1476, 1982], ""type"": ""handwritten"", ""text"": ""легіціву? З умовою, що кліт Ви пізкінця по-""}, {""bbox"": [66, 1944, 1475, 2047], ""type"": ""handwritten"", ""text"": ""вернех. Дві други теблиці є рисунками рнаг""}, {""bbox"": [57, 2010, 1478, 2118], ""type"": ""handwritten"", ""text"": ""зробити такого роміру, щобы кліш вибков на""}, {""bbox"": [61, 2084, 1468, 2185], ""type"": ""handwritten"", ""text"": ""ціли форінку, с. поментири мої копіїв 1/12""}, {""bbox"": [60, 2158, 1473, 2259], ""type"": ""handwritten"", ""text"": ""рож. В країньому розі можна улістити лише""}, {""bbox"": [58, 2232, 1510, 2326], ""type"": ""handwritten"", ""text"": ""одну княту загального виду можастирі, але при тіл""}, {""bbox"": [53, 2296, 1411, 2406], ""type"": ""handwritten"", ""text"": ""викінути примітку\"" на 24 стор. рукоткису""}]"
07018594-65ad-4879-b7ee-bf0bbcc609a6.jpg,"[{""bbox"": [1582, 52, 1752, 185], ""type"": ""annotation"", ""text"": ""45""}, {""bbox"": [62, 147, 1797, 262], ""type"": ""handwritten"", ""text"": ""1. а. Фиш вийшела 28   і. 1927 р. Розавтори: А Волонурю""}, {""bbox"": [57, 235, 1810, 339], ""type"": ""handwritten"", ""text"": ""і М. Бобота. Диназика за 1960 р. Цого ровід було про-""}, {""bbox"": [58, 299, 1823, 402], ""type"": ""handwritten"", ""text"": ""притий нерез брак грошавих закостів на відськип нику""}, {""bbox"": [60, 400, 702, 472], ""type"": ""handwritten"", ""text"": ""редакторських сил.""}, {""bbox"": [53, 415, 1793, 535], ""type"": ""handwritten"", ""text"": ""пронутицією можніжого осереді. 1922-33 пр. була відовлена.""}, {""bbox"": [39, 506, 1816, 622], ""type"": ""handwritten"", ""text"": ""Активку прації виказують і всекадували саміа молядь-""}, {""bbox"": [57, 591, 1804, 711], ""type"": ""handwritten"", ""text"": ""спідесятім з дономогоюх траби Прикозьковоги. Спеденьки і дітен-""}, {""bbox"": [59, 690, 1342, 796], ""type"": ""handwritten"", ""text"": ""сують і самі на свої кошти видаючив.""}, {""bbox"": [63, 767, 1806, 886], ""type"": ""handwritten"", ""text"": ""Одно визачання тепер ( 180 т) коштує около до-Не-Ціна""}, {""bbox"": [60, 871, 912, 968], ""type"": ""handwritten"", ""text"": ""поодньового хисла 050 Ко\"".""}, {""bbox"": [58, 942, 1750, 1060], ""type"": ""handwritten"", ""text"": ""В перших почативсях  видавано до 40 тсал (розвою тисяла""}, {""bbox"": [58, 1029, 1789, 1151], ""type"": ""handwritten"", ""text"": ""Ата). Пізніше висоюдила літографінно (100- в гл. роких ко-""}, {""bbox"": [60, 1115, 1785, 1237], ""type"": ""handwritten"", ""text"": ""1850 шсел), а в чибі рощі 36/97 випуавається 180 кисом.""}, {""bbox"": [61, 1203, 1818, 1327], ""type"": ""handwritten"", ""text"": ""Становищо продр. тергоналу до Кисли є добре, талеки готра""}, {""bbox"": [59, 1295, 1781, 1413], ""type"": ""handwritten"", ""text"": ""щендули трор. Дрикузька та дозволях деяки стайті до бре""}, {""bbox"": [53, 1403, 578, 1496], ""type"": ""handwritten"", ""text"": ""зумають\"" диниці.""}, {""bbox"": [59, 1460, 1808, 1583], ""type"": ""handwritten"", ""text"": ""Кому, що Якса видається тілльки у віджім вуді зле-""}, {""bbox"": [64, 1554, 1758, 1673], ""type"": ""handwritten"", ""text"": ""ників, а загал тро як мала знає, важіших відсукъ""}, {""bbox"": [67, 1638, 1724, 1763], ""type"": ""handwritten"", ""text"": ""же прецендій та було. Крийми Куши звазав, що Дінське""}, {""bbox"": [72, 1729, 1779, 1850], ""type"": ""handwritten"", ""text"": ""маю строграцічна значення, і що його видає голи мо-""}, {""bbox"": [74, 1822, 1202, 1928], ""type"": ""handwritten"", ""text"": ""лодь, є зосить лупиши насотисям.""}, {""bbox"": [60, 1971, 1819, 2102], ""type"": ""handwritten"", ""text"": ""~~Коното швор. видаваць Дали „Разка Кивої Олебирає розавицій-""}, {""bbox"": [66, 2071, 1800, 2187], ""type"": ""handwritten"", ""text"": ""ну кольгію. Якер фуакція така: головний рускипод Ф. Когр,""}, {""bbox"": [78, 2149, 1824, 2272], ""type"": ""handwritten"", ""text"": ""вороктор В. Кипрашко, закі голевного редавто про Р. Росинко таки.""}, {""bbox"": [80, 2236, 1814, 2363], ""type"": ""handwritten"", ""text"": ""радавийку І. Восикців, скарбнив Наруся Чорза, і почиста""}, {""bbox"": [82, 2339, 805, 2447], ""type"": ""handwritten"", ""text"": ""резавторка М. Богонько.""}]"
121aa35c-0b20-48d9-8a3f-d8bef3b9cbf6.jpg,"[{""bbox"": [2048, 187, 2856, 487], ""type"": ""handwritten"", ""text"": ""Мп 1919""}, {""bbox"": [1350, 575, 2581, 903], ""type"": ""annotation"", ""text"": ""~~п.о~~45~~ Приві ~~А~~""}, {""bbox"": [1891, 860, 2230, 1012], ""type"": ""handwritten"", ""text"": ""сько.""}, {""bbox"": [2326, 1094, 2798, 1185], ""type"": ""printed"", ""text"": ""В Язки Додат-""}, {""bbox"": [991, 1168, 1807, 1281], ""type"": ""printed"", ""text"": ""ЕЕ НЕдІКТОВНУ""}, {""bbox"": [2325, 1206, 2768, 1275], ""type"": ""printed"", ""text"": ""Дді при Вах -""}, {""bbox"": [933, 1343, 1468, 1425], ""type"": ""printed"", ""text"": ""ІВан Дмитрович""}, {""bbox"": [2342, 1409, 2777, 1484], ""type"": ""printed"", ""text"": ""ЕНЕдІКТОВИЧА""}, {""bbox"": [1212, 1523, 2062, 1626], ""type"": ""printed"", ""text"": ""Додатковий Мировый удця""}, {""bbox"": [2369, 1663, 2584, 1744], ""type"": ""printed"", ""text"": ""Н Н Я.""}, {""bbox"": [1144, 1710, 2315, 1800], ""type"": ""printed"", ""text"": ""Просиця Мировим Суддєв додатковам""}, {""bbox"": [1244, 1815, 1313, 1867], ""type"": ""printed"", ""text"": ""ос""}, {""bbox"": [2371, 1881, 2772, 1962], ""type"": ""printed"", ""text"": ""в призначен-""}, {""bbox"": [2361, 2093, 2764, 2170], ""type"": ""printed"", ""text"": ""31 3 Ізів""}, {""bbox"": [2386, 2209, 2645, 2267], ""type"": ""printed"", ""text"": ""СКІНЧИВ""}, {""bbox"": [2373, 2301, 2751, 2384], ""type"": ""printed"", ""text"": ""іломом 2-ої""}, {""bbox"": [2384, 2408, 2714, 2477], ""type"": ""printed"", ""text"": ""3 i Юстіціт""}, {""bbox"": [911, 1852, 1895, 3094], ""type"": ""annotation"", ""text"": ""(мічній чуч (Сплати""}, {""bbox"": [2387, 2621, 2735, 2686], ""type"": ""printed"", ""text"": ""ОВЕНСКО І""}, {""bbox"": [1622, 2787, 2385, 3190], ""type"": ""annotation"", ""text"": ""Маріан, берхіяти)""}, {""bbox"": [852, 3365, 1128, 3429], ""type"": ""printed"", ""text"": ""бернії -""}, {""bbox"": [1957, 3402, 2432, 3729], ""type"": ""handwritten"", ""text"": ""Прик""}, {""bbox"": [1438, 3997, 2291, 4196], ""type"": ""handwritten"", ""text"": ""Мафіційольне""}, {""bbox"": [1430, 4170, 2056, 4358], ""type"": ""handwritten"", ""text"": ""Бередяном""}]"
1f6e5a65-089f-4135-a20a-c72aaa4747eb.jpg,"[{""bbox"": [586, 112, 841, 257], ""type"": ""handwritten"", ""text"": ""Квій""}, {""bbox"": [1554, 116, 1704, 295], ""type"": ""annotation"", ""text"": ""57""}, {""bbox"": [290, 304, 1626, 419], ""type"": ""handwritten"", ""text"": ""ла 119 K (словом тискачато деве""}, {""bbox"": [290, 394, 1625, 529], ""type"": ""handwritten"", ""text"": ""олігодві корони) вестрів видбравим""}, {""bbox"": [246, 484, 1580, 616], ""type"": ""handwritten"", ""text"": ""плату длю мужкви литанши в Йона""}, {""bbox"": [97, 554, 428, 664], ""type"": ""handwritten"", ""text"": ""риского.""}, {""bbox"": [286, 668, 1505, 817], ""type"": ""handwritten"", ""text"": ""Понастерсика, дня 12/1. 1919.""}, {""bbox"": [1119, 815, 1417, 989], ""type"": ""handwritten"", ""text"": ""Падугр""}, {""bbox"": [1347, 875, 1781, 1133], ""type"": ""annotation"", ""text"": ""Вагату,""}]"
8f883660-a534-4b7a-aca8-18b7fc97bf90.jpg,"[{""bbox"": [222, 119, 541, 172], ""type"": ""printed"", ""text"": ""Український""}, {""bbox"": [1227, 105, 1498, 169], ""type"": ""printed"", ""text"": ""Икгарівку)""}, {""bbox"": [115, 172, 710, 241], ""type"": ""printed"", ""text"": ""ромадський Видавничнії""}, {""bbox"": [1056, 163, 1669, 241], ""type"": ""printed"", ""text"": ""Нготабку); Губатуйу);""}, {""bbox"": [745, 114, 1028, 452], ""type"": ""image"", ""text"": """"}, {""bbox"": [1088, 278, 1590, 348], ""type"": ""printed"", ""text"": ""нівколь а пактадатьські бпливсь""}, {""bbox"": [63, 297, 712, 358], ""type"": ""printed"", ""text"": ""Друкарське та видавниче ґовариство""}, {""bbox"": [1549, 236, 1741, 395], ""type"": ""annotation"", ""text"": ""~~19~~9""}, {""bbox"": [1093, 342, 1448, 385], ""type"": ""printed"", ""text"": ""V Ргано,""}, {""bbox"": [63, 346, 468, 419], ""type"": ""printed"", ""text"": ""зареєфів Празі,""}, {""bbox"": [95, 381, 688, 447], ""type"": ""printed"", ""text"": ""вареостроване х-во в обмеженою""}, {""bbox"": [240, 438, 543, 489], ""type"": ""printed"", ""text"": ""відповізальністю""}, {""bbox"": [1267, 433, 1456, 475], ""type"": ""printed"", ""text"": ""овтеченут""}, {""bbox"": [318, 492, 1717, 568], ""type"": ""printed"", ""text"": ""CH. Ртава -Vчвочісь, білюча є. вб.""}, {""bbox"": [1337, 594, 1617, 668], ""type"": ""printed"", ""text"": ""7.III. 28.""}, {""bbox"": [317, 730, 1288, 816], ""type"": ""printed"", ""text"": ""До Улена Мадвірної Ради УТВД""}, {""bbox"": [416, 802, 1724, 916], ""type"": ""printed"", ""text"": ""М. Шановала співальники""}, {""bbox"": [176, 925, 1700, 1022], ""type"": ""printed"", ""text"": ""Прагаління УВО має честь товіродити, що Ю-го""}, {""bbox"": [95, 1033, 1717, 1126], ""type"": ""printed"", ""text"": ""беревня 40. о Да тол. рано в точвиканні Україн.""}, {""bbox"": [91, 1132, 1646, 1229], ""type"": ""printed"", ""text"": ""Інституту Громадовитиства (Грага ІІЇ, в кікова,""}, {""bbox"": [88, 1236, 1623, 1329], ""type"": ""printed"", ""text"": ""3/ІІ відбудуться спільні збори тревління і""}, {""bbox"": [95, 1351, 601, 1432], ""type"": ""printed"", ""text"": ""Надвірної Ради.""}, {""bbox"": [189, 1456, 707, 1534], ""type"": ""printed"", ""text"": ""Порядок денший:""}, {""bbox"": [100, 1553, 860, 1639], ""type"": ""printed"", ""text"": ""I. Інформації Правління.""}, {""bbox"": [98, 1654, 1177, 1741], ""type"": ""printed"", ""text"": ""2. Річні звищанню вагальнці 8бори.""}, {""bbox"": [100, 1760, 1016, 1846], ""type"": ""printed"", ""text"": ""3. Зміна статуту в 46 81 37""}, {""bbox"": [95, 1874, 641, 1953], ""type"": ""printed"", ""text"": ""4. Бівучі справи.""}, {""bbox"": [740, 1965, 1209, 2041], ""type"": ""printed"", ""text"": ""Правління УТВД""}, {""bbox"": [573, 2198, 1579, 2429], ""type"": ""annotation"", ""text"": ""Павюточиця брянтимори""}]"
1d50d7b6-f5a7-4b32-86c7-65c7e965f800.jpg,"[{""bbox"": [118, 29, 440, 140], ""type"": ""annotation"", ""text"": ""66896    2376""}, {""bbox"": [12, 99, 1105, 221], ""type"": ""handwritten"", ""text"": ""до мого письменництва буде-""}, {""bbox"": [10, 201, 1087, 311], ""type"": ""handwritten"", ""text"": ""мо балакать, писатъ не""}, {""bbox"": [31, 293, 1109, 399], ""type"": ""handwritten"", ""text"": ""хочеться. А обраєть я тебе""}, {""bbox"": [17, 383, 1094, 483], ""type"": ""handwritten"", ""text"": ""не хотів і, пишучи, не думав,""}, {""bbox"": [16, 459, 1110, 568], ""type"": ""handwritten"", ""text"": ""що це може тебе образати.""}, {""bbox"": [21, 547, 1090, 648], ""type"": ""handwritten"", ""text"": ""Весь час я так думав, а дор-""}, {""bbox"": [21, 626, 1093, 727], ""type"": ""handwritten"", ""text"": ""мав так на підстливі твоїх""}, {""bbox"": [21, 707, 1088, 810], ""type"": ""handwritten"", ""text"": ""власних слів, які, між иншим""}, {""bbox"": [22, 783, 1087, 893], ""type"": ""handwritten"", ""text"": ""і і влистих твоїх, (які, я локу""}, {""bbox"": [28, 874, 962, 974], ""type"": ""handwritten"", ""text"": ""тобі колись показати).""}, {""bbox"": [28, 948, 1084, 1068], ""type"": ""handwritten"", ""text"": ""Ну, бувай здерова. До ко-""}, {""bbox"": [28, 1042, 1081, 1156], ""type"": ""handwritten"", ""text"": ""бачення! Але не спізняйся""}, {""bbox"": [19, 1129, 1007, 1238], ""type"": ""handwritten"", ""text"": ""і взе вре будь у київі!""}, {""bbox"": [20, 1210, 1089, 1313], ""type"": ""handwritten"", ""text"": ""Твоя кімната на розі Пань-""}, {""bbox"": [15, 1284, 1089, 1390], ""type"": ""handwritten"", ""text"": ""ковської і Н. - Ботаничноє, би він-""}, {""bbox"": [13, 1354, 1079, 1454], ""type"": ""handwritten"", ""text"": ""но виходить на Н. Бот. Можеш речі""}, {""bbox"": [13, 1419, 1080, 1513], ""type"": ""handwritten"", ""text"": ""лишить на випалі і йти до мене;""}, {""bbox"": [14, 1474, 1080, 1578], ""type"": ""handwritten"", ""text"": ""але я вго буду в Київерсідеті зранку,""}, {""bbox"": [10, 1541, 1072, 1648], ""type"": ""handwritten"", ""text"": ""ти. Значить почекай у мене, я попережу""}, {""bbox"": [4, 1599, 685, 1679], ""type"": ""handwritten"", ""text"": ""прислугу. М. Бриїхний ⋅ 5 че.""}, {""bbox"": [26, 1659, 1069, 1771], ""type"": ""handwritten"", ""text"": ""Фу. стискаю міцно руку Волоби""}]"
45680c81-ad49-4bd5-90cf-fe5305d7300f.jpg,"[{""bbox"": [75, 72, 1343, 177], ""type"": ""handwritten"", ""text"": ""В роко: 1925 з рохотрядення""}, {""bbox"": [69, 151, 1420, 253], ""type"": ""handwritten"", ""text"": ""Цховіного Офілу кідженть учить, що""}, {""bbox"": [58, 230, 1417, 327], ""type"": ""handwritten"", ""text"": ""можна було иніняти до учийстесями""}, {""bbox"": [39, 299, 1464, 397], ""type"": ""handwritten"", ""text"": ""Осеминації було знижено до половини.""}, {""bbox"": [35, 371, 1464, 471], ""type"": ""handwritten"", ""text"": ""Оцекоху голисною пригино� такого роко-""}, {""bbox"": [22, 440, 1398, 547], ""type"": ""handwritten"", ""text"": ""~~рифічний було те, що добримулюва...""}, {""bbox"": [36, 519, 1393, 625], ""type"": ""handwritten"", ""text"": ""лова в такіх „приємйольських“ слоках:""}, {""bbox"": [37, 602, 1465, 708], ""type"": ""handwritten"", ""text"": ""\""Що-мовлями робнитимить з кобою ті цт-""}, {""bbox"": [51, 684, 1424, 794], ""type"": ""handwritten"", ""text"": ""ні семинарій, котрці екінчати шкову і""}, {""bbox"": [51, 766, 1465, 874], ""type"": ""handwritten"", ""text"": ""не дістанують посад бо не їх нима? Бро-""}, {""bbox"": [51, 843, 1464, 950], ""type"": ""handwritten"", ""text"": ""~~на~~й~~{ба~~ зажнуть, бо инощою нічого не нас.""}, {""bbox"": [60, 922, 1424, 1029], ""type"": ""handwritten"", ""text"": ""чаться а домолуню роботи забудните.""}, {""bbox"": [79, 1002, 1488, 1108], ""type"": ""handwritten"", ""text"": ""Мусимо дигнити шиєритродукцію інтем-""}, {""bbox"": [61, 1078, 1465, 1185], ""type"": ""handwritten"", ""text"": ""Ҟгенейною пролегіаріоти... А наслід-""}, {""bbox"": [891, 1162, 1009, 1215], ""type"": ""handwritten"", ""text"": ""ате""}, {""bbox"": [57, 1150, 1446, 1273], ""type"": ""handwritten"", ""text"": ""Дл? Наслідки ось які: ~~Укою би самого-""}, {""bbox"": [52, 1240, 1407, 1353], ""type"": ""handwritten"", ""text"": ""року було вигалася потреба \""нема""}, {""bbox"": [64, 1330, 1464, 1436], ""type"": ""handwritten"", ""text"": ""вчителів - казано-а спреби\"". І ось тих.""}, {""bbox"": [68, 1415, 1434, 1523], ""type"": ""handwritten"", ""text"": ""сенько й лагіднесекою - \""спровадини""}, {""bbox"": [70, 1500, 1375, 1604], ""type"": ""handwritten"", ""text"": ""грительських кондидатів чехіть до""}, {""bbox"": [80, 1579, 1476, 1691], ""type"": ""handwritten"", ""text"": ""Мукачева й устроїми для них курс""}, {""bbox"": [86, 1667, 876, 1773], ""type"": ""handwritten"", ""text"": ""русскою чунка...\""""}, {""bbox"": [71, 1773, 765, 1865], ""type"": ""handwritten"", ""text"": ""4) Саобода\"" Унган2622.22.""}]"
630393d4-b357-4251-bb2f-6d6fb3499c3f.jpg,"[{""bbox"": [107, 2, 1812, 122], ""type"": ""handwritten"", ""text"": ""Шевітови Команда Ферж. Жанку в Фувачи.""}, {""bbox"": [523, 124, 1004, 298], ""type"": ""handwritten"", ""text"": ""Відпис""}, {""bbox"": [525, 218, 1003, 300], ""type"": ""handwritten"", ""text"": ""Напис""}, {""bbox"": [117, 257, 1768, 392], ""type"": ""handwritten"", ""text"": ""велиш колової за місяць падатет - 1918.""}, {""bbox"": [1389, 420, 1852, 525], ""type"": ""handwritten"", ""text"": ""Дослід Розжіу""}, {""bbox"": [405, 446, 1116, 582], ""type"": ""handwritten"", ""text"": ""Придмет""}, {""bbox"": [297, 607, 1372, 696], ""type"": ""handwritten"", ""text"": ""Тимкасове одарж. Станичи в Карожні""}, {""bbox"": [852, 658, 1389, 727], ""type"": ""handwritten"", ""text"": ""заміс. 24/ї; - 30/й.5 тр.""}, {""bbox"": [853, 710, 1389, 779], ""type"": ""handwritten"", ""text"": ""„Язловен за яке та""}, {""bbox"": [850, 754, 1392, 806], ""type"": ""handwritten"", ""text"": ""35/30II. 5 (8 годен)""}, {""bbox"": [312, 808, 1001, 912], ""type"": ""handwritten"", ""text"": ""мува улях сизлівача""}, {""bbox"": [303, 891, 1369, 975], ""type"": ""handwritten"", ""text"": ""Тимчасово ула станчі Голісавинці""}, {""bbox"": [301, 959, 1113, 1027], ""type"": ""handwritten"", ""text"": ""за 1гис 28 - 30/II. (4 людеп)""}, {""bbox"": [283, 1012, 1148, 1082], ""type"": ""handwritten"", ""text"": ""Тимчасове для станиці в укт""}, {""bbox"": [281, 1070, 1198, 1140], ""type"": ""handwritten"", ""text"": ""нін зачас 28-до/й (5 людеп)""}, {""bbox"": [278, 1124, 1201, 1198], ""type"": ""handwritten"", ""text"": ""Типчасове для стан, в Бариши""}, {""bbox"": [288, 1187, 1185, 1250], ""type"": ""handwritten"", ""text"": ""за нас 29-30рії, стд. (С льогуст.""}, {""bbox"": [681, 1238, 1142, 1351], ""type"": ""handwritten"", ""text"": ""Разом""}, {""bbox"": [1404, 1333, 1621, 1422], ""type"": ""handwritten"", ""text"": ""391""}, {""bbox"": [613, 1340, 1008, 1424], ""type"": ""handwritten"", ""text"": ""Недмігр""}, {""bbox"": [262, 1405, 1389, 1488], ""type"": ""handwritten"", ""text"": ""Наукір позістя ядисленті й загалного""}, {""bbox"": [1403, 1431, 1619, 1508], ""type"": ""handwritten"", ""text"": ""391, 80.""}, {""bbox"": [321, 1561, 1439, 1686], ""type"": ""handwritten"", ""text"": ""Булає, дня 2. лютого - 1980.""}, {""bbox"": [756, 1667, 1462, 1769], ""type"": ""handwritten"", ""text"": ""Нан Тагенні ме""}, {""bbox"": [759, 1748, 1446, 1824], ""type"": ""handwritten"", ""text"": ""Певіт. Коману. Р. ЖС""}, {""bbox"": [336, 1697, 728, 2057], ""type"": ""image"", ""text"": """"}]"
04cf4a71-95e9-442b-8b09-ffbba912e1e9.jpg,"[{""bbox"": [249, 102, 438, 166], ""type"": ""printed"", ""text"": ""7. І.Г.І.""}, {""bbox"": [2197, 119, 2398, 297], ""type"": ""annotation"", ""text"": ""166""}, {""bbox"": [65, 209, 762, 281], ""type"": ""printed"", ""text"": ""Відція Народознавства""}, {""bbox"": [66, 307, 665, 387], ""type"": ""printed"", ""text"": ""дня 5. червня 1928.""}, {""bbox"": [785, 326, 2275, 508], ""type"": ""printed"", ""text"": ""до вп.п., М. М., Шайовала...""}, {""bbox"": [823, 513, 1247, 573], ""type"": ""printed"", ""text"": ""0 4. Г. поподь""}, {""bbox"": [742, 541, 2506, 644], ""type"": ""printed"", ""text"": ""червинув Науково-методольотичному салінарі відбудеться""}, {""bbox"": [724, 654, 2514, 745], ""type"": ""printed"", ""text"": ""\""ІД є то в а на тему: \""Оболіцька залекність виїх суспіль-""}, {""bbox"": [713, 756, 2542, 849], ""type"": ""printed"", ""text"": ""та боловами операціями у віднах пів проводом гетьмана Ботда-""}, {""bbox"": [242, 883, 1407, 958], ""type"": ""printed"", ""text"": ""на X M ∈ et ∈ B ницького (Т 1648-19)""}, {""bbox"": [251, 949, 1144, 998], ""type"": ""printed"", ""text"": ""Витворичної коливаннямих""}, {""bbox"": [251, 1029, 2109, 1129], ""type"": ""printed"", ""text"": ""Повідомляючи Вас про це посамо вїдвірати згаданим викляд.""}, {""bbox"": [1516, 1252, 1895, 1312], ""type"": ""printed"", ""text"": ""З пош ~~жанням""}, {""bbox"": [933, 1351, 2038, 1429], ""type"": ""printed"", ""text"": ""Директор Відділу і керовник семінару""}, {""bbox"": [1138, 1451, 1961, 1539], ""type"": ""printed"", ""text"": ""Прод. П. Вілецьким (В.Р.)""}]"
b95befcb-d245-4e81-afa6-6f3aedda8639.jpg,"[{""bbox"": [160, 372, 1157, 405], ""type"": ""printed"", ""text"": ""ліціаю на і асіормогівськи, колізна законати неміть спість пцичатеривачиться""}, {""bbox"": [185, 412, 1184, 465], ""type"": ""printed"", ""text"": ""нає любо знасти на дохтону Долостанською відді Українстко в""}, {""bbox"": [156, 471, 1157, 518], ""type"": ""printed"", ""text"": ""Сесою Сплан 16-17 травна 1929 а 3 прабон фішаюють голося""}]"
1642dd31-e018-441a-97ee-3b9a619798ed.jpg,"[{""bbox"": [534, 184, 1977, 257], ""type"": ""printed"", ""text"": ""РоВ. \""Мільшими плитатимеричнох""}, {""bbox"": [2215, 143, 2312, 300], ""type"": ""annotation"", ""text"": ""9""}, {""bbox"": [712, 302, 2575, 395], ""type"": ""printed"", ""text"": ""Запрошується Вас на Затальні збори Правного від-""}, {""bbox"": [702, 403, 2484, 498], ""type"": ""printed"", ""text"": ""ілу. котрі відбуться в патнимо 28 цього січня 0""}, {""bbox"": [745, 502, 2578, 602], ""type"": ""printed"", ""text"": ""гом. пололудні в пошешканнї: Прага ІІТ. Межікова 4/І""}, {""bbox"": [599, 624, 1678, 706], ""type"": ""printed"", ""text"": ""зі слідуючим порядком денним:""}, {""bbox"": [616, 718, 2032, 802], ""type"": ""printed"", ""text"": ""I. Зміни в складі членів віддцілу.""}, {""bbox"": [624, 777, 1857, 860], ""type"": ""printed"", ""text"": ""з. Матеріали до конференції,""}, {""bbox"": [814, 889, 1454, 957], ""type"": ""printed"", ""text"": ""4. Вікучі справи.""}, {""bbox"": [1667, 982, 2281, 1055], ""type"": ""printed"", ""text"": ""II резидія.""}, {""bbox"": [448, 1089, 901, 1159], ""type"": ""printed"", ""text"": ""25/I-1927 p.""}]"
371b0d30-9363-4656-b752-8976d42098cd.jpg,"[{""bbox"": [770, 40, 984, 133], ""type"": ""annotation"", ""text"": ""25 гр""}, {""bbox"": [795, 136, 963, 236], ""type"": ""annotation"", ""text"": ""234.""}, {""bbox"": [54, 154, 999, 279], ""type"": ""handwritten"", ""text"": ""Ку, я радий, що ти таки видаєш""}, {""bbox"": [40, 254, 1030, 354], ""type"": ""handwritten"", ""text"": ""звою тюрму, хоча потерпаю,""}, {""bbox"": [41, 330, 1028, 420], ""type"": ""handwritten"", ""text"": ""чи не заваться у тебе ще одна яка""}, {""bbox"": [44, 400, 1038, 489], ""type"": ""handwritten"", ""text"": ""небудь п'ятниця на твоєму веред-""}, {""bbox"": [43, 463, 1042, 562], ""type"": ""handwritten"", ""text"": ""ливому тирні. Гроші твої я""}, {""bbox"": [47, 540, 1042, 632], ""type"": ""handwritten"", ""text"": ""й без тебе сховав, бо так і знав.""}, {""bbox"": [52, 614, 1051, 704], ""type"": ""handwritten"", ""text"": ""що доля їхня  ще не раз змінать-""}, {""bbox"": [56, 680, 1036, 777], ""type"": ""handwritten"", ""text"": ""ся. А що ти так тяки й не""}, {""bbox"": [62, 755, 1044, 848], ""type"": ""handwritten"", ""text"": ""купиш моїх творів, це мені""}, {""bbox"": [56, 828, 1046, 917], ""type"": ""handwritten"", ""text"": ""й трішечки не Дошкуляє, бо це""}, {""bbox"": [57, 898, 1061, 995], ""type"": ""handwritten"", ""text"": ""було б таки ненормально, щоб""}, {""bbox"": [64, 972, 1056, 1069], ""type"": ""handwritten"", ""text"": ""ти купувала. І я таки зди-""}, {""bbox"": [64, 1048, 1058, 1141], ""type"": ""handwritten"", ""text"": ""Бувався, коли прочитав, що ти""}, {""bbox"": [67, 1111, 1065, 1214], ""type"": ""handwritten"", ""text"": ""кочеш купити „Вісти: А „ Роду“""}, {""bbox"": [63, 1187, 1051, 1290], ""type"": ""handwritten"", ""text"": ""У Київі тобі все таки варто""}, {""bbox"": [67, 1261, 1055, 1360], ""type"": ""handwritten"", ""text"": ""виредплачувати, як не ях, а з""}, {""bbox"": [73, 1334, 1069, 1437], ""type"": ""handwritten"", ""text"": ""неї найбільше можна довіда-""}, {""bbox"": [51, 1474, 1089, 1577], ""type"": ""handwritten"", ""text"": ""~~Слово\"", поперпаю\"" значить \""боюсь\"", но росейському""}, {""bbox"": [50, 1523, 1088, 1630], ""type"": ""handwritten"", ""text"": ""побливиюську \""стисяють\"". Ро буміться, прибліжко,""}, {""bbox"": [56, 1571, 1035, 1669], ""type"": ""handwritten"", ""text"": ""до дати вичерпуючий зміст доре ворка""}]"
0fd11bc7-a7c8-4767-9b72-26a4a9ce23a0.jpg,"[{""bbox"": [241, 101, 572, 161], ""type"": ""printed"", ""text"": ""Український""}, {""bbox"": [1143, 91, 1491, 158], ""type"": ""printed"", ""text"": ""Икгарівку;""}, {""bbox"": [988, 160, 1647, 227], ""type"": ""printed"", ""text"": ""Нготабяку); Губатуй (у;""}, {""bbox"": [74, 160, 739, 232], ""type"": ""printed"", ""text"": ""Громадський Видавничнії""}, {""bbox"": [1246, 224, 1394, 276], ""type"": ""printed"", ""text"": ""Гопб""}, {""bbox"": [747, 95, 996, 416], ""type"": ""image"", ""text"": """"}, {""bbox"": [996, 297, 1647, 361], ""type"": ""printed"", ""text"": ""Рівачень: Pгана IT,""}, {""bbox"": [115, 295, 729, 371], ""type"": ""printed"", ""text"": ""Iравління: Ргава II].""}, {""bbox"": [773, 379, 961, 412], ""type"": ""printed"", ""text"": ""пишити""}, {""bbox"": [112, 424, 1667, 518], ""type"": ""printed"", ""text"": ""P05b. адчева: Ргана-Vчгйо чістє є. СевКовʾтелько""}, {""bbox"": [705, 618, 1653, 697], ""type"": ""printed"", ""text"": ""До Улена Надвірної Ради УТВД""}, {""bbox"": [385, 685, 1682, 817], ""type"": ""printed"", ""text"": ""Вит. N 20 Шаповала...\""""}, {""bbox"": [819, 872, 1681, 962], ""type"": ""printed"", ""text"": ""\""ОГрага Прати""}, {""bbox"": [218, 963, 1696, 1063], ""type"": ""printed"", ""text"": ""Правління УТВР має цесть просити Вас плибу-""}, {""bbox"": [164, 1062, 1693, 1159], ""type"": ""printed"", ""text"": ""ти на спільне засідання Правдінна і Нада рної""}, {""bbox"": [158, 1169, 1631, 1267], ""type"": ""printed"", ""text"": ""Ради, яке має відбутися 12-то ковтня 1926 д.""}, {""bbox"": [158, 1276, 1646, 1365], ""type"": ""printed"", ""text"": ""0 ій-й год. в помешканні Правдіння (ПригаІІ I,""}, {""bbox"": [161, 1389, 630, 1462], ""type"": ""printed"", ""text"": ""Краковська, Ю)""}, {""bbox"": [314, 1495, 840, 1563], ""type"": ""printed"", ""text"": ""Порядок денний:""}, {""bbox"": [195, 1589, 1317, 1673], ""type"": ""printed"", ""text"": ""1) Інформаційний доклад Правління""}, {""bbox"": [192, 1691, 1294, 1770], ""type"": ""printed"", ""text"": ""2) Вікучі справи і відпенівнески.""}, {""bbox"": [933, 1801, 1421, 1864], ""type"": ""printed"", ""text"": ""Правління УТВД""}, {""bbox"": [162, 1948, 583, 2028], ""type"": ""printed"", ""text"": ""Прага, I/X. 26""}, {""bbox"": [793, 1825, 1609, 2135], ""type"": ""annotation"", ""text"": ""Міванцу. Петре""}]"
c7f47b50-f77b-419f-9e95-029d0b5e106e.jpg,"[{""bbox"": [2163, 142, 2346, 330], ""type"": ""annotation"", ""text"": ""180""}, {""bbox"": [236, 269, 459, 341], ""type"": ""printed"", ""text"": ""y. I. Г.""}, {""bbox"": [84, 376, 509, 455], ""type"": ""printed"", ""text"": ""Відділ""}, {""bbox"": [55, 484, 996, 561], ""type"": ""printed"", ""text"": ""а до дознавства""}, {""bbox"": [124, 626, 957, 716], ""type"": ""printed"", ""text"": ""дня 18. грання 1920 р.""}, {""bbox"": [618, 919, 2346, 1073], ""type"": ""printed"", ""text"": ""ЗО Ковалано а. М. 10. 24 аїваная. -""}, {""bbox"": [1539, 1095, 1940, 1171], ""type"": ""printed"", ""text"": ""в 48s:""}, {""bbox"": [1730, 1096, 1918, 1160], ""type"": ""printed"", ""text"": ""11,08¹""}, {""bbox"": [1542, 1167, 2036, 1214], ""type"": ""printed"", ""text"": ""привитисти""}, {""bbox"": [477, 1332, 2310, 1437], ""type"": ""printed"", ""text"": ""ладодовнявства Укр. Унстатуту і домадськавсь""}, {""bbox"": [736, 1445, 2397, 1532], ""type"": ""printed"", ""text"": ""відвїдати виклад n. О. У т а й а є н о в в № 4 а""}, {""bbox"": [413, 1590, 2295, 1674], ""type"": ""printed"", ""text"": ""тему: \""Гежеза поетичної творчости А. Метлинського\""""}, {""bbox"": [351, 1668, 2248, 1732], ""type"": ""printed"", ""text"": ""мактимичноволовиканстворивачення вимента""}, {""bbox"": [413, 1751, 2311, 1850], ""type"": ""printed"", ""text"": ""Виклад відбудевся в наукою-метольогічному семина""}, {""bbox"": [274, 1857, 1659, 1941], ""type"": ""printed"", ""text"": ""відділу у середу дня 28 травня бр. 0""}, {""bbox"": [911, 1862, 2274, 1943], ""type"": ""printed"", ""text"": ""дня 28 травня бр. о год. 1. попол. В""}, {""bbox"": [276, 1956, 1066, 2042], ""type"": ""printed"", ""text"": ""помешканню Інституту.""}, {""bbox"": [1363, 2072, 1784, 2139], ""type"": ""printed"", ""text"": ""З поважням""}, {""bbox"": [352, 2162, 948, 2247], ""type"": ""printed"", ""text"": ""Директор відділу""}, {""bbox"": [277, 2260, 1140, 2354], ""type"": ""printed"", ""text"": ""проф. П. Білецький / вр/""}]"
7a57be4d-b57a-428b-b271-d142f87d9173.jpg,"[{""bbox"": [137, 150, 337, 220], ""type"": ""printed"", ""text"": ""7. І.Г.Р.""}, {""bbox"": [29, 253, 676, 326], ""type"": ""printed"", ""text"": ""Відділ Народознавства""}, {""bbox"": [2238, 227, 2466, 445], ""type"": ""annotation"", ""text"": ""158""}, {""bbox"": [22, 359, 587, 431], ""type"": ""printed"", ""text"": ""Пераготична секція""}, {""bbox"": [911, 421, 2314, 567], ""type"": ""printed"", ""text"": ""До Вп.п., M.10. 24 айбрала""}, {""bbox"": [22, 457, 601, 538], ""type"": ""printed"", ""text"": ""дня 6. червня 1928.""}, {""bbox"": [440, 621, 2239, 713], ""type"": ""printed"", ""text"": ""У пятницю для 8. червня о тод. Зх попол. в пошешканн�""}, {""bbox"": [417, 724, 2304, 812], ""type"": ""printed"", ""text"": ""Укр. - йст, Громадовнавства відбудеться в імкриття II е д а є 0""}, {""bbox"": [479, 824, 2360, 923], ""type"": ""printed"", ""text"": ""і і 40 го Семінара при Педаточичні йсекції Відділу Наро-""}, {""bbox"": [1069, 1054, 2216, 1134], ""type"": ""printed"", ""text"": ""I. Вступнє слово - проф. П. Білецькин.""}, {""bbox"": [1042, 1157, 2137, 1241], ""type"": ""printed"", ""text"": ""2. Виклад прод. С. Русової на тему:""}, {""bbox"": [1093, 1266, 2065, 1339], ""type"": ""printed"", ""text"": ""\""Що таке соціальна перагатчка\""""}, {""bbox"": [373, 1297, 2234, 1401], ""type"": ""printed"", ""text"": ""Повідомляючи Вас про це посимо вцвізати викриття семіндар""}, {""bbox"": [1434, 1437, 1819, 1493], ""type"": ""printed"", ""text"": ""З поважанням""}, {""bbox"": [1094, 1480, 1626, 1546], ""type"": ""printed"", ""text"": ""Керовник семінара""}, {""bbox"": [1281, 1540, 2004, 1610], ""type"": ""printed"", ""text"": ""проф. С. Русова (B.P.)""}]"
a54bea3f-86b5-42f9-802d-46a818434a8c.jpg,"[{""bbox"": [83, 91, 888, 163], ""type"": ""printed"", ""text"": ""сРаїнський комитет в 4.С.Р.""}, {""bbox"": [1495, 100, 2176, 193], ""type"": ""printed"", ""text"": ""і мовтня 1927 року""}, {""bbox"": [2120, 99, 2289, 264], ""type"": ""annotation"", ""text"": ""20""}, {""bbox"": [45, 173, 894, 257], ""type"": ""printed"", ""text"": ""Окварківку комТЕТ V Е. S. R.""}, {""bbox"": [160, 250, 770, 319], ""type"": ""printed"", ""text"": ""p RADner ∆ІН, КРАКОУКΠІ ІЕІ""}, {""bbox"": [1014, 256, 2275, 337], ""type"": ""printed"", ""text"": ""До члона Українського комітету вп""}, {""bbox"": [1001, 333, 1747, 447], ""type"": ""printed"", ""text"": ""11. Мю. Таповове""}, {""bbox"": [183, 503, 448, 572], ""type"": ""printed"", ""text"": ""4. 1913.""}, {""bbox"": [464, 655, 2167, 752], ""type"": ""printed"", ""text"": ""Управа Українського Комітету ласнаво просить""}, {""bbox"": [449, 751, 2226, 857], ""type"": ""printed"", ""text"": ""ти Загальні 3000 члонців українського йомітету""}, {""bbox"": [506, 854, 2287, 951], ""type"": ""printed"", ""text"": ""вють відбутися в нього мовтня 0 2 годині полуднє""}, {""bbox"": [565, 968, 2339, 1068], ""type"": ""printed"", ""text"": ""грання Соту щочаї, Ртава ІІ, Качую п. У орозк. пів та""}, {""bbox"": [894, 1130, 1452, 1203], ""type"": ""printed"", ""text"": ""Норядок денний:""}, {""bbox"": [258, 1230, 1116, 1300], ""type"": ""printed"", ""text"": ""I/ мриком нових уменів.""}, {""bbox"": [254, 1320, 1486, 1414], ""type"": ""printed"", ""text"": ""2) Довибір членів Управи комітету""}, {""bbox"": [565, 1421, 2342, 1524], ""type"": ""printed"", ""text"": ""над про сучасне становище комітету і дого мальутня""}, {""bbox"": [371, 1499, 585, 1550], ""type"": ""printed"", ""text"": ""праця.""}, {""bbox"": [225, 1535, 1669, 1623], ""type"": ""printed"", ""text"": ""4/ Організація Окрадно-позикової каси.""}, {""bbox"": [260, 1642, 889, 1721], ""type"": ""printed"", ""text"": ""5/ Вікучі справи.""}, {""bbox"": [966, 1704, 1576, 1768], ""type"": ""printed"", ""text"": ""3 пошаною""}, {""bbox"": [1343, 1803, 1938, 1882], ""type"": ""printed"", ""text"": ""Управи Номітету.""}]"
0c3a5c00-b135-48c0-9f46-a3d152c68e2e.jpg,"[{""bbox"": [1868, 211, 2092, 412], ""type"": ""annotation"", ""text"": ""180""}, {""bbox"": [623, 287, 927, 357], ""type"": ""printed"", ""text"": ""Відозва.""}, {""bbox"": [938, 330, 1849, 454], ""type"": ""printed"", ""text"": ""10 19. Шадія Микити""}, {""bbox"": [490, 519, 1831, 588], ""type"": ""printed"", ""text"": ""21. 111. 1921 року помер на вигнанні український выдатниЙ уче-""}, {""bbox"": [429, 568, 1827, 654], ""type"": ""printed"", ""text"": ""ний прогресор Володимир Ко валь - агроном-машинанець та ко-""}, {""bbox"": [403, 649, 1821, 747], ""type"": ""printed"", ""text"": ""В цілля вищування памяти неболячика 19. 1921 р. нюж чепід-""}, {""bbox"": [402, 702, 1797, 807], ""type"": ""printed"", ""text"": ""писані органгівації та особи заложили \""Комітет дри винануємня пам-""}, {""bbox"": [411, 750, 1789, 832], ""type"": ""printed"", ""text"": ""яти прад. Володимира Коваля\"". а не за вижати""}, {""bbox"": [466, 819, 1827, 918], ""type"": ""printed"", ""text"": ""а) абірання матеріалів з митти в діявляти  небомунка, відповцізне їх упо-""}, {""bbox"": [495, 898, 1830, 997], ""type"": ""printed"", ""text"": ""б) викислення та ревстрацію літературних празь небільшика, як по стецта-""}, {""bbox"": [471, 942, 1831, 1043], ""type"": ""printed"", ""text"": ""б) шланих, так і до загальний витанник, підуютьону ти додо руху їх онуб-""}, {""bbox"": [529, 986, 1836, 1071], ""type"": ""printed"", ""text"": ""півучання, і по визальних на уцевсько, та врактичного до різую ти оберб-""}, {""bbox"": [500, 1081, 1820, 1166], ""type"": ""printed"", ""text"": ""г) створиданню костаретна та ковіджерна за лікнізацію рахунних, звяганик в""}, {""bbox"": [455, 1154, 1828, 1241], ""type"": ""printed"", ""text"": ""а) передія на Україну тлінних останків небіжчина, коли для того скла-""}, {""bbox"": [451, 1226, 1825, 1315], ""type"": ""printed"", ""text"": ""С) переже дення менкої иншиюї роботи, законоют з основими навдавним ко-""}, {""bbox"": [443, 1311, 1827, 1400], ""type"": ""printed"", ""text"": ""Повідомляючи про це, Вас, порезізи вагальних Зборів Комітету""}, {""bbox"": [417, 1373, 1827, 1472], ""type"": ""printed"", ""text"": ""змертається до Вас з проканим встушти в склад чиснів Комітету.""}, {""bbox"": [405, 1452, 1829, 1548], ""type"": ""printed"", ""text"": ""закертаємого Вас з проханням виєсти добровільний даток у \""Дов'я""}, {""bbox"": [408, 1563, 2003, 1654], ""type"": ""printed"", ""text"": ""роч: М. Лівоїску. Нчатовітоюччна НС. 113. Купеличк""}, {""bbox"": [423, 1631, 1829, 1716], ""type"": ""printed"", ""text"": ""Одночасно повідомівачемо, що загальні збори Комтету для оста-""}, {""bbox"": [416, 1720, 1827, 1813], ""type"": ""printed"", ""text"": ""бразах, на 2 т. дня в Кабіжеті Загального хліворобства (вамок, кім-""}, {""bbox"": [424, 1825, 1809, 1901], ""type"": ""printed"", ""text"": ""Спозціючись на прихувне з Вашого боку ставлення до звіні-""}, {""bbox"": [464, 1870, 1775, 1970], ""type"": ""printed"", ""text"": ""ійованої мами справи залишаємося є прикупно до Вас погианого""}, {""bbox"": [498, 1959, 1715, 2036], ""type"": ""printed"", ""text"": ""~~А проф. В. Коналя Вікт. Доманцький.""}, {""bbox"": [498, 2069, 1598, 2146], ""type"": ""printed"", ""text"": ""Фундатори: За себе персонально проф. К. Мацієвни.""}, {""bbox"": [493, 2125, 1720, 2203], ""type"": ""printed"", ""text"": ""До   упразийтив в. Доманнизькип.""}, {""bbox"": [496, 2146, 1727, 2252], ""type"": ""printed"", ""text"": ""За В-по „Кооператинній фона ім. Васили До маницького“""}, {""bbox"": [469, 2232, 1731, 2303], ""type"": ""printed"", ""text"": ""Ликала Питенцький.""}, {""bbox"": [520, 2265, 1441, 2367], ""type"": ""printed"", ""text"": "",,Ощ-поя. т-во „Єдиність“ В. Ирикаловин.""}, {""bbox"": [534, 2372, 1402, 2451], ""type"": ""printed"", ""text"": ""„Акрономічне т-по при УГА“ П. Рибак.""}, {""bbox"": [520, 2428, 1349, 2496], ""type"": ""printed"", ""text"": ""„В-во „Рільна Спідка“ Б. Залевський.""}, {""bbox"": [496, 2490, 1223, 2563], ""type"": ""printed"", ""text"": ""Подебрадн-Лазнє. 23. ІІ. 1928 р.""}, {""bbox"": [488, 2605, 1845, 2716], ""type"": ""printed"", ""text"": ""Це ційнання Коміту для знайкучанки шмети проф. Володинка Вона пля""}, {""bbox"": [415, 2648, 1826, 2787], ""type"": ""printed"", ""text"": ""Канали, але завленцю свій ступ в склад чиснів зможненого Комітету в""}, {""bbox"": [409, 2736, 943, 2801], ""type"": ""printed"", ""text"": ""любровільним внеском в сумі""}, {""bbox"": [581, 2790, 693, 2835], ""type"": ""printed"", ""text"": ""(Дата)""}, {""bbox"": [570, 2838, 827, 2885], ""type"": ""printed"", ""text"": ""(точна адреса)""}]"
a3a2c459-f895-4f74-825b-2cb11cc0c8c5.jpg,"[{""bbox"": [870, 408, 1096, 586], ""type"": ""annotation"", ""text"": ""7.10""}, {""bbox"": [1189, 568, 2682, 702], ""type"": ""printed"", ""text"": ""ронизмієся у маєтку Несвітезича (до мі-""}, {""bbox"": [1198, 677, 2685, 799], ""type"": ""printed"", ""text"": ""стилась камера мировота судді 3 участка""}, {""bbox"": [1196, 784, 2705, 901], ""type"": ""printed"", ""text"": ""Вахмутсього повіту, котрога Венедиктович""}, {""bbox"": [1196, 872, 2719, 1010], ""type"": ""printed"", ""text"": ""у Те вреша заміняв), були, мокрадени боль-""}, {""bbox"": [1282, 1093, 2683, 1193], ""type"": ""printed"", ""text"": ""З огляду на ці данні, зовсім відсто-""}, {""bbox"": [1214, 1207, 2734, 1304], ""type"": ""printed"", ""text"": ""роняється та перешкода, котря у вищезта-""}, {""bbox"": [1189, 1308, 2628, 1413], ""type"": ""printed"", ""text"": ""даному відношенні моїм піз Р. 337 була""}, {""bbox"": [1179, 1407, 2761, 1520], ""type"": ""printed"", ""text"": ""зазнячена мною для призвучни венедикто-""}, {""bbox"": [1169, 1513, 2740, 1631], ""type"": ""printed"", ""text"": ""вича мировим суддею у Вахмутську сидово-""}, {""bbox"": [1187, 1648, 1732, 1734], ""type"": ""printed"", ""text"": ""мирову округу.""}, {""bbox"": [1353, 1734, 2562, 1845], ""type"": ""printed"", ""text"": ""Прикладається копія формулярного""}, {""bbox"": [1209, 1841, 2428, 1953], ""type"": ""printed"", ""text"": ""списку про службу Венедиктовича.""}, {""bbox"": [1306, 1986, 2346, 2109], ""type"": ""printed"", ""text"": ""старший Предсідатель Аковиб)""}]"
7c4f5130-ca60-48c7-85e4-096c8de64ed2.jpg,"[{""bbox"": [150, 108, 553, 157], ""type"": ""handwritten"", ""text"": ""Переклад з сврейської мови.""}, {""bbox"": [261, 222, 900, 277], ""type"": ""handwritten"", ""text"": ""До Міністерства Єврейських Справ.""}, {""bbox"": [435, 337, 618, 386], ""type"": ""handwritten"", ""text"": ""Прохання""}, {""bbox"": [530, 460, 887, 505], ""type"": ""handwritten"", ""text"": ""Делогатів Гощінської""}, {""bbox"": [525, 515, 905, 565], ""type"": ""handwritten"", ""text"": ""Евренськ. Гранадсьн. Роби.""}, {""bbox"": [213, 626, 1055, 685], ""type"": ""handwritten"", ""text"": ""Прохасто Міністерство Єврейських Справ вжна""}, {""bbox"": [152, 688, 1043, 748], ""type"": ""handwritten"", ""text"": ""їни заходів прати бандитив, котрі вимагають""}, {""bbox"": [152, 743, 1037, 808], ""type"": ""handwritten"", ""text"": ""від нашого містечка 25. 000 парбованців контрібує""}, {""bbox"": [151, 801, 1038, 867], ""type"": ""handwritten"", ""text"": ""ції. Коли ця сума не буде їм видати, вони загає""}, {""bbox"": [149, 862, 1048, 926], ""type"": ""handwritten"", ""text"": ""рожують виклакати загік з стації Кривення, по-""}, {""bbox"": [152, 917, 1056, 981], ""type"": ""handwritten"", ""text"": ""три пиходитись в 25 від нашого містечка, пога""}, {""bbox"": [155, 972, 1068, 1040], ""type"": ""handwritten"", ""text"": ""трі знищуть містячка Вони вже нару Днів не-""}, {""bbox"": [153, 1034, 1044, 1099], ""type"": ""handwritten"", ""text"": ""хаднілся в м. Гаці, їх всього 2 чоловіка й вани""}, {""bbox"": [149, 1092, 1045, 1154], ""type"": ""handwritten"", ""text"": ""подивають аебе сторшинами вкраїнської Карода""}, {""bbox"": [149, 1150, 1068, 1216], ""type"": ""handwritten"", ""text"": ""ньої Мрмії. Вгора вечерем зайнсов-до одного сворея,""}, {""bbox"": [151, 1208, 1047, 1274], ""type"": ""handwritten"", ""text"": ""котрого він котів гробити. Йога арайтували, то""}, {""bbox"": [155, 1268, 1058, 1333], ""type"": ""handwritten"", ""text"": ""окори прийшов його товариш і Начальник Між""}, {""bbox"": [150, 1327, 1087, 1390], ""type"": ""handwritten"", ""text"": ""ліцій, котрий мас всього в своїм рослорядження""}, {""bbox"": [148, 1382, 1064, 1450], ""type"": ""handwritten"", ""text"": ""10 людей, примучнен був його викустити. Пісся""}, {""bbox"": [143, 1440, 1013, 1505], ""type"": ""handwritten"", ""text"": ""цього, вони під упрозот що викличуть їх загін""}, {""bbox"": [144, 1498, 1047, 1561], ""type"": ""handwritten"", ""text"": ""для знищення містячка, вимагають 25: 000 корбок""}, {""bbox"": [152, 1562, 280, 1606], ""type"": ""handwritten"", ""text"": ""ванців.""}, {""bbox"": [209, 1610, 1030, 1673], ""type"": ""handwritten"", ""text"": ""І нашій окомці сврейське носелення зовсім""}, {""bbox"": [152, 1667, 1044, 1735], ""type"": ""handwritten"", ""text"": ""пограбовано. В селі Могил замордовино сврейську""}]"
99680234-73e0-4696-a6b1-44f884eb9dec.jpg,"[{""bbox"": [48, 4, 233, 151], ""type"": ""annotation"", ""text"": ""78 б""}, {""bbox"": [134, 82, 1061, 225], ""type"": ""handwritten"", ""text"": ""лубця про Арктенка.""}, {""bbox"": [133, 183, 1461, 326], ""type"": ""handwritten"", ""text"": ""Рецето про кникоку Терумелеяка плоїну""}, {""bbox"": [85, 303, 401, 397], ""type"": ""handwritten"", ""text"": ""повернути.""}, {""bbox"": [159, 358, 1470, 504], ""type"": ""handwritten"", ""text"": ""Що торхається тих стател, що є в не-""}, {""bbox"": [64, 458, 1404, 589], ""type"": ""handwritten"", ""text"": ""дакції лю, то я вже розін 5 кодив""}, {""bbox"": [80, 546, 1492, 689], ""type"": ""handwritten"", ""text"": ""і просив поверхути і  все меніобізяють.""}, {""bbox"": [86, 649, 1396, 779], ""type"": ""handwritten"", ""text"": ""Вам вислати. Мушу сам  відібраты.""}, {""bbox"": [176, 758, 1398, 889], ""type"": ""handwritten"", ""text"": ""Я вже писав Вам - як що можете,""}, {""bbox"": [68, 847, 1397, 990], ""type"": ""handwritten"", ""text"": ""то присилаять мені якісь видання з""}, {""bbox"": [78, 942, 1437, 1080], ""type"": ""handwritten"", ""text"": ""мистентва для рекенцій інни. Бут""}, {""bbox"": [85, 1033, 1459, 1174], ""type"": ""handwritten"", ""text"": ""маїже кого не можко дітати, або одужа""}, {""bbox"": [84, 1123, 1370, 1254], ""type"": ""handwritten"", ""text"": ""дорою. Проту вислати мені кову""}, {""bbox"": [86, 1217, 1491, 1355], ""type"": ""handwritten"", ""text"": ""хникочку: Ногіан зарвагав: Коціотька""}, {""bbox"": [91, 1321, 1392, 1450], ""type"": ""handwritten"", ""text"": ""чошина. Говотой 423 ки. Спіктинку""}, {""bbox"": [76, 1417, 1031, 1541], ""type"": ""handwritten"", ""text"": ""тут розуміється неможно діктати.""}, {""bbox"": [545, 1524, 1165, 1678], ""type"": ""handwritten"", ""text"": ""Всього доброгь?""}, {""bbox"": [491, 1676, 1405, 1854], ""type"": ""handwritten"", ""text"": ""Зваткою повага дови""}, {""bbox"": [703, 1861, 1106, 1981], ""type"": ""handwritten"", ""text"": ""~~Бб.""}, {""bbox"": [155, 1942, 436, 2048], ""type"": ""handwritten"", ""text"": ""Львів""}, {""bbox"": [86, 2056, 592, 2202], ""type"": ""handwritten"", ""text"": ""Замкова, 8""}]"
17fd976f-8a79-4d74-a066-61bdb02a3afb.jpg,"[{""bbox"": [238, 53, 492, 205], ""type"": ""annotation"", ""text"": ""10 з""}, {""bbox"": [74, 181, 962, 306], ""type"": ""handwritten"", ""text"": ""Очевидячки тебе, короша, щось""}, {""bbox"": [42, 277, 966, 380], ""type"": ""handwritten"", ""text"": ""дуре прикучило, що ти так""}, {""bbox"": [41, 349, 971, 453], ""type"": ""handwritten"", ""text"": ""фантом закричала „Даний“""}, {""bbox"": [51, 421, 976, 522], ""type"": ""handwritten"", ""text"": ""Погано тільки, що в тебе""}, {""bbox"": [68, 497, 978, 589], ""type"": ""handwritten"", ""text"": ""Ще зостався гімназічний""}, {""bbox"": [73, 567, 1010, 668], ""type"": ""handwritten"", ""text"": ""спосіб звертання до това-""}, {""bbox"": [69, 639, 1015, 742], ""type"": ""handwritten"", ""text"": ""ришів з дорученнями. Ко-""}, {""bbox"": [72, 714, 1020, 805], ""type"": ""handwritten"", ""text"": ""ли ти хочеш щось дору-""}, {""bbox"": [73, 781, 1016, 872], ""type"": ""handwritten"", ""text"": ""чити мені, ти  неодмін-""}, {""bbox"": [76, 851, 1015, 949], ""type"": ""handwritten"", ""text"": ""но мусиш зарані наївно""}, {""bbox"": [74, 921, 1010, 1025], ""type"": ""handwritten"", ""text"": ""сказати: , а нер побачимо,""}, {""bbox"": [88, 996, 1035, 1100], ""type"": ""handwritten"", ""text"": ""чи ти справірній това-""}, {""bbox"": [71, 1067, 1031, 1167], ""type"": ""handwritten"", ""text"": ""риш: Пода б, Кайре, за ки-""}, {""bbox"": [71, 1137, 1023, 1242], ""type"": ""handwritten"", ""text"": ""нути пімнацію. Невре""}, {""bbox"": [79, 1217, 1026, 1318], ""type"": ""handwritten"", ""text"": ""ти думаєш, що, не маючи""}, {""bbox"": [80, 1288, 1013, 1429], ""type"": ""handwritten"", ""text"": ""змоги або не бажаючи""}]"
a5e31da0-5af9-490a-9940-4eb01af25b76.jpg,"[{""bbox"": [19, 2, 1518, 122], ""type"": ""handwritten"", ""text"": ""та Народна прокуратура, які, згідно Конституції, повинні бути""}, {""bbox"": [34, 91, 1023, 188], ""type"": ""handwritten"", ""text"": ""незалежними у здійсненні правозахисту.""}, {""bbox"": [125, 152, 1641, 268], ""type"": ""handwritten"", ""text"": ""закладами у здійсненні процедур.""}, {""bbox"": [35, 227, 1512, 338], ""type"": ""handwritten"", ""text"": ""поділом влади, оскільки всі чини влади передбуватеть під""}, {""bbox"": [29, 300, 1486, 410], ""type"": ""handwritten"", ""text"": ""значення впливом Комуністичної партії Китаю, що має""}, {""bbox"": [33, 369, 1484, 495], ""type"": ""handwritten"", ""text"": ""забиття впливати кладенням підмін котрий, що має""}, {""bbox"": [35, 467, 716, 567], ""type"": ""handwritten"", ""text"": ""державним інститутам""}, {""bbox"": [62, 526, 1618, 652], ""type"": ""handwritten"", ""text"": ""2) Конституція КНР гарантує широкий спектр прав і свободи""}, {""bbox"": [86, 614, 1590, 728], ""type"": ""handwritten"", ""text"": ""гранатом, через мене: право на працю, освіту, свободу слова,""}, {""bbox"": [99, 689, 1593, 797], ""type"": ""handwritten"", ""text"": ""диреції зборів, відповідальних, право на пенсію і соціальний""}, {""bbox"": [85, 761, 1597, 882], ""type"": ""handwritten"", ""text"": ""захнет. Також передбачено рівність цих громадян перед""}, {""bbox"": [82, 865, 312, 960], ""type"": ""handwritten"", ""text"": ""законом.""}, {""bbox"": [166, 883, 1636, 1006], ""type"": ""handwritten"", ""text"": ""Проте реалізація цих прав обмежується погоненням""}, {""bbox"": [21, 960, 1616, 1084], ""type"": ""handwritten"", ""text"": ""Проте реалізація цього права суб'єктами підприємництва""}, {""bbox"": [27, 1034, 1630, 1154], ""type"": ""handwritten"", ""text"": ""що передаються залишляються думками, суспільною т""}, {""bbox"": [29, 1104, 1623, 1224], ""type"": ""handwritten"", ""text"": ""неелектрику. Але для здійснення громадської політики необхідно""}, {""bbox"": [30, 1172, 1591, 1305], ""type"": ""handwritten"", ""text"": ""для регулювання, контролю фінансових ресурсів, підтримки""}, {""bbox"": [40, 1264, 1456, 1387], ""type"": ""handwritten"", ""text"": ""заборонення""}, {""bbox"": [53, 1338, 1635, 1468], ""type"": ""handwritten"", ""text"": ""3) Комуністична партія має вирішальний і""}, {""bbox"": [48, 1419, 1420, 1537], ""type"": ""handwritten"", ""text"": ""правомочне платіжною силою ще контролює всі""}, {""bbox"": [49, 1487, 1545, 1606], ""type"": ""handwritten"", ""text"": ""кілової інституції влади, включає з законодавчими,""}, {""bbox"": [46, 1557, 1606, 1671], ""type"": ""handwritten"", ""text"": ""кількох інститутів влади, зокрема з законодавчої,""}, {""bbox"": [44, 1622, 1617, 1741], ""type"": ""handwritten"", ""text"": ""визначає керівну роль ЦНК як основи петлючної системи""}, {""bbox"": [44, 1697, 1506, 1808], ""type"": ""handwritten"", ""text"": ""КНР. Вже влада КНК поширюється на всі сфери""}, {""bbox"": [44, 1765, 1593, 1880], ""type"": ""handwritten"", ""text"": ""КНР. Вже власне КНР підтримувала всі ці схеми""}, {""bbox"": [48, 1839, 1390, 1947], ""type"": ""handwritten"", ""text"": ""стратегічних рішень, підтримання конкурентної""}, {""bbox"": [64, 1922, 509, 2031], ""type"": ""handwritten"", ""text"": ""курсу грайт.""}]"
fa4261aa-fe04-40d4-9204-94332941c598.jpg,"[{""bbox"": [97, 1, 1518, 94], ""type"": ""handwritten"", ""text"": ""Відповідно до Воденської конвенції про понуляння""}, {""bbox"": [81, 101, 509, 187], ""type"": ""handwritten"", ""text"": ""Знайти ідеозр.""}, {""bbox"": [120, 138, 1614, 259], ""type"": ""handwritten"", ""text"": ""Зносим (двохр.""}, {""bbox"": [83, 232, 515, 311], ""type"": ""handwritten"", ""text"": ""цінностей, а саме:""}, {""bbox"": [83, 267, 1450, 384], ""type"": ""handwritten"", ""text"": ""захист в державі передування інтересів громадян""}, {""bbox"": [78, 346, 1181, 455], ""type"": ""handwritten"", ""text"": ""- захист в державі""}, {""bbox"": [70, 421, 1649, 545], ""type"": ""handwritten"", ""text"": ""- розвиток та сирення торговельного, інтелектуального, культурних""}, {""bbox"": [79, 515, 1028, 613], ""type"": ""handwritten"", ""text"": ""національно зв'язував між державами""}, {""bbox"": [68, 575, 1576, 694], ""type"": ""handwritten"", ""text"": ""- збірник законних способів інформацію про державу""}, {""bbox"": [87, 678, 382, 763], ""type"": ""handwritten"", ""text"": ""перебування""}, {""bbox"": [41, 750, 672, 845], ""type"": ""handwritten"", ""text"": ""- видела паспорть, без""}, {""bbox"": [35, 826, 1484, 938], ""type"": ""handwritten"", ""text"": ""- виконання програмної нотаріуси, держ. реєстрі, айов""}, {""bbox"": [45, 920, 500, 1008], ""type"": ""handwritten"", ""text"": ""цівального стану""}, {""bbox"": [41, 967, 1585, 1088], ""type"": ""handwritten"", ""text"": ""- охорона інтересів громадян - нер. та фіз. осіб держави, що""}, {""bbox"": [54, 1057, 326, 1134], ""type"": ""handwritten"", ""text"": ""направлено""}, {""bbox"": [36, 1170, 773, 1304], ""type"": ""handwritten"", ""text"": ""III Ситуаційне завдання""}, {""bbox"": [158, 1267, 1539, 1375], ""type"": ""handwritten"", ""text"": ""Відповідно до динамічного прогнозу та сенс. один""}, {""bbox"": [49, 1336, 1578, 1447], ""type"": ""handwritten"", ""text"": ""Відповідно до дипломатичного кодексу дипломатична місія""}, {""bbox"": [60, 1405, 1544, 1505], ""type"": ""handwritten"", ""text"": ""Це дуже цінністю є можливість відновити""}, {""bbox"": [65, 1480, 839, 1563], ""type"": ""handwritten"", ""text"": ""ти пога, якщо це запропонує.""}, {""bbox"": [97, 1542, 926, 1626], ""type"": ""handwritten"", ""text"": ""2) не вказано, що запрошувався і""}, {""bbox"": [83, 1586, 1628, 1707], ""type"": ""handwritten"", ""text"": ""2) не вказано як запропоновано""}, {""bbox"": [86, 1673, 505, 1751], ""type"": ""handwritten"", ""text"": ""\""одеза\"", \""одеза турецька\"")""}, {""bbox"": [88, 1706, 1549, 1816], ""type"": ""handwritten"", ""text"": ""4) неправильно вказано прізвище визиваного, повинно бути""}, {""bbox"": [112, 1791, 1028, 1891], ""type"": ""handwritten"", ""text"": ""Р. С. Л. Р. Р., залишає \""прогну відновленої\"".""}, {""bbox"": [86, 2042, 365, 2106], ""type"": ""annotation"", ""text"": ""20.06.2025""}, {""bbox"": [1076, 2151, 1231, 2248], ""type"": ""annotation"", ""text"": ""90""}]"
455e22e3-0ac0-492f-a969-35c5bdce3853.jpg,"[{""bbox"": [62, 79, 814, 335], ""type"": ""handwritten"", ""text"": ""19. 2 x 4""}, {""bbox"": [341, 261, 5042, 617], ""type"": ""handwritten"", ""text"": ""розкласти на множники чисельник і знаменник,""}, {""bbox"": [141, 440, 5119, 884], ""type"": ""handwritten"", ""text"": ""20. застосовувати правило Лопіталя, застосовувати першу""}, {""bbox"": [406, 702, 2005, 953], ""type"": ""handwritten"", ""text"": ""визначну границю.""}, {""bbox"": [59, 811, 5391, 1304], ""type"": ""handwritten"", ""text"": ""21. формули Крамера; матричний метод; метод Гауса,""}, {""bbox"": [4131, 1180, 5451, 1500], ""type"": ""handwritten"", ""text"": ""метор рангів.""}, {""bbox"": [134, 1286, 4872, 2346], ""type"": ""formula"", ""text"": ""22. \\begin{vmatrix} 3 & 2 & -1 \\\\ 3 & -1 & 1 \\\\ 1 & -3 & 1 \\end{vmatrix} M_{21} = \\begin{vmatrix} 2 & -1 \\\\ -3 & 1 \\end{vmatrix} = 2 \\cdot 1 - (-1) \\cdot (-3) = -1""}, {""bbox"": [86, 2384, 5387, 3054], ""type"": ""formula"", ""text"": ""23. \\lim_{n \\to \\infty} \\frac{(2n^2 + 1)(n + 3)^3}{(n^2 + 1)^3 + (3n - 1)^2} = \\lim_{n \\to \\infty} \\frac{2n^5 + 18n^4 + 54n^3 + 54n^2 + n^3 + 9n^2 + 27n + 27}{n^6 + 3n^4 + 3n^2 + 1 + (3n - 1)^2}""}, {""bbox"": [66, 3095, 3667, 3749], ""type"": ""formula"", ""text"": ""= \\frac{2 \\cdot 5n^4 + 18 \\cdot 4n^3 + 55 \\cdot 3n^2 + 63 \\cdot 2n^1 + 27 + 0}{6n^5 + 3 \\cdot 4n^3 + 12 \\cdot 2n + 0 - 6} =""}, {""bbox"": [40, 3733, 5470, 4419], ""type"": ""formula"", ""text"": ""= \\lim_{n \\to \\infty} \\frac{10n^4 + 72n^3 + 165n^2 + 126n + 27}{6n^5 + 12n^3 + 24n - 6} = \\lim_{n \\to \\infty} \\frac{40n^3 + 216n^2 + 330n + 126}{30n^4 + 36n^2 + 24}""}, {""bbox"": [86, 4351, 5330, 5173], ""type"": ""formula"", ""text"": ""= \\lim_{n \\to \\infty} \\frac{2(20n^3 + 108n^2 + 165n + 63)}{2(15n^4 + 18n^2 + 12)} = \\lim_{n \\to \\infty} \\frac{\\frac{20n^3}{n^4} + \\frac{108n^2}{n^4} + \\frac{165n}{n^4} + \\frac{63}{n^4}}{\\frac{15n^4}{n^4} + \\frac{18n^2}{n^4} + \\frac{12}{n""}, {""bbox"": [72, 5030, 5128, 5951], ""type"": ""formula"", ""text"": ""= \\lim_{n \\to \\infty} \\frac{\\frac{20}{n} + \\frac{108}{n^2} + \\frac{165}{n^3} + \\frac{63}{n^4}}{15 + \\frac{18}{n^2} + \\frac{12}{n^4}} = \\lim_{n \\to \\infty} \\frac{\\frac{20}{\\infty} + \\frac{108}{\\infty} + \\frac{165}{\\infty} + \\frac{63}{\\infty}}{15 + \\frac{18}{\\infty} + \\frac{12}{""}, {""bbox"": [92, 5947, 666, 6390], ""type"": ""formula"", ""text"": ""\\frac{0}{15} = 0""}, {""bbox"": [61, 6398, 5400, 6833], ""type"": ""handwritten"", ""text"": ""24. інтегрування частинами, метод заміни змінної, безпосе-""}, {""bbox"": [60, 6764, 2027, 7120], ""type"": ""handwritten"", ""text"": ""середнє інтегрування.""}, {""bbox"": [23, 7195, 1374, 7480], ""type"": ""formula"", ""text"": ""25. C = A + 2 \\cdot B""}, {""bbox"": [2634, 7394, 3102, 7605], ""type"": ""handwritten"", ""text"": ""Отже:""}, {""bbox"": [82, 7541, 2396, 8008], ""type"": ""formula"", ""text"": ""A = \\begin{pmatrix} 6 & 1 & -3 \\\\ 2 & -1 & 0 \\end{pmatrix} B = \\begin{pmatrix} 7 & 3 & 1 \\\\ -5 & 1 & 4 \\end{pmatrix}""}, {""bbox"": [2516, 7615, 5470, 8301], ""type"": ""formula"", ""text"": ""C = \\begin{pmatrix} 6 + 14 & 1 + 6 & -3 + 2 \\\\ 2 + (-10) & -1 + 2 & 0 + 8 \\end{pmatrix} = \\begin{pmatrix} 20 & 7 & -1 \\\\ -8 & 1 & 8 \\end{pmatrix}""}, {""bbox"": [54, 8050, 1317, 8530], ""type"": ""formula"", ""text"": ""2B = \\begin{pmatrix} 14 & 6 & 2 \\\\ -10 & 2 & 8 \\end{pmatrix}""}]"
bb140be9-a6d3-4eb8-8d79-7d83194b77c1.jpg,"[{""bbox"": [208, 19, 798, 610], ""type"": ""formula"", ""text"": ""\\begin{vmatrix} 1 & -1 & 2 \\\\ 3 & 0 & 6 \\\\ 2 & 5 & -1 \\end{vmatrix}""}, {""bbox"": [3339, 210, 4655, 741], ""type"": ""image"", ""text"": """"}, {""bbox"": [20, 535, 2862, 880], ""type"": ""formula"", ""text"": ""det A = (0 - 12 + 30) - (0 + 30 + 3) = 18 - 33 = -15""}, {""bbox"": [17, 856, 854, 1144], ""type"": ""formula"", ""text"": ""47. \\sqrt{x} \\cdot \\sqrt{y} =""}, {""bbox"": [119, 1150, 1102, 1410], ""type"": ""formula"", ""text"": ""a^x b^x = (ab)^x""}, {""bbox"": [191, 1420, 788, 1703], ""type"": ""formula"", ""text"": ""\\frac{1}{x^n} = x^{-n}""}, {""bbox"": [194, 1681, 791, 1925], ""type"": ""formula"", ""text"": ""\\sqrt[n]{x} = x^{\\frac{1}{n}}""}, {""bbox"": [41, 1924, 1054, 2618], ""type"": ""formula"", ""text"": ""48. A = \\begin{pmatrix} 3 & 2 & -1 \\\\ 2 & -1 & 1 \\\\ -1 & 3 & 1 \\end{pmatrix}""}, {""bbox"": [116, 2513, 988, 3142], ""type"": ""formula"", ""text"": ""\\begin{vmatrix} 4 & -3 & 1 \\\\ 0 & 3 & -2 \\\\ 0 & 0 & -1 \\end{vmatrix}""}, {""bbox"": [55, 3120, 2092, 3498], ""type"": ""formula"", ""text"": ""det(A) = 4 \\cdot 3 \\cdot (-1) = 12 \\cdot (-1) = -12.""}, {""bbox"": [38, 3496, 1151, 4127], ""type"": ""formula"", ""text"": ""44. \\begin{pmatrix} 5 & 2 & -1 \\\\ 2 & -1 & 2 \\\\ -1 & 3 & 1 \\end{pmatrix}""}, {""bbox"": [73, 4027, 2654, 4483], ""type"": ""formula"", ""text"": ""M_{33} = \\begin{vmatrix} 3 & 2 \\\\ 2 & -1 \\end{vmatrix} = 3 \\cdot (-1) - (2) \\cdot (2) = -3 - 4 = -7.""}, {""bbox"": [46, 6225, 677, 6427], ""type"": ""annotation"", ""text"": ""16.12.2015""}]"
f1df90d1-a5c8-4ef4-8a37-568c1484bd3f.jpg,"[{""bbox"": [91, 40, 333, 85], ""type"": ""formula"", ""text"": ""3. Na → NaOH""}, {""bbox"": [112, 88, 538, 144], ""type"": ""formula"", ""text"": ""2Na + 2H_2O \\to 2NaOH + H_2""}, {""bbox"": [124, 170, 411, 216], ""type"": ""handwritten"", ""text"": ""тит- залишення""}, {""bbox"": [126, 226, 298, 274], ""type"": ""formula"", ""text"": ""OBP - таке""}, {""bbox"": [128, 308, 355, 359], ""type"": ""formula"", ""text"": ""NaOH → NaCl""}, {""bbox"": [126, 371, 552, 441], ""type"": ""formula"", ""text"": ""NaOH + HCl \\to NaCl + H_2O""}, {""bbox"": [221, 423, 310, 469], ""type"": ""annotation"", ""text"": ""200""}, {""bbox"": [127, 463, 356, 503], ""type"": ""formula"", ""text"": ""n_{H_2} = 0,5 моль""}, {""bbox"": [132, 516, 266, 564], ""type"": ""formula"", ""text"": ""OBR - n1""}, {""bbox"": [138, 559, 653, 640], ""type"": ""formula"", ""text"": ""NaCl + AgNO_3 \\to AgCl \\downarrow + NaNO_3""}, {""bbox"": [218, 632, 329, 676], ""type"": ""annotation"", ""text"": ""2004.""}, {""bbox"": [157, 669, 350, 706], ""type"": ""formula"", ""text"": ""так - однієї""}, {""bbox"": [157, 710, 294, 758], ""type"": ""formula"", ""text"": ""OBP - не""}, {""bbox"": [163, 773, 445, 830], ""type"": ""formula"", ""text"": ""NaNO_3 \\to NaNO_2""}, {""bbox"": [152, 836, 545, 904], ""type"": ""formula"", ""text"": ""2NaNO_3 \\xrightarrow{\\Delta} 2NaNO_2 + O_2""}, {""bbox"": [362, 899, 483, 965], ""type"": ""annotation"", ""text"": ""даних""}, {""bbox"": [82, 1012, 745, 1093], ""type"": ""formula"", ""text"": ""Zn(OH)2 + 2NaOH → Na2[Zn(OH)4]""}, {""bbox"": [652, 1015, 957, 1181], ""type"": ""annotation"", ""text"": ""(0 бр) 4] споручення""}, {""bbox"": [137, 1087, 611, 1162], ""type"": ""handwritten"", ""text"": ""тип - комплексоутворення""}, {""bbox"": [161, 1170, 298, 1219], ""type"": ""formula"", ""text"": ""OBP - H""}, {""bbox"": [1010, 1155, 1127, 1255], ""type"": ""annotation"", ""text"": ""5б.""}, {""bbox"": [135, 1285, 753, 1364], ""type"": ""formula"", ""text"": ""CH3CH2CH2OH \\xrightarrow{H2SO4} CH3CH=CH2↑""}, {""bbox"": [89, 1367, 630, 1442], ""type"": ""handwritten"", ""text"": ""5. ізобутилен (2-метилпропен)""}, {""bbox"": [787, 1319, 1492, 1593], ""type"": ""annotation"", ""text"": ""структурні формули? ± 15б + 2""}, {""bbox"": [171, 1448, 425, 1508], ""type"": ""formula"", ""text"": ""CH_2 = C(CH_3)_2""}, {""bbox"": [161, 1510, 550, 1575], ""type"": ""handwritten"", ""text"": ""З метил-1-бутанола""}, {""bbox"": [163, 1574, 689, 1650], ""type"": ""formula"", ""text"": ""CH3 - CH (CH3) - CH2 - CH2OH""}]"
4beaadf9-1007-4233-99be-d72fa5f2e6fa.jpg,"[{""bbox"": [17, 1, 1604, 95], ""type"": ""handwritten"", ""text"": ""Після хвилі протестів із боку \""Чорних пантер\"" Метр""}, {""bbox"": [19, 37, 1615, 146], ""type"": ""handwritten"", ""text"": ""почала визначати проблему соціальної нерівності""}, {""bbox"": [19, 81, 1568, 196], ""type"": ""handwritten"", ""text"": ""що призвело до реформ у соціальному законодавстві""}, {""bbox"": [19, 125, 1483, 234], ""type"": ""handwritten"", ""text"": ""спримований на інтеграцію етнічних меншин""}, {""bbox"": [20, 182, 1656, 306], ""type"": ""handwritten"", ""text"": ""2) Мріям'єр-мініст Україною очолює уряд і є фанатичним мерівонним виконавчою влади безпеки""}, {""bbox"": [11, 251, 1513, 358], ""type"": ""handwritten"", ""text"": ""мірівними виконавчої влади, бере участь у""}, {""bbox"": [9, 306, 1625, 429], ""type"": ""handwritten"", ""text"": ""призначення суддів до Верховного суду, що визначає""}, {""bbox"": [13, 362, 1635, 497], ""type"": ""handwritten"", ""text"": ""відповіді до Верховного суду, що визнавав""}, {""bbox"": [9, 474, 1656, 626], ""type"": ""handwritten"", ""text"": ""3) Зміцнення ~~правових~~{правової} стабільності у країні""}, {""bbox"": [16, 553, 1605, 680], ""type"": ""handwritten"", ""text"": ""~~відносин~~ фізичну стабільність у кращу""}, {""bbox"": [8, 748, 735, 816], ""type"": ""handwritten"", ""text"": ""покритим ушит порою""}, {""bbox"": [14, 784, 1545, 889], ""type"": ""handwritten"", ""text"": ""Завдяки відповідям на соціальні виклики свідомих""}, {""bbox"": [14, 829, 1600, 945], ""type"": ""handwritten"", ""text"": ""свреїв через Метр ініціював зміни у біологічному""}, {""bbox"": [14, 886, 1612, 1009], ""type"": ""handwritten"", ""text"": ""закладавства, які дали старт програмам соц. захисту""}, {""bbox"": [12, 942, 253, 1002], ""type"": ""handwritten"", ""text"": ""погрешно""}, {""bbox"": [13, 970, 1575, 1099], ""type"": ""handwritten"", ""text"": ""Внаслідок її ініціатив із підписання міжнародних""}, {""bbox"": [3, 1038, 1603, 1165], ""type"": ""handwritten"", ""text"": ""договорів ізраїль посилив своє законодавство щодо""}, {""bbox"": [5, 1085, 1613, 1217], ""type"": ""handwritten"", ""text"": ""забезпечував і здатлив посилив своє законодавство щодо""}, {""bbox"": [10, 1140, 428, 1220], ""type"": ""handwritten"", ""text"": ""кої допомоги""}, {""bbox"": [19, 1206, 451, 1294], ""type"": ""handwritten"", ""text"": ""Рекомендації""}, {""bbox"": [22, 1276, 406, 1352], ""type"": ""handwritten"", ""text"": ""Як показала""}, {""bbox"": [9, 1259, 1608, 1370], ""type"": ""handwritten"", ""text"": ""Як показала Метр, приводом порогом мав збері-""}, {""bbox"": [3, 1323, 1628, 1440], ""type"": ""handwritten"", ""text"": ""гасне навіть під час гас війни. Варто уникати віру-""}, {""bbox"": [4, 1380, 1551, 1503], ""type"": ""handwritten"", ""text"": ""гасне виконавчої влади у судові процеси, як це""}, {""bbox"": [0, 1412, 1637, 1618], ""type"": ""handwritten"", ""text"": ""і співування держави. Вартість навіть у період загрози""}, {""bbox"": [5, 1543, 1610, 1715], ""type"": ""handwritten"", ""text"": ""а не ігнорувати. Відповідь на протести та критику""}, {""bbox"": [0, 1781, 1644, 1942], ""type"": ""handwritten"", ""text"": ""мешканні і молоді, у формуванні політики, з огляду""}]"
d838b5f7-0346-4e74-9c26-243a4441ac00.jpg,"[{""bbox"": [96, 21, 1025, 123], ""type"": ""handwritten"", ""text"": ""1. 2-Бром - 3-метилпентан,""}, {""bbox"": [87, 139, 876, 234], ""type"": ""handwritten"", ""text"": ""- на 2-му атомі - бром""}, {""bbox"": [78, 233, 1017, 337], ""type"": ""handwritten"", ""text"": ""- на 3-му - металічна група.""}, {""bbox"": [1035, 175, 1354, 516], ""type"": ""annotation"", ""text"": ""структурні ф-ли? ± 15б.""}, {""bbox"": [98, 335, 1006, 483], ""type"": ""formula"", ""text"": ""CH3-CH(Br)-CH(CH3)-CH2-CH3.""}, {""bbox"": [92, 516, 808, 635], ""type"": ""formula"", ""text"": ""2. CH3-CH(Br)-CH2-CH3""}]"
085cede2-f64a-4ce5-b12a-89edde06ce9d.jpg,"[{""bbox"": [1511, 0, 1669, 79], ""type"": ""annotation"", ""text"": ""CT1""}, {""bbox"": [39, 57, 555, 156], ""type"": ""handwritten"", ""text"": ""-""}, {""bbox"": [33, 179, 192, 270], ""type"": ""handwritten"", ""text"": ""Маза:""}, {""bbox"": [42, 195, 1892, 339], ""type"": ""handwritten"", ""text"": ""Мода:""}, {""bbox"": [47, 281, 1705, 407], ""type"": ""handwritten"", ""text"": ""Медіанний інтервал (де 3) з наслідками частотною 66. Оскільки""}, {""bbox"": [43, 365, 1822, 498], ""type"": ""handwritten"", ""text"": ""Медіана (Мс): Номер медіани = 105/2 = 52,5. У звичайних позначається в першій""}, {""bbox"": [58, 471, 442, 551], ""type"": ""handwritten"", ""text"": ""імпортом (доля).""}, {""bbox"": [60, 522, 926, 624], ""type"": ""handwritten"", ""text"": ""Відповідь: Мода = 6; Медіана = 52,5.""}, {""bbox"": [70, 610, 434, 704], ""type"": ""handwritten"", ""text"": ""Завдання №5""}, {""bbox"": [53, 652, 1561, 789], ""type"": ""handwritten"", ""text"": ""Завдання №5""}, {""bbox"": [66, 780, 417, 870], ""type"": ""handwritten"", ""text"": ""Завдання №""}, {""bbox"": [55, 855, 251, 928], ""type"": ""handwritten"", ""text"": ""Дано""}, {""bbox"": [58, 856, 1651, 985], ""type"": ""handwritten"", ""text"": ""Дано:""}, {""bbox"": [59, 945, 1105, 1054], ""type"": ""handwritten"", ""text"": ""Дани (відцентрові): 1,103; 1,141; 0,928; 0,942""}, {""bbox"": [60, 1038, 648, 1136], ""type"": ""handwritten"", ""text"": ""11 Загальне зростання:""}, {""bbox"": [64, 1080, 1778, 1214], ""type"": ""handwritten"", ""text"": ""1) Загальне зростання:""}, {""bbox"": [62, 1182, 854, 1280], ""type"": ""handwritten"", ""text"": ""2) Сорозмаїстість зростання:""}, {""bbox"": [67, 1236, 1520, 1371], ""type"": ""formula"", ""text"": ""2) (середньоаритмічне зростання) \\bar{K} = \\sqrt[4]{1,106} \\approx 1,0255 (або 2,55%, в середньому щомісяця).""}, {""bbox"": [61, 1322, 1864, 1445], ""type"": ""handwritten"", ""text"": ""К = √1,106 ≈ 1,05255 (або 1,56%), в (середньому галасує).""}, {""bbox"": [66, 1426, 663, 1520], ""type"": ""handwritten"", ""text"": ""k ≈ 1,0255 або 2,55%""}, {""bbox"": [74, 1499, 404, 1597], ""type"": ""handwritten"", ""text"": ""Завдання № 7""}, {""bbox"": [1160, 1746, 1890, 1915], ""type"": ""formula"", ""text"": ""|F| = \\frac{\\sum p_1 q_1}{\\sum p_0 q_1} = \\frac{(13 \\cdot 12) + (7 \\cdot 22)}{(10 \\cdot 15 \\cdot 12) + (15 \\cdot 22)} = \\frac{1830}{1506} \\approx 1,2157""}, {""bbox"": [2, 2075, 584, 2208], ""type"": ""formula"", ""text"": ""\\frac{1}{1,2105} \\approx 0,8258""}, {""bbox"": [62, 2085, 1833, 2318], ""type"": ""handwritten"", ""text"": ""1. 1 / 1,2105 = 0,8258""}, {""bbox"": [7, 2246, 604, 2373], ""type"": ""handwritten"", ""text"": ""100% - 82158""}]"
75d41fe1-2946-4e13-b966-f44cbc7818fc.jpg,"[{""bbox"": [50, 116, 703, 633], ""type"": ""formula"", ""text"": ""\\begin{array}{|c|c|c|c|} \\hline \\text{Діаметр} & \\text{Кільк.} & \\text{х-ф} \\\\ \\text{уист. х} & \\text{чис. (f)} & \\\\ \\hline 1,6 & 20 & 32 \\\\ 2,0 & 18 & 36 \\\\ 1,8 & 10 & 18 \\\\ 2 & 48 & 86 \\\\ \\hline \\end{array}""}, {""bbox"": [46, 645, 587, 758], ""type"": ""formula"", ""text"": ""\\overline{x} = \\frac{86}{48} = 1,79 см""}, {""bbox"": [28, 687, 1501, 872], ""type"": ""handwritten"", ""text"": ""x = 86 / 48 = 1,79 см""}, {""bbox"": [19, 863, 216, 937], ""type"": ""handwritten"", ""text"": ""r 5.13""}, {""bbox"": [22, 898, 1827, 1367], ""type"": ""table"", ""text"": ""i | Назва балку | Численність (xi) | Кільк. акт. (fi) | xi.fi | (xi-x)².fi""}, {""bbox"": [25, 1279, 389, 1429], ""type"": ""formula"", ""text"": ""\\bar{x} = \\frac{\\sum x_i f_i}{\\sum f_i}""}, {""bbox"": [32, 1589, 689, 1737], ""type"": ""formula"", ""text"": ""= \\frac{15287,2}{41952} = 0,364""}, {""bbox"": [37, 1722, 833, 1887], ""type"": ""formula"", ""text"": ""\\sigma^2 = \\frac{\\sum (x_i - \\bar{x})^2 f_i}{\\sum f_i}""}, {""bbox"": [47, 1862, 1620, 1996], ""type"": ""formula"", ""text"": ""1) (0,6 - 0,364)^2 \\cdot 10802 = 0,0555 \\cdot 10802 = 599,11""}, {""bbox"": [40, 1961, 1708, 2088], ""type"": ""formula"", ""text"": ""2) (9,43 - 9,364)^2 \\cdot 2000 = 0,004356 \\cdot 2000 = 30,492""}, {""bbox"": [33, 2068, 1677, 2194], ""type"": ""formula"", ""text"": ""3) (0,24 - 0,364)^2 \\cdot 24150 = 0,015376 \\cdot 24150 = 371,3304""}, {""bbox"": [43, 2205, 528, 2308], ""type"": ""formula"", ""text"": ""z = 995,9324""}, {""bbox"": [51, 2293, 806, 2445], ""type"": ""formula"", ""text"": ""\\sigma^2 = \\frac{395,9324}{41952} = 3,0237""}, {""bbox"": [43, 2559, 848, 2671], ""type"": ""formula"", ""text"": ""\\bar{δ} = \\frac{9604 - 5052}{1} = 4552""}, {""bbox"": [41, 2662, 1496, 2778], ""type"": ""formula"", ""text"": ""T_{пр.} = (\\frac{47}{40} - 1) \\cdot 100\\% = (\\frac{7604}{5250} - 1) \\cdot 100\\% = 90,14\\%""}]"
140b17cd-461e-4ee6-bf04-4b822997e247.jpg,"[{""bbox"": [22, 9, 290, 81], ""type"": ""handwritten"", ""text"": ""Завдання 3.""}, {""bbox"": [32, 68, 1487, 163], ""type"": ""handwritten"", ""text"": ""Інтервенційна чіна - це чіна, за якою державні органи або спеціально""}, {""bbox"": [25, 128, 1587, 230], ""type"": ""handwritten"", ""text"": ""уновновожені організації скуповують сільськогосподарську продукцію, щоб підтримати""}, {""bbox"": [26, 192, 1548, 291], ""type"": ""handwritten"", ""text"": ""держирів та стабілізувати ринок. Це мінімальний рівень ціни, ~~на продукцію~~""}, {""bbox"": [20, 250, 1569, 353], ""type"": ""handwritten"", ""text"": ""нинішнє якого ціни на продукцію не опускаються, оскільки держава виступає""}, {""bbox"": [28, 315, 226, 368], ""type"": ""handwritten"", ""text"": ""покупцем.""}, {""bbox"": [31, 379, 293, 455], ""type"": ""handwritten"", ""text"": ""Завдання 4""}, {""bbox"": [1061, 409, 1184, 452], ""type"": ""annotation"", ""text"": ""20""}, {""bbox"": [21, 430, 1199, 530], ""type"": ""handwritten"", ""text"": ""1-3; 2-2; 3-1; 4-3; 5-3; 6-2; 7-2; 8-4; 9-2; 10-1""}, {""bbox"": [45, 532, 293, 608], ""type"": ""handwritten"", ""text"": ""Завдання 5""}, {""bbox"": [955, 547, 1074, 598], ""type"": ""annotation"", ""text"": ""20""}, {""bbox"": [17, 595, 1506, 700], ""type"": ""handwritten"", ""text"": ""1) На сучасному європейському ринку, враховуючи його різноманітність та""}, {""bbox"": [22, 663, 1604, 761], ""type"": ""handwritten"", ""text"": ""фрагментованість (через мобні та технічні відмінності, а також різні платіжні системи),""}, {""bbox"": [27, 718, 1518, 808], ""type"": ""handwritten"", ""text"": ""найбільш ефективно можуть діяти компанії типу \""Click-and-mortar\"", що поєднують""}, {""bbox"": [32, 767, 1498, 866], ""type"": ""handwritten"", ""text"": ""роботу як на фізичному, так і на електронному ринку. Цьому можуть бути""}, {""bbox"": [42, 828, 1504, 927], ""type"": ""handwritten"", ""text"": ""як на фізичному, так і на емоційному рівні. Однак можуть бути""}, {""bbox"": [45, 885, 1592, 998], ""type"": ""handwritten"", ""text"": ""критично важливим на ринках, де електронна ~~торгівля~~ комерція ще не повністю""}, {""bbox"": [41, 951, 1519, 1061], ""type"": ""handwritten"", ""text"": ""договорення. Клієнти чікують можливість відвідувати магазин, отримувати консультацію та отримати""}, {""bbox"": [28, 1007, 1465, 1111], ""type"": ""handwritten"", ""text"": ""товар особисто. По-друге, такі компанії можуть впроваджувати, омніканальну""}, {""bbox"": [24, 1073, 1542, 1175], ""type"": ""handwritten"", ""text"": ""стратегією, яка забезпечує безпосередній доступ для клієнта, незалежно від того, де він""}, {""bbox"": [19, 1128, 1423, 1225], ""type"": ""handwritten"", ""text"": ""взаємодіє з брендом - онлайн чи офлайн (це покращує діяльність продажів).""}, {""bbox"": [18, 1199, 1512, 1297], ""type"": ""handwritten"", ""text"": ""2) Для подальшого розвитку електронного бізнесу в Європі необхідно сівкорити""}, {""bbox"": [20, 1263, 1443, 1356], ""type"": ""handwritten"", ""text"": ""ніж у вимушених перерумов. Насамперед, це паралелізація законодавства та""}, {""bbox"": [18, 1319, 1552, 1414], ""type"": ""handwritten"", ""text"": ""регулювання між країнами ЄС, особливо у сферах захисту прав споживачів,""}, {""bbox"": [18, 1377, 1531, 1472], ""type"": ""handwritten"", ""text"": ""віддякування за рахунок даних (GDPR), що може сприяти транскордонну""}, {""bbox"": [22, 1439, 1498, 1533], ""type"": ""handwritten"", ""text"": ""електронну комерцію. Також важливим кроком є уніфікація платіжних""}, {""bbox"": [17, 1499, 1493, 1596], ""type"": ""handwritten"", ""text"": ""систем, щоб полегшити процес покупки клієнтів та інтеграцію для бізнесу.""}, {""bbox"": [19, 1560, 1425, 1656], ""type"": ""handwritten"", ""text"": ""Ще розвивати частину інфраструктури. Всі ці фактори допоможуть""}, {""bbox"": [20, 1624, 1591, 1725], ""type"": ""handwritten"", ""text"": ""Європейському електронному біржі не тільки надавати, а й випередити""}, {""bbox"": [29, 1693, 1319, 1794], ""type"": ""handwritten"", ""text"": ""інші ринки, використовуючи вже більш передові технології.""}]"
1646ae0b-5f44-4cc3-84fa-5a14cf09be3e.jpg,"[{""bbox"": [94, 97, 622, 326], ""type"": ""image"", ""text"": """"}, {""bbox"": [86, 376, 755, 473], ""type"": ""formula"", ""text"": ""~~8. Направлення~~ 7, 7.""}, {""bbox"": [124, 555, 379, 639], ""type"": ""formula"", ""text"": ""a_3 = 1884""}, {""bbox"": [115, 663, 414, 747], ""type"": ""formula"", ""text"": ""i_{44} = 1584""}, {""bbox"": [109, 763, 441, 860], ""type"": ""formula"", ""text"": ""l_{25} = 1,287""}, {""bbox"": [110, 903, 868, 1066], ""type"": ""formula"", ""text"": ""I_d^{сер.ср.} = \\frac{i_{d3} + i_{d4} + i_{d5}}{3}""}, {""bbox"": [94, 1081, 1327, 1260], ""type"": ""formula"", ""text"": ""I_q сер.ар. = (1,884 + 1,584 + 1,287) / 3 = 4,755 / 3 = 1,585""}, {""bbox"": [89, 1362, 730, 1485], ""type"": ""formula"", ""text"": ""I_{a}^{24} = I_{q}^{сер.ар.} = 1,585""}, {""bbox"": [153, 1550, 711, 1651], ""type"": ""formula"", ""text"": ""\\Delta Q = (I_d - 1) \\cdot Q_0""}, {""bbox"": [153, 1699, 1200, 1799], ""type"": ""formula"", ""text"": ""\\Delta Q = 1,585 - 1 = 0,585 \\cdot 100\\% = 58,5\\%""}, {""bbox"": [121, 1890, 1569, 1988], ""type"": ""handwritten"", ""text"": ""Отже, для банків 3-5 середній арифметичний""}, {""bbox"": [80, 2001, 1722, 2113], ""type"": ""handwritten"", ""text"": ""загальний індекс фізичного обсягу реалізації, обчислений""}, {""bbox"": [113, 2100, 1905, 2213], ""type"": ""handwritten"", ""text"": ""за даними графи \""Ф\"" становить 1,585, і є множником""}, {""bbox"": [90, 2200, 1512, 2295], ""type"": ""handwritten"", ""text"": ""агрегатному індексу. Це свідчить про зростання""}, {""bbox"": [83, 2287, 1663, 2381], ""type"": ""handwritten"", ""text"": ""фізичного обсягу реалізації на 58,5 % у звітному""}, {""bbox"": [57, 2405, 974, 2499], ""type"": ""handwritten"", ""text"": ""періоді порівняно з базисним.""}, {""bbox"": [1788, 2594, 1874, 2686], ""type"": ""annotation"", ""text"": ""3.""}, {""bbox"": [58, 2639, 357, 2707], ""type"": ""annotation"", ""text"": ""24.12.2025""}, {""bbox"": [550, 2636, 676, 2718], ""type"": ""annotation"", ""text"": ""32p""}]"
22cd3c93-0e4f-47f3-9607-2ea577f8f78c.jpg,"[{""bbox"": [83, 1, 1211, 90], ""type"": ""handwritten"", ""text"": ""має єдиний розклад""}, {""bbox"": [60, 19, 814, 137], ""type"": ""handwritten"", ""text"": ""має єдиний розв'язок""}, {""bbox"": [25, 110, 354, 221], ""type"": ""formula"", ""text"": ""f(x) = \\ln x""}, {""bbox"": [22, 157, 1448, 411], ""type"": ""formula"", ""text"": ""f(x) = \\frac{\\ln x}{1 + x^2}""}, {""bbox"": [12, 252, 898, 473], ""type"": ""formula"", ""text"": ""Якщо f(x) = \\frac{u(x)}{v(x)}, то f'(x) = \\frac{u'v - uv'}{v^2}""}, {""bbox"": [29, 445, 464, 593], ""type"": ""handwritten"", ""text"": ""u'(x) = 1/x, v'(x) = 1/x""}, {""bbox"": [29, 410, 1277, 801], ""type"": ""formula"", ""text"": ""f'(1) = \\frac{1 + 1^2 - 2 \\cdot 1 \\cdot \\ln 1}{(1 + 1^2)^2} = \\frac{2 - 0}{4} = \\frac{1}{2}""}, {""bbox"": [36, 745, 1160, 972], ""type"": ""formula"", ""text"": ""f'(1) = \\frac{\\frac{1+1^2}{1} - 2 \\cdot 1 \\cdot 1}{(1+1^2)^2} = \\frac{\\frac{2}{1} - 0}{(2)^2} = \\frac{2}{4} = \\frac{1}{2}""}, {""bbox"": [51, 929, 1334, 1071], ""type"": ""handwritten"", ""text"": ""Відповідь: похідна в точці x = 1 = f'(1) = 1/2.""}, {""bbox"": [43, 1035, 364, 1114], ""type"": ""formula"", ""text"": ""15 b_{12} = 1""}, {""bbox"": [38, 1095, 464, 1220], ""type"": ""formula"", ""text"": ""16. \\int_{1}^{2} \\frac{dx}{(1-2x)^3}""}, {""bbox"": [154, 1156, 468, 1228], ""type"": ""formula"", ""text"": ""\\int_{1}^{\\frac{1}{2}} \\frac{dx}{(1-2x)^3}""}, {""bbox"": [50, 1201, 1003, 1298], ""type"": ""formula"", ""text"": ""u = 1 - 2x \\Rightarrow du = -2 dx \\Rightarrow dx = -\\frac{1}{2} du""}, {""bbox"": [48, 1267, 1241, 1370], ""type"": ""handwritten"", ""text"": ""Мета інтегрування при цій підстановці:""}, {""bbox"": [45, 1336, 886, 1403], ""type"": ""formula"", ""text"": ""Коли x = 1 => u = 1 = 1 - \\sqrt{2 \\cdot 1} = -1""}, {""bbox"": [49, 1382, 871, 1458], ""type"": ""formula"", ""text"": ""Коли x = 2 => u = 1 - 2 \\cdot 2 = -3""}, {""bbox"": [71, 1440, 910, 1581], ""type"": ""formula"", ""text"": ""\\int_{u=-1}^{-3} \\frac{-\\frac{1}{2} du}{u^{-3}} = -\\frac{1}{2} \\int_{-1}^{-3} u^{-3} du""}, {""bbox"": [72, 1529, 1191, 1685], ""type"": ""formula"", ""text"": ""-\\frac{1}{2} \\int_{-1}^{3} u^{-3} du = -\\frac{1}{2} \\left[ -\\frac{1}{2u^2} \\right]_{-1}^{3} = \\frac{1}{4} \\left[ \\frac{1}{u^2} \\right]_{-1}^{3}""}, {""bbox"": [49, 1646, 1239, 1799], ""type"": ""formula"", ""text"": ""\\frac{1}{4} \\left( \\frac{1}{(-3)^2} - \\frac{1}{(-1)^2} \\right) = \\frac{1}{4} \\left( \\frac{1}{9} - 1 \\right) = \\frac{1}{4} \\left( -\\frac{8}{9} \\right) = -\\frac{2}{9}""}, {""bbox"": [40, 1785, 423, 1888], ""type"": ""handwritten"", ""text"": ""Відповідь: - 2/9""}, {""bbox"": [40, 1867, 373, 1944], ""type"": ""formula"", ""text"": ""17 A_{12} = 16""}, {""bbox"": [56, 1884, 1962, 2022], ""type"": ""handwritten"", ""text"": ""17 A₁₂ = 16""}, {""bbox"": [50, 1980, 654, 2061], ""type"": ""handwritten"", ""text"": ""вання частинами""}, {""bbox"": [50, 2040, 446, 2177], ""type"": ""formula"", ""text"": ""19 \\begin{cases} 3x - 2y = 5 \\\\ 4x + y = 3 \\end{cases}""}, {""bbox"": [51, 2158, 1000, 2281], ""type"": ""formula"", ""text"": ""D = \\begin{vmatrix} 3 & -2 \\\\ 4 & 1 \\end{vmatrix} = 3 \\cdot 1 - (-2) \\cdot 4 = 3 + 8 = 11""}, {""bbox"": [44, 2257, 1066, 2381], ""type"": ""formula"", ""text"": ""D_x = \\begin{vmatrix} 5 & -2 \\\\ 3 & 1 \\end{vmatrix} = 5 \\cdot 1 - (-2) \\cdot 3 = 5 + 6 = 11""}, {""bbox"": [46, 2360, 975, 2483], ""type"": ""formula"", ""text"": ""D_y = \\begin{vmatrix} 3 & 5 \\\\ 4 & 3 \\end{vmatrix} = 3 \\cdot 3 - 5 \\cdot 4 = 9 - 20 = -11""}, {""bbox"": [50, 2471, 488, 2584], ""type"": ""formula"", ""text"": ""x = \\frac{D_x}{D} = \\frac{11}{11} = 1""}, {""bbox"": [82, 2570, 564, 2698], ""type"": ""formula"", ""text"": ""y = \\frac{D_y}{D} = \\frac{-11}{11} = -1""}, {""bbox"": [50, 2675, 775, 2777], ""type"": ""handwritten"", ""text"": ""x = 1 ; y = -1 Відповідь.""}]"
23a5880a-b005-4c52-bbde-7188f01e46fb.jpg,"[{""bbox"": [53, 3, 628, 85], ""type"": ""handwritten"", ""text"": ""• Принцип системності:""}, {""bbox"": [56, 67, 1560, 186], ""type"": ""handwritten"", ""text"": ""Психіка - це цілісна система, де всі елементи такі як емоції,""}, {""bbox"": [51, 136, 1656, 264], ""type"": ""handwritten"", ""text"": ""панівно, мислення теж взаємопов'язані. Якщо буде зміна одного""}, {""bbox"": [61, 193, 989, 294], ""type"": ""handwritten"", ""text"": ""компанетка, то воно повливає на інші.""}, {""bbox"": [49, 259, 1656, 398], ""type"": ""handwritten"", ""text"": ""Приклад - навчання новим навичкам активізує не лише мислення""}, {""bbox"": [62, 317, 551, 388], ""type"": ""handwritten"", ""text"": ""але й і можливо.""}, {""bbox"": [55, 369, 1656, 537], ""type"": ""handwritten"", ""text"": ""Цей принцип заподієв спрощення трактування, коли психіч. стан""}, {""bbox"": [59, 434, 759, 535], ""type"": ""handwritten"", ""text"": ""зв'язків лише до психології.""}, {""bbox"": [60, 474, 1656, 691], ""type"": ""handwritten"", ""text"": ""• Принцип розвитку: психіка постійно змін. під впливом навчання,""}, {""bbox"": [47, 567, 740, 662], ""type"": ""handwritten"", ""text"": ""досвіду, різним ~~у~~ умовам.""}, {""bbox"": [56, 619, 1596, 802], ""type"": ""handwritten"", ""text"": ""Прислід - Людина ~~в~~ може розвивати своїй інтелект за допомогою""}, {""bbox"": [59, 698, 787, 794], ""type"": ""handwritten"", ""text"": ""різних курсів або тренінгів.""}, {""bbox"": [62, 732, 1542, 911], ""type"": ""handwritten"", ""text"": ""• Принцип свідомості: психічні процеси проявляються через""}, {""bbox"": [54, 814, 1511, 969], ""type"": ""handwritten"", ""text"": ""діяльністю, роботу або спілкування, а діяльність вплив. на""}, {""bbox"": [63, 880, 323, 947], ""type"": ""handwritten"", ""text"": ""свідомість.""}, {""bbox"": [56, 911, 1656, 1079], ""type"": ""handwritten"", ""text"": ""Прикладом може бути коли: групова робота формує комунікацій-""}, {""bbox"": [53, 1004, 363, 1073], ""type"": ""handwritten"", ""text"": ""ні навички.""}, {""bbox"": [44, 1068, 1245, 1187], ""type"": ""handwritten"", ""text"": ""3. Методики вивч. уваги, пам'яті, мислення,""}, {""bbox"": [49, 1164, 238, 1227], ""type"": ""handwritten"", ""text"": ""\""Увага\"":""}, {""bbox"": [49, 1232, 950, 1328], ""type"": ""handwritten"", ""text"": ""Можна використати таблицю Шульце:""}, {""bbox"": [53, 1286, 1323, 1425], ""type"": ""handwritten"", ""text"": ""її мета: визначення швидкості переключення уваги.""}, {""bbox"": [47, 1364, 1559, 1511], ""type"": ""handwritten"", ""text"": ""як воно проходить: випробування знаходять числа у таблиці у""}, {""bbox"": [48, 1428, 536, 1501], ""type"": ""handwritten"", ""text"": ""порядку зростання.""}, {""bbox"": [44, 1478, 1576, 1628], ""type"": ""handwritten"", ""text"": ""Якщо низький час - то гарна концентрація, якщо високий час -""}, {""bbox"": [52, 1540, 1170, 1677], ""type"": ""handwritten"", ""text"": ""контрольні проблеми з увагою (інтерпретація)""}, {""bbox"": [52, 1614, 298, 1682], ""type"": ""handwritten"", ""text"": ""Память:""}, {""bbox"": [45, 1673, 689, 1769], ""type"": ""handwritten"", ""text"": ""Тест методика \""10 сків\"":""}, {""bbox"": [48, 1697, 1115, 1867], ""type"": ""handwritten"", ""text"": ""Мета: очійка об'єму короткочасної пам'яті.""}, {""bbox"": [45, 1853, 1599, 2025], ""type"": ""handwritten"", ""text"": ""якщо > 5 слів то норма, < 5 - можливі проблеми. (Інтерпретація)""}, {""bbox"": [49, 1932, 352, 2000], ""type"": ""handwritten"", ""text"": ""Мислення:""}, {""bbox"": [46, 1993, 445, 2068], ""type"": ""handwritten"", ""text"": ""Тест \""Аналогії\""""}, {""bbox"": [59, 2056, 1085, 2174], ""type"": ""handwritten"", ""text"": ""Мета: дослідження асоціативного мислення""}, {""bbox"": [58, 2120, 688, 2218], ""type"": ""handwritten"", ""text"": ""Встановлення подібностей.""}, {""bbox"": [53, 2186, 1526, 2332], ""type"": ""handwritten"", ""text"": ""Творчі асоціації - одна з гнучкостей мислення (інтерпретація)""}]"
23a8e4cb-50b6-47ed-b754-4bb18e8cda29.jpg,"[{""bbox"": [163, 50, 1641, 423], ""type"": ""table"", ""text"": ""| | ВВП ($, млрд) | Експорт, ($, млрд) | Імпорт, ($, млрд) | Доля в ВВП світу, % |""}, {""bbox"": [47, 279, 1656, 924], ""type"": ""table"", ""text"": ""| | | | | | | | | | | | | | | | | | | | | | | | | | | | | | | | | | | | | | | | | | | | | | | | | | | | | | | | | | | | | | | | | | | | | | | | | | | | | | | | | | | | | | | | | | | | | | | | | | | | | | | | | | | | | | | | | | | | | | | | | | | | | | | | | | | | | | | | | | | | | | | | | | | | | | | | | | | | | | | |""}, {""bbox"": [24, 899, 749, 986], ""type"": ""handwritten"", ""text"": ""1) ВТО = Експорт + Импорт Експорт""}, {""bbox"": [25, 960, 945, 1068], ""type"": ""handwritten"", ""text"": ""2) Експортна квота (%) = (~~Виробл~~ (Експорт) / (ВВП) * 100%""}, {""bbox"": [20, 1035, 888, 1158], ""type"": ""handwritten"", ""text"": ""3) Інфляц. квота (%) = (Інфляція / ВВП) * 100%""}, {""bbox"": [728, 1146, 1144, 1243], ""type"": ""handwritten"", ""text"": ""ВВП країни / ВВП світу) * 100%""}, {""bbox"": [740, 1207, 979, 1283], ""type"": ""handwritten"", ""text"": ""ВВП світу""}, {""bbox"": [27, 1245, 609, 1344], ""type"": ""handwritten"", ""text"": ""Розрахунки для світу:""}, {""bbox"": [833, 1264, 1414, 1339], ""type"": ""handwritten"", ""text"": ""Розподілений Кетай:""}, {""bbox"": [14, 1323, 729, 1400], ""type"": ""formula"", ""text"": ""3TU = 28500 + 63200 = 91600 шт/д $""}, {""bbox"": [843, 1319, 1587, 1397], ""type"": ""formula"", ""text"": ""ЗТВ = 3300 + 2700 = 6000 штуд $""}, {""bbox"": [845, 1375, 1598, 1457], ""type"": ""formula"", ""text"": ""E_{сост. Кв.} = (\\frac{3300}{16900}) \\cdot 100\\% \\approx 19,53\\%""}, {""bbox"": [10, 1386, 422, 1477], ""type"": ""formula"", ""text"": ""Єкон. Кв. = (28500 / 91600000) * 100%""}, {""bbox"": [858, 1439, 1607, 1523], ""type"": ""formula"", ""text"": ""\\text{Sum. кв.} = (\\frac{2700}{16900}) \\cdot 100\\% \\approx 15,98\\%""}, {""bbox"": [14, 1457, 756, 1546], ""type"": ""formula"", ""text"": ""вир. кв. = (\\frac{6300}{9160000}) \\cdot 100\\% \\approx 0,0689\\%""}, {""bbox"": [864, 1503, 1652, 1594], ""type"": ""formula"", ""text"": ""Індекс ВПД = (\\frac{6000}{16900}) \\cdot 100\\% \\approx 35,50\\%""}, {""bbox"": [14, 1529, 805, 1636], ""type"": ""formula"", ""text"": ""Квота ЗТО = (\\frac{91600}{91600000}) \\cdot 100\\% \\approx 0,1\\%""}, {""bbox"": [834, 1572, 1630, 1673], ""type"": ""formula"", ""text"": ""Доля у Св. ВВП = (16900 / 21600000) * 100% =""}, {""bbox"": [23, 1683, 1647, 1814], ""type"": ""handwritten"", ""text"": ""≈ 0,0185%""}, {""bbox"": [28, 1762, 1502, 1881], ""type"": ""handwritten"", ""text"": ""(35,50 % для ЗТО) свідчать про значну відкритість та""}, {""bbox"": [29, 1825, 1484, 1955], ""type"": ""handwritten"", ""text"": ""(35,50 % для 310) свідчать про значну відкритість та""}, {""bbox"": [46, 1948, 288, 2018], ""type"": ""handwritten"", ""text"": ""систему.""}, {""bbox"": [1037, 1988, 1307, 2059], ""type"": ""annotation"", ""text"": ""09.06.2025""}]"
07855b12-5b9f-43b6-ac01-036b879c0a7a.jpg,"[{""bbox"": [1, 87, 270, 191], ""type"": ""handwritten"", ""text"": ""Задача 8.31.""}, {""bbox"": [9, 185, 397, 294], ""type"": ""handwritten"", ""text"": ""Дисперсія (σ²) - 6""}, {""bbox"": [7, 286, 497, 392], ""type"": ""handwritten"", ""text"": ""ймовірність (F) - 0,954""}, {""bbox"": [8, 360, 1305, 494], ""type"": ""handwritten"", ""text"": ""косфіцієнт довіри (t) - Для ймовірн. 0,954 значення t = 2""}, {""bbox"": [7, 476, 279, 608], ""type"": ""formula"", ""text"": ""n = \\frac{C^2 \\cdot \\sigma^2}{\\Delta^2}""}, {""bbox"": [14, 616, 502, 734], ""type"": ""formula"", ""text"": ""n = \\frac{2^2 \\cdot 6}{1^2} = \\frac{4 \\cdot 6}{1} = 24""}, {""bbox"": [0, 708, 1866, 852], ""type"": ""handwritten"", ""text"": ""Відповідь: Для того щоб з імовірністю 0,954 визначити середній зріст дорос-""}, {""bbox"": [0, 809, 1879, 934], ""type"": ""handwritten"", ""text"": ""сміх чоловіків з гранітною політикою не більше 1 см (при дисперсії 6), нео-""}, {""bbox"": [0, 900, 1028, 1012], ""type"": ""handwritten"", ""text"": ""бажаю відібрати та обстежити 24 особи.""}, {""bbox"": [1246, 1078, 1557, 1192], ""type"": ""annotation"", ""text"": ""24.12.2025р.""}, {""bbox"": [1735, 2592, 1856, 2725], ""type"": ""annotation"", ""text"": ""4.""}]"
24f7d274-b6ce-4495-939f-9528a1fe42f4.jpg,"[{""bbox"": [1055, 81, 1924, 420], ""type"": ""formula"", ""text"": ""\\begin{array}{|c|c|c|} \\hline \\text{АКБ} & \\text{Продукція збиткових розч.} & \\text{Валовий витрати} \\\\ \\hline A & 412 & 101,3 \\\\ B & 650 & 38,4 \\\\ C & 520 & 100,6 \\\\ \\hline \\end{array}""}, {""bbox"": [223, 318, 704, 498], ""type"": ""formula"", ""text"": ""x̄ = \\frac{\\sum x_i w_i}{\\sum w_i}""}, {""bbox"": [192, 550, 1333, 776], ""type"": ""formula"", ""text"": ""x - = \\frac{101,3 \\cdot 412 + 98,4 \\cdot 650 + 100,6 \\cdot 520}{412 + 650 + 520}""}, {""bbox"": [187, 802, 1026, 972], ""type"": ""formula"", ""text"": ""x̄ = 158562 / 1582 ≈ 100,22%""}, {""bbox"": [262, 1182, 535, 1258], ""type"": ""formula"", ""text"": ""x^- = 13,5""}, {""bbox"": [293, 1262, 1045, 1446], ""type"": ""formula"", ""text"": ""\\sigma^2 = \\frac{\\sum (x - \\bar{x})^2}{n} = 5,25""}, {""bbox"": [300, 1469, 1032, 1581], ""type"": ""formula"", ""text"": ""\\sigma = \\sqrt{5,25} = 2,29""}, {""bbox"": [264, 1649, 1285, 1787], ""type"": ""formula"", ""text"": ""V = \\frac{2,28}{13,5} \\cdot 100\\% = 16,86\\% \\approx 17\\%""}, {""bbox"": [63, 2024, 1790, 2156], ""type"": ""handwritten"", ""text"": ""∛1,146 · 1,046 · 0,362 = 1,048 - середній темп зростання.""}, {""bbox"": [115, 2215, 799, 2310], ""type"": ""formula"", ""text"": ""1,049 \\cdot 100\\% = 104,9\\%""}]"
12051900-9032-4631-bcfc-fce24e43e5d8.jpg,"[{""bbox"": [58, 52, 525, 229], ""type"": ""image"", ""text"": """"}, {""bbox"": [95, 201, 1083, 322], ""type"": ""handwritten"", ""text"": ""ДЕННА ФОРМА НАВЧАННЯ""}, {""bbox"": [20, 268, 1625, 406], ""type"": ""handwritten"", ""text"": ""Ц2 = 0,83 * 71,31 = 59,19 дол. США за одиницю""}, {""bbox"": [25, 344, 1556, 476], ""type"": ""handwritten"", ""text"": ""Висновок: за даними розрахунків, надти не є частиною країни,""}, {""bbox"": [48, 461, 679, 548], ""type"": ""handwritten"", ""text"": ""Для того, щоб потім зріс у:""}, {""bbox"": [107, 488, 1537, 619], ""type"": ""handwritten"", ""text"": ""Для того, щоб потім зріс у:""}, {""bbox"": [91, 559, 1497, 692], ""type"": ""handwritten"", ""text"": ""США на 1,5 % ціна має збільшитись до 61,59 дол. США за барель""}, {""bbox"": [94, 629, 1594, 759], ""type"": ""handwritten"", ""text"": ""Китай на 1,6 % ціна має збільшитись до 44,28 дол. США за барель""}, {""bbox"": [1364, 1974, 1477, 2106], ""type"": ""annotation"", ""text"": ""3""}]"
11d27c9c-9ba2-49af-8155-b6457478e75b.jpg,"[{""bbox"": [904, 295, 1198, 377], ""type"": ""annotation"", ""text"": ""19.12.2025.""}]"
d16b3f01-c26c-485c-ad8a-8df1058841c7.jpg,"[{""bbox"": [172, 46, 616, 161], ""type"": ""handwritten"", ""text"": ""Завдання 3.""}, {""bbox"": [94, 164, 921, 258], ""type"": ""handwritten"", ""text"": ""1) БТО = експорт + імпорт""}, {""bbox"": [71, 241, 1536, 399], ""type"": ""formula"", ""text"": ""2) Експортна квота (%) = ( Експорт / ВВП країни ) * 100 %""}, {""bbox"": [73, 359, 1476, 521], ""type"": ""handwritten"", ""text"": ""3) Імпортна квота (%) = (імпорт / ВВП кр.) * 100%""}, {""bbox"": [179, 753, 1156, 882], ""type"": ""handwritten"", ""text"": ""Розрахунок для Німеччини:""}, {""bbox"": [92, 849, 1589, 1007], ""type"": ""formula"", ""text"": ""1) ЗТО = 1204,7 + 1025,6 = 2230,3 млрд. дол.""}, {""bbox"": [131, 1359, 1198, 1502], ""type"": ""handwritten"", ""text"": ""лише 0,0046% від ВВП світу.""}, {""bbox"": [109, 1464, 1554, 1618], ""type"": ""handwritten"", ""text"": ""Якщо б ВВП світу був 91, 6 трил. $, то""}, {""bbox"": [118, 1560, 1644, 1715], ""type"": ""handwritten"", ""text"": ""ВВП Німеччини ~~був~~ 4,2 трлн. $ становив""}]"
658ab1b3-78f1-4f61-8e03-126556558f3e.jpg,"[{""bbox"": [8, 116, 292, 194], ""type"": ""handwritten"", ""text"": ""(14%) розчину)""}, {""bbox"": [14, 230, 280, 303], ""type"": ""handwritten"", ""text"": ""- 600 г (40%)""}, {""bbox"": [10, 388, 206, 478], ""type"": ""handwritten"", ""text"": ""м'яснітки?""}, {""bbox"": [46, 558, 89, 612], ""type"": ""handwritten"", ""text"": ""7.""}, {""bbox"": [48, 630, 793, 743], ""type"": ""formula"", ""text"": ""3. Na \\to NaOH = Na_2O_2;""}, {""bbox"": [1175, 627, 1258, 764], ""type"": ""annotation"", ""text"": ""?""}, {""bbox"": [1321, 635, 1429, 766], ""type"": ""annotation"", ""text"": ""5б""}, {""bbox"": [168, 749, 967, 868], ""type"": ""formula"", ""text"": ""NaOH → Na₂SO₄ = Na₃SO₃H;""}, {""bbox"": [174, 869, 1192, 985], ""type"": ""formula"", ""text"": ""N_2SO_4 \\to NaCl = \\cancel{Na_2SO_4} + NaCl;""}, {""bbox"": [193, 1014, 829, 1139], ""type"": ""formula"", ""text"": ""NaCl \\to Na = Na_2Cl;""}, {""bbox"": [211, 1138, 850, 1248], ""type"": ""formula"", ""text"": ""~~Na_2SO_4 \\to NaCl \\to N~~""}, {""bbox"": [209, 1230, 1538, 1366], ""type"": ""formula"", ""text"": ""NaOH \\to Na_3[Al(CO_3)_6] = Na_4[Al(CO_3)_6]""}, {""bbox"": [197, 1700, 238, 1755], ""type"": ""handwritten"", ""text"": ""3.""}, {""bbox"": [299, 1781, 650, 1905], ""type"": ""formula"", ""text"": ""CH-C≡N-CH""}]"
26112b81-a0b5-4337-924a-a527fec99c42.jpg,"[{""bbox"": [51, 1, 1472, 85], ""type"": ""handwritten"", ""text"": ""Рекомендації щодо відкриття бізнесу в США.""}, {""bbox"": [58, 52, 1646, 143], ""type"": ""handwritten"", ""text"": ""Необхідно враховувати поділ повноважень між досед-""}, {""bbox"": [36, 113, 1648, 195], ""type"": ""handwritten"", ""text"": ""рольовим та лінійними рівнями, адже закони лінія-""}, {""bbox"": [35, 165, 1138, 244], ""type"": ""handwritten"", ""text"": ""тів можуть суттєво відрізнятися.""}, {""bbox"": [34, 216, 1589, 306], ""type"": ""handwritten"", ""text"": ""Важливо узгоджуватися з місцевими законами,""}, {""bbox"": [31, 278, 1394, 365], ""type"": ""handwritten"", ""text"": ""місту, де планується відкриття бібліотеки.""}, {""bbox"": [26, 333, 1646, 427], ""type"": ""handwritten"", ""text"": ""Дотримання судового прецедентів і консультація""}, {""bbox"": [22, 392, 1649, 485], ""type"": ""handwritten"", ""text"": ""з юристом, який спеціалізується на антикорупційно-""}, {""bbox"": [18, 451, 1491, 540], ""type"": ""handwritten"", ""text"": ""му праві, значно знизять ризики для бізнесу.""}, {""bbox"": [17, 507, 1636, 601], ""type"": ""handwritten"", ""text"": ""Також слід приділити увагу питанням корпора-""}, {""bbox"": [11, 566, 1618, 660], ""type"": ""handwritten"", ""text"": ""тимчасові відкриття, системи умови, підписання, відкриття""}, {""bbox"": [11, 627, 784, 715], ""type"": ""handwritten"", ""text"": ""вітвей та ліцензування.""}]"
3a04e16a-c8d5-4a58-a5a8-b8774ffc32be.jpg,"[{""bbox"": [128, 178, 659, 402], ""type"": ""image"", ""text"": """"}, {""bbox"": [46, 463, 258, 534], ""type"": ""handwritten"", ""text"": ""№ 7.13""}, {""bbox"": [62, 455, 1402, 648], ""type"": ""formula"", ""text"": ""\\Delta p_q(q) = \\Delta p_{191} - \\Delta p_{0091} = \\Delta p_{191} - \\Delta \\frac{p_{191}}{i_p}""}, {""bbox"": [59, 627, 778, 740], ""type"": ""handwritten"", ""text"": ""для молока (ір = 0,897)""}, {""bbox"": [60, 703, 1626, 864], ""type"": ""formula"", ""text"": ""1200 - \\frac{1200}{0,897} = 1200 - 1337,79 = -137,79 тис грн""}, {""bbox"": [50, 840, 955, 951], ""type"": ""handwritten"", ""text"": ""Для синусами (i_p = 1,158)""}, {""bbox"": [66, 920, 1614, 1057], ""type"": ""formula"", ""text"": ""900 - \\frac{900}{1,158} = 900 - 777,2 = +122,8 тис. грн""}, {""bbox"": [55, 1074, 254, 1145], ""type"": ""handwritten"", ""text"": ""всього""}, {""bbox"": [50, 1125, 870, 1232], ""type"": ""formula"", ""text"": ""-137,79 + 122,8 = -14,99""}, {""bbox"": [23, 1230, 1808, 1432], ""type"": ""formula"", ""text"": ""I_p = \\frac{\\sum p_{198}}{\\sum \\frac{p_{198}}{i_p}} = \\frac{2100}{1337,79 + 777,2} = 99929 (99,29%)""}, {""bbox"": [35, 1409, 1378, 1582], ""type"": ""formula"", ""text"": ""I = \\frac{1}{\\frac{1}{p}} = \\frac{1}{0,99929} = 1,00071 (100,071%)""}, {""bbox"": [38, 1700, 207, 1772], ""type"": ""formula"", ""text"": ""t = 2""}, {""bbox"": [42, 1745, 1316, 1924], ""type"": ""formula"", ""text"": ""t = 2\\nn = \\frac{t^2 \\delta^2 n}{\\beta^2 n + t^2 \\delta^2} , t^2 = 4 , \\delta^2 = 19,8""}, {""bbox"": [51, 1928, 808, 2046], ""type"": ""formula"", ""text"": ""\\Delta^2 = 0,025 = 0,0000625""}, {""bbox"": [46, 2043, 355, 2130], ""type"": ""formula"", ""text"": ""N = 7000""}, {""bbox"": [58, 2084, 1658, 2339], ""type"": ""formula"", ""text"": ""n = \\frac{4 \\cdot 10,8 \\cdot 7000}{0,000625 \\cdot 7000 \\cdot 4 \\cdot 10,8} = \\frac{302400}{47,575} = 6356""}, {""bbox"": [35, 2331, 1551, 2477], ""type"": ""handwritten"", ""text"": ""Відповідь: потрібно обслідувати в 356 сімей.""}, {""bbox"": [16, 2666, 380, 2770], ""type"": ""annotation"", ""text"": ""24.12.2025""}]"
5e1e1311-7f17-44d7-bc83-59e46351864e.jpg,"[{""bbox"": [20, 11, 1338, 114], ""type"": ""handwritten"", ""text"": ""3) Здійсніть перетворення за схемою:""}, {""bbox"": [37, 88, 1626, 211], ""type"": ""handwritten"", ""text"": ""Al → Al₂O₃ → Al(NO₃)₃ → Al(OH)₃ → Na[Al(OH)₄]""}, {""bbox"": [980, 201, 1242, 287], ""type"": ""handwritten"", ""text"": ""~~1~~ AlCl₃""}, {""bbox"": [1265, 182, 1466, 315], ""type"": ""annotation"", ""text"": ""± 15б * 2б""}, {""bbox"": [26, 250, 1645, 385], ""type"": ""handwritten"", ""text"": ""1) 4Al + 3O = 2Al₂O₃ - реакція окиснення алюмінію""}, {""bbox"": [13, 343, 1654, 479], ""type"": ""handwritten"", ""text"": ""2) 2AlO + 6HNO3 = 2Al(NO3)3 + 3H2O - взаємодія оксиду з кислотою""}, {""bbox"": [26, 426, 529, 497], ""type"": ""handwritten"", ""text"": ""- дія з кислотою""}, {""bbox"": [19, 461, 1654, 594], ""type"": ""handwritten"", ""text"": ""3) Al(NO₃)₃ + 3NaOH → Al(OH)₃ + 3NaNO₃ - реакція обміну (утворення осаду)""}, {""bbox"": [35, 555, 217, 614], ""type"": ""handwritten"", ""text"": ""осаду""}, {""bbox"": [21, 572, 1591, 697], ""type"": ""handwritten"", ""text"": ""4) Al(OH)3 + NaOH → Na[Al(OH)4] - амфотерні в- сті""}, {""bbox"": [21, 671, 1616, 810], ""type"": ""formula"", ""text"": ""5) Al(OH)3 + 3HCl → AlCl3 + 3H2O - взаємодія з кисло-""}, {""bbox"": [36, 774, 166, 824], ""type"": ""handwritten"", ""text"": ""того""}, {""bbox"": [210, 763, 488, 923], ""type"": ""annotation"", ""text"": ""назви речовин?""}, {""bbox"": [25, 878, 1650, 1002], ""type"": ""handwritten"", ""text"": ""4) Здійснити перетворення: етилен → 1,2-дихлоретан →""}, {""bbox"": [21, 953, 1610, 1058], ""type"": ""handwritten"", ""text"": ""дінітритри янтарної кислоти → янтарна кислота →""}, {""bbox"": [21, 1017, 1323, 1112], ""type"": ""handwritten"", ""text"": ""діетиловий естер янтарної кислоти.""}, {""bbox"": [30, 1098, 890, 1196], ""type"": ""formula"", ""text"": ""1) CH = CH + Cl → CHCl - CHCl""}, {""bbox"": [1411, 1061, 1615, 1238], ""type"": ""annotation"", ""text"": ""+14б + 2б""}, {""bbox"": [31, 1188, 1260, 1292], ""type"": ""formula"", ""text"": ""2) CHCl - CHCl + 2 KCl → KNC - CH - CH - CH - CN""}, {""bbox"": [29, 1272, 1642, 1413], ""type"": ""formula"", ""text"": ""3) NC - CH - CH - CN + 2 HNO3 → HOOC - CH - CH - CH - COOH""}, {""bbox"": [31, 1370, 1649, 1505], ""type"": ""formula"", ""text"": ""4) HOOC - CH - CH - COOH \\to CHOOOC - CH - CH - CH - COOCH_2 + 2H_2O""}, {""bbox"": [55, 1459, 434, 1531], ""type"": ""formula"", ""text"": ""- COOCH + 2H2O""}, {""bbox"": [51, 1516, 1652, 1624], ""type"": ""handwritten"", ""text"": ""5) Напишіть структурні формули 5-метил-1-""}, {""bbox"": [45, 1613, 1182, 1703], ""type"": ""handwritten"", ""text"": ""2-гексину та метилетилкетону""}, {""bbox"": [48, 1710, 762, 1796], ""type"": ""handwritten"", ""text"": ""1) 5-метил-2-гексин""}, {""bbox"": [53, 1784, 902, 1893], ""type"": ""formula"", ""text"": ""CH3-C=C-C-CH2-CH(CH3)-CH2-CH3""}, {""bbox"": [902, 1841, 1025, 1980], ""type"": ""annotation"", ""text"": ""+20б""}, {""bbox"": [37, 1891, 683, 1974], ""type"": ""handwritten"", ""text"": ""2) Метилетилкетон""}, {""bbox"": [56, 1976, 611, 2074], ""type"": ""formula"", ""text"": ""CH3-CO-CH2-CH3""}]"
0b7cdc2a-76d6-4db5-933b-d677aaf54448.jpg,"[{""bbox"": [136, 83, 317, 139], ""type"": ""handwritten"", ""text"": ""Завдання 4.""}, {""bbox"": [130, 120, 1646, 209], ""type"": ""handwritten"", ""text"": ""Соціальний менеджмент - це система управління соціальними процесами в організації; -""}, {""bbox"": [592, 174, 1538, 242], ""type"": ""handwritten"", ""text"": ""та суспільстві, яка спрямована на забезпечення здоров'я""}, {""bbox"": [596, 223, 1508, 295], ""type"": ""handwritten"", ""text"": ""працівників, учасників та вирішення соціальних проблем.""}, {""bbox"": [146, 281, 1551, 364], ""type"": ""handwritten"", ""text"": ""Менеджер з КСВ - це спеціаліст, який планує, організовує та контролює соціальні""}, {""bbox"": [467, 348, 1484, 420], ""type"": ""handwritten"", ""text"": ""ініціативи компанії, займається благодійними проєктами,""}, {""bbox"": [478, 397, 1615, 475], ""type"": ""handwritten"", ""text"": ""екологічними програмами та підтримкою працівників і громади.""}, {""bbox"": [144, 447, 1512, 531], ""type"": ""handwritten"", ""text"": ""Соціальне партнерство - це співпраця між державою, бізнесом, громадськими""}, {""bbox"": [543, 504, 1550, 572], ""type"": ""handwritten"", ""text"": ""організаціями та населенням для розв'язання спільних""}, {""bbox"": [565, 597, 1261, 658], ""type"": ""handwritten"", ""text"": ""комфортного соціального середовища,""}, {""bbox"": [372, 650, 1656, 737], ""type"": ""handwritten"", ""text"": ""- це будь-яка загіковинна сторона, яка прямо або опосередковано впливає""}, {""bbox"": [384, 709, 1563, 793], ""type"": ""handwritten"", ""text"": ""на діяльність організації і/або відсутність і/або вплив. Це можуть бути""}, {""bbox"": [386, 760, 1656, 846], ""type"": ""handwritten"", ""text"": ""працівники, споживачі, держава, покупці, робітники, виробники, інвестори,""}, {""bbox"": [394, 823, 665, 877], ""type"": ""handwritten"", ""text"": ""громада тощо.""}, {""bbox"": [1368, 839, 1469, 913], ""type"": ""annotation"", ""text"": ""20""}]"
c4e15ad4-9be3-4086-98f1-cd26527f1a46.jpg,"[{""bbox"": [55, 29, 512, 217], ""type"": ""image"", ""text"": """"}, {""bbox"": [1229, 179, 1345, 282], ""type"": ""annotation"", ""text"": ""0""}, {""bbox"": [64, 215, 306, 330], ""type"": ""handwritten"", ""text"": ""Завдання 3""}, {""bbox"": [54, 310, 1611, 443], ""type"": ""handwritten"", ""text"": ""Засідання - це організована форма колективної роботи або обговорення,""}, {""bbox"": [56, 402, 1602, 526], ""type"": ""handwritten"", ""text"": ""під час якої група осіб розглядає питання, приймає рішення чи""}, {""bbox"": [46, 476, 1581, 607], ""type"": ""handwritten"", ""text"": ""обмінюються думками відповідно до встановленого порядку денного.""}, {""bbox"": [52, 555, 1544, 685], ""type"": ""handwritten"", ""text"": ""Засідання проводяться у формальній обстановці, можуть бути""}, {""bbox"": [46, 635, 1649, 782], ""type"": ""handwritten"", ""text"": ""регулярними або позачерговими, і мають на меті прийняття узгодже-""}, {""bbox"": [35, 724, 1184, 858], ""type"": ""handwritten"", ""text"": ""ння рішень з важливих організаційних питань.""}, {""bbox"": [92, 804, 354, 897], ""type"": ""handwritten"", ""text"": ""Завдання 4.""}, {""bbox"": [37, 894, 152, 964], ""type"": ""handwritten"", ""text"": ""1 - 1""}, {""bbox"": [41, 970, 150, 1040], ""type"": ""handwritten"", ""text"": ""2. -1""}, {""bbox"": [301, 965, 564, 1167], ""type"": ""annotation"", ""text"": ""22""}, {""bbox"": [37, 1046, 155, 1116], ""type"": ""handwritten"", ""text"": ""3 - 4""}, {""bbox"": [41, 1124, 156, 1191], ""type"": ""handwritten"", ""text"": ""4. - 3""}, {""bbox"": [42, 1199, 171, 1266], ""type"": ""handwritten"", ""text"": ""5. - 1.""}, {""bbox"": [104, 1279, 348, 1367], ""type"": ""handwritten"", ""text"": ""Завдання 5.""}, {""bbox"": [1254, 1283, 1421, 1399], ""type"": ""annotation"", ""text"": ""20""}, {""bbox"": [99, 1355, 1632, 1497], ""type"": ""handwritten"", ""text"": ""У ситуації, коли конфлікт між головним брехунцем і фінансовим""}, {""bbox"": [48, 1446, 1605, 1588], ""type"": ""handwritten"", ""text"": ""директором прийшов до госпіталізації працівника з передінфарктними""}, {""bbox"": [52, 1527, 1614, 1674], ""type"": ""handwritten"", ""text"": ""станом, керівник підприємства зобов'язаний негайно втрутити тися.""}, {""bbox"": [23, 1615, 1594, 1755], ""type"": ""handwritten"", ""text"": ""Це не лише внутрішній конфлікт, а й потенційна загроза здоров'ю""}, {""bbox"": [8, 1699, 1607, 1842], ""type"": ""handwritten"", ""text"": ""працівників, що може мати негативні на репутаційні наслідки для""}, {""bbox"": [34, 1784, 325, 1876], ""type"": ""handwritten"", ""text"": ""фланідації.""}, {""bbox"": [101, 1852, 1656, 1982], ""type"": ""handwritten"", ""text"": ""Насамперед необхідно провести службове розслідування, з'ясува-""}, {""bbox"": [20, 1943, 1654, 2074], ""type"": ""handwritten"", ""text"": ""ти обставини та причини конфлікту, залучити відповідальних осіб""}, {""bbox"": [25, 2025, 1603, 2160], ""type"": ""handwritten"", ""text"": ""і за потреби - психолога або юриста. Якщо буде доведено провина""}, {""bbox"": [26, 2107, 1648, 2244], ""type"": ""handwritten"", ""text"": ""фінансового директора, він повинен понести дисциплінарну відповідальн-""}, {""bbox"": [28, 2189, 1595, 2333], ""type"": ""handwritten"", ""text"": ""ність відповідно до трудового законодавства. Головному бухгалтеру""}]"
ceef6cbf-ec28-4199-9da5-4203d32240ff.jpg,"[{""bbox"": [34, 18, 237, 111], ""type"": ""handwritten"", ""text"": ""Задача""}, {""bbox"": [38, 74, 1621, 198], ""type"": ""handwritten"", ""text"": ""Задача""}, {""bbox"": [28, 172, 1494, 281], ""type"": ""handwritten"", ""text"": ""Британією від 2020р. передбачає також і умови""}, {""bbox"": [25, 236, 1601, 353], ""type"": ""handwritten"", ""text"": ""Відстанню від 2020р. передовим напрямком є розвиток""}, {""bbox"": [25, 304, 1593, 423], ""type"": ""handwritten"", ""text"": ""нісся Brexit, але це не дає права Франції погрожувати""}, {""bbox"": [26, 375, 1623, 488], ""type"": ""handwritten"", ""text"": ""і відключити електрику на острові Дахарсі. Це є проти-""}, {""bbox"": [23, 444, 1619, 553], ""type"": ""handwritten"", ""text"": ""- відновити електрику на всіх вулицях міста,""}, {""bbox"": [23, 516, 1623, 626], ""type"": ""handwritten"", ""text"": ""В даному випадку є порушення умов Згоди прототипів-""}, {""bbox"": [18, 586, 1625, 695], ""type"": ""handwritten"", ""text"": ""мо та співробітництво між ЄС і Великою Британією,""}, {""bbox"": [18, 650, 1611, 760], ""type"": ""handwritten"", ""text"": ""так як Велика Британія не повідомляла ЄС про зміни в""}, {""bbox"": [22, 720, 1636, 829], ""type"": ""handwritten"", ""text"": ""так як Велика Британія не підтримала її проти Італії в""}, {""bbox"": [28, 790, 1640, 898], ""type"": ""handwritten"", ""text"": ""що до цієї угоди та у зв'язку з передбачуваними пору-""}, {""bbox"": [27, 864, 1626, 966], ""type"": ""handwritten"", ""text"": ""меншими умов угоди Францією може застосовувати від-""}, {""bbox"": [26, 935, 1642, 1037], ""type"": ""handwritten"", ""text"": ""повідні заходи, можливо, повністю заборонити риболов-""}, {""bbox"": [26, 1001, 1565, 1104], ""type"": ""handwritten"", ""text"": ""що в районі Нормандських островів, якого Франція""}, {""bbox"": [22, 1071, 1624, 1177], ""type"": ""handwritten"", ""text"": ""відноситься тільки на переговори і надати підтвердже-""}, {""bbox"": [17, 1145, 1537, 1257], ""type"": ""handwritten"", ""text"": ""пля риболовлі біля Нормандських островів (це судна""}, {""bbox"": [15, 1225, 1000, 1336], ""type"": ""handwritten"", ""text"": ""Франції і раніше робили там).""}, {""bbox"": [95, 1349, 548, 1429], ""type"": ""annotation"", ""text"": ""25.06.2025""}]"
4550bab7-a843-4cf1-ba33-b175583e42ab.jpg,"[{""bbox"": [188, 227, 1682, 878], ""type"": ""image"", ""text"": """"}, {""bbox"": [60, 914, 2049, 1415], ""type"": ""formula"", ""text"": ""44. \\begin{pmatrix} 1 & 3 \\\\ 0 & 2 \\end{pmatrix} \\cdot X = \\begin{pmatrix} 2 & 11 \\\\ 2 & 6 \\end{pmatrix}""}, {""bbox"": [177, 1447, 1749, 1883], ""type"": ""formula"", ""text"": ""X = \\begin{pmatrix} 1 & 3 \\\\ 0 & 2 \\end{pmatrix}^{-1} \\cdot \\begin{pmatrix} 2 & 11 \\\\ 2 & 6 \\end{pmatrix}""}, {""bbox"": [133, 1814, 1142, 2167], ""type"": ""formula"", ""text"": ""\\Delta = \\begin{pmatrix} 1 & 1 & 3 \\\\ 0 & 0 & 2 \\end{pmatrix} = 2""}, {""bbox"": [1514, 1944, 2074, 2157], ""type"": ""formula"", ""text"": ""A + 1 = 2""}, {""bbox"": [105, 2161, 1159, 2485], ""type"": ""formula"", ""text"": ""A^{-1} = \\frac{1}{2} \\begin{pmatrix} 2 & -3 \\\\ 0 & 1 \\end{pmatrix}""}, {""bbox"": [158, 2456, 3712, 2858], ""type"": ""formula"", ""text"": ""Y = \\frac{1}{2} \\begin{pmatrix} 2 & -3 \\\\ 0 & 1 \\end{pmatrix} \\begin{pmatrix} 2 & 11 \\\\ 2 & 6 \\end{pmatrix} = \\frac{1}{2} \\begin{pmatrix} -2 & 4 \\\\ -2 & -6 \\end{pmatrix} = \\begin{pmatrix} -1 & 2 \\\\ -1 & -3 \\end{pmatrix}""}, {""bbox"": [178, 2813, 1615, 3073], ""type"": ""handwritten"", ""text"": ""Відповідь: A_{111} = -1""}, {""bbox"": [68, 3044, 3609, 3413], ""type"": ""formula"", ""text"": ""45. \\begin{pmatrix} 1 & 2 \\\\ -1 & 3 \\end{pmatrix} + \\begin{pmatrix} -3 & -1 \\\\ 1 & -2 \\end{pmatrix} = \\begin{pmatrix} -2 & 1 \\\\ 0 & 1 \\end{pmatrix} Відповідь: 1""}, {""bbox"": [64, 3418, 1982, 3674], ""type"": ""formula"", ""text"": ""46. MC = 0,0003 Q^2 - 0,006 Q""}, {""bbox"": [132, 3718, 4593, 4168], ""type"": ""formula"", ""text"": ""\\Delta TC = \\int_{100}^{110} (0,003 Q^2 - 0,06 Q) dQ = \\int_{100}^{110} 0,003 \\frac{Q^3}{3} - 0,06 \\cdot \\frac{Q^2}{2} =""}, {""bbox"": [64, 4080, 5020, 4469], ""type"": ""formula"", ""text"": ""= 0,001 Q^3 - 0,03 Q^2 |_{100}^{110} = 0,001 \\cdot 110^3 - 0,03 \\cdot 110^2 - 0,001 \\cdot 100^3 -""}, {""bbox"": [90, 4415, 3189, 4735], ""type"": ""formula"", ""text"": ""- 0,03 \\cdot 100^2 = 1331 - 363 - (1100 - 300) = 268""}, {""bbox"": [123, 4641, 1233, 4884], ""type"": ""handwritten"", ""text"": ""Відповідь: 268""}, {""bbox"": [82, 5027, 5147, 5403], ""type"": ""handwritten"", ""text"": ""47. Відповідь: ad - bc""}, {""bbox"": [58, 5370, 1463, 5587], ""type"": ""handwritten"", ""text"": ""заміни змінної.""}, {""bbox"": [47, 5583, 1557, 5869], ""type"": ""handwritten"", ""text"": ""49. Відповідь: 3 x 3""}, {""bbox"": [2293, 5860, 3334, 6118], ""type"": ""annotation"", ""text"": ""26.12.2025""}, {""bbox"": [4766, 7821, 4982, 8038], ""type"": ""annotation"", ""text"": ""5""}]"
9c501e68-52e7-4f47-84a3-551a59f5db09.jpg,"[{""bbox"": [28, 2, 626, 84], ""type"": ""handwritten"", ""text"": ""захисту прав працівників.""}, {""bbox"": [11, 42, 1618, 213], ""type"": ""handwritten"", ""text"": ""3. GRI - формує стандарти нефінансової звітності з метою стимулювання""}, {""bbox"": [10, 163, 261, 258], ""type"": ""handwritten"", ""text"": ""розвитку.""}, {""bbox"": [28, 230, 588, 345], ""type"": ""handwritten"", ""text"": ""Відповідні організації:""}, {""bbox"": [14, 297, 1614, 427], ""type"": ""handwritten"", ""text"": ""1. Спілка українських підприємств - підтримує етичне підприємництво""}, {""bbox"": [21, 385, 592, 510], ""type"": ""handwritten"", ""text"": ""та впровадження КСВ.""}, {""bbox"": [15, 475, 904, 585], ""type"": ""handwritten"", ""text"": ""3.1. а) прямого та побічного впливу""}, {""bbox"": [1204, 546, 1304, 621], ""type"": ""annotation"", ""text"": ""30""}, {""bbox"": [17, 558, 705, 661], ""type"": ""handwritten"", ""text"": ""2. d) всі відповіді правильні""}, {""bbox"": [11, 636, 573, 732], ""type"": ""handwritten"", ""text"": ""3. e) всі вищезазначені""}, {""bbox"": [18, 681, 1524, 804], ""type"": ""handwritten"", ""text"": ""3. с) всі вищезазначені""}, {""bbox"": [20, 783, 467, 867], ""type"": ""handwritten"", ""text"": ""5. в) ОНСАР 18000""}, {""bbox"": [14, 826, 1536, 940], ""type"": ""handwritten"", ""text"": ""5. в) ОАЕ 7800""}, {""bbox"": [15, 903, 1614, 1031], ""type"": ""handwritten"", ""text"": ""6. В) організації, що визначають політичні і правові умови життя в суспіль-""}, {""bbox"": [16, 1000, 141, 1084], ""type"": ""handwritten"", ""text"": ""7. в)""}, {""bbox"": [17, 1074, 142, 1153], ""type"": ""handwritten"", ""text"": ""8. б)""}, {""bbox"": [15, 1156, 206, 1232], ""type"": ""handwritten"", ""text"": ""9. c) 00""}, {""bbox"": [20, 1228, 165, 1310], ""type"": ""handwritten"", ""text"": ""10. в)""}, {""bbox"": [1370, 1227, 1464, 1303], ""type"": ""annotation"", ""text"": ""20""}, {""bbox"": [30, 1261, 1650, 1389], ""type"": ""handwritten"", ""text"": ""10. Б)""}, {""bbox"": [32, 1340, 1630, 1462], ""type"": ""handwritten"", ""text"": ""на користь суспільства, довкілля та працівників, що виходять за межі""}, {""bbox"": [34, 1440, 665, 1523], ""type"": ""handwritten"", ""text"": ""обов'язкового законодавства.""}, {""bbox"": [43, 1475, 1578, 1597], ""type"": ""handwritten"", ""text"": ""обов'язкового законодавства.""}, {""bbox"": [28, 1553, 1641, 1675], ""type"": ""handwritten"", ""text"": ""б. Соціальна (недоконанова) звітність - група звітності, що відображає соціальні, екологічні вплив діяльності компанії. (форма звітності""}, {""bbox"": [21, 1656, 384, 1757], ""type"": ""handwritten"", ""text"": ""лідернісність).""}, {""bbox"": [35, 1705, 1654, 1834], ""type"": ""handwritten"", ""text"": ""3. Стратегія корпоративної соціальної відповідальності - довгостроковий""}, {""bbox"": [35, 1789, 1543, 1903], ""type"": ""handwritten"", ""text"": ""3. Стратегія корпоративного соціального однозначно визначає""}, {""bbox"": [31, 1854, 1638, 1969], ""type"": ""handwritten"", ""text"": ""ння для підприємства, спрямований на використання соціальних,""}, {""bbox"": [37, 1942, 416, 2040], ""type"": ""handwritten"", ""text"": ""спільною розвитку""}, {""bbox"": [32, 1983, 1644, 2107], ""type"": ""handwritten"", ""text"": ""4. Спеціалізоване компанії - це усі фізичні чи юридичні особи, які купило""}, {""bbox"": [36, 2060, 1559, 2182], ""type"": ""handwritten"", ""text"": ""або опосередковано заліковані вдіяльності підприємства, зокрема""}, {""bbox"": [30, 2139, 1627, 2260], ""type"": ""handwritten"", ""text"": ""або спосередковано залученням одиниць виробництва, здійснення""}, {""bbox"": [44, 2239, 656, 2338], ""type"": ""handwritten"", ""text"": ""та неурядові організації.""}]"
43d640f2-5e17-4019-89e3-e4fdec84fd30.jpg,"[{""bbox"": [24, 1, 795, 79], ""type"": ""formula"", ""text"": ""3. Fe + H_2SO_4 \\to FeSO_4 + H_2 \\uparrow""}, {""bbox"": [127, 60, 426, 108], ""type"": ""handwritten"", ""text"": ""сульфатна к. та""}, {""bbox"": [46, 38, 1480, 165], ""type"": ""handwritten"", ""text"": ""3. Fe + H₂SO₄ → FeSO₄ + H₂""}, {""bbox"": [37, 144, 1166, 256], ""type"": ""handwritten"", ""text"": ""5. 2,3,3-трихлорпентан, маслена кислота.""}, {""bbox"": [1383, 192, 1560, 355], ""type"": ""annotation"", ""text"": ""+ 25б.""}, {""bbox"": [60, 237, 802, 336], ""type"": ""handwritten"", ""text"": ""Написати структурні формули:""}, {""bbox"": [51, 284, 1365, 426], ""type"": ""formula"", ""text"": ""Написати структурні формули: 1) CH3-CH-CH-CH2-CH2-CH3 2) CH3-CH2-CH2-C-OH""}, {""bbox"": [241, 417, 422, 498], ""type"": ""handwritten"", ""text"": ""CH3 CH3""}, {""bbox"": [55, 506, 698, 585], ""type"": ""handwritten"", ""text"": ""4. Здійснити перетворення:""}, {""bbox"": [93, 563, 1016, 664], ""type"": ""formula"", ""text"": ""CaC_2 \\xrightarrow{1} C_2H_2 \\xrightarrow{2} C_2H_6 \\xrightarrow{3} C_8H_{10} \\xrightarrow{4}""}, {""bbox"": [1253, 580, 1395, 777], ""type"": ""annotation"", ""text"": ""20б.""}, {""bbox"": [98, 695, 355, 752], ""type"": ""formula"", ""text"": ""~~2) C_2H_2 + H_2~~""}, {""bbox"": [106, 724, 946, 822], ""type"": ""formula"", ""text"": ""2) C_2H_2 \\uparrow + H_2 \\uparrow""}, {""bbox"": [113, 813, 526, 884], ""type"": ""formula"", ""text"": ""2) C_2H_2 \\xrightarrow[\\text{кат}]{\\text{H}_2} C_2H_6""}, {""bbox"": [117, 873, 665, 946], ""type"": ""formula"", ""text"": ""3) C_2H_6 \\to C_8H_{10}""}, {""bbox"": [118, 949, 532, 1019], ""type"": ""formula"", ""text"": ""4) CsH_{10} \\to""}]"
612f55d0-2d4e-4609-abc3-067c85459e44.jpg,"[{""bbox"": [102, 16, 459, 93], ""type"": ""handwritten"", ""text"": ""• смонооксигеназа)""}, {""bbox"": [119, 85, 1652, 189], ""type"": ""handwritten"", ""text"": ""Словесно-мнійна поемія - запам'ятовування слів, поемія. (Напр""}, {""bbox"": [121, 162, 1397, 261], ""type"": ""handwritten"", ""text"": ""люд: запам'ятовування історичних фактів, переліків).""}, {""bbox"": [121, 246, 727, 338], ""type"": ""handwritten"", ""text"": ""4) За змістом діяльності""}, {""bbox"": [114, 301, 1297, 412], ""type"": ""handwritten"", ""text"": ""Руська земля становилася""}, {""bbox"": [118, 370, 1656, 490], ""type"": ""handwritten"", ""text"": ""Способи поштати - застосування модуляційних станів. (згодом""}, {""bbox"": [121, 452, 1381, 548], ""type"": ""handwritten"", ""text"": ""особистістю стресу, який пережили в певній ситуації.""}, {""bbox"": [133, 512, 1656, 622], ""type"": ""handwritten"", ""text"": ""Зорово-моторна пам'ять - комбінація образів і рухів (масля-""}, {""bbox"": [137, 601, 978, 690], ""type"": ""handwritten"", ""text"": ""ре на музичних і неприємних.)""}, {""bbox"": [114, 669, 1653, 779], ""type"": ""handwritten"", ""text"": ""2. Ботреби - це внутрішні сили, що викликають активність""}, {""bbox"": [121, 749, 1650, 851], ""type"": ""handwritten"", ""text"": ""медичні для задоволення того, чого ти не змішочов. Вони є джерелом""}, {""bbox"": [122, 811, 1648, 924], ""type"": ""handwritten"", ""text"": ""мотивують""}, {""bbox"": [130, 894, 1198, 989], ""type"": ""handwritten"", ""text"": ""людина діє, навчається, працює, спілкується,""}, {""bbox"": [134, 950, 1652, 1059], ""type"": ""handwritten"", ""text"": ""Випадок: якщо цим же отриманим методом оцінку (нав-""}, {""bbox"": [132, 1018, 1454, 1123], ""type"": ""handwritten"", ""text"": ""у досконалій успіхів), він виміряє сторонніми (обидвіміло).""}, {""bbox"": [159, 1097, 486, 1172], ""type"": ""handwritten"", ""text"": ""Види потреб:""}, {""bbox"": [132, 1160, 796, 1246], ""type"": ""handwritten"", ""text"": ""1) За природою походження:""}, {""bbox"": [125, 1190, 1656, 1323], ""type"": ""handwritten"", ""text"": ""1) За природою походження:""}, {""bbox"": [144, 1308, 543, 1381], ""type"": ""handwritten"", ""text"": ""дизельне топливо.""}, {""bbox"": [139, 1333, 1655, 1445], ""type"": ""handwritten"", ""text"": ""Соціальні - впливають в процесі життя в суспільстві: спілку-""}, {""bbox"": [145, 1426, 708, 1501], ""type"": ""handwritten"", ""text"": ""вирішенні, поки що може.""}, {""bbox"": [139, 1463, 1518, 1579], ""type"": ""handwritten"", ""text"": ""Духовні - пов'язані із спізненням, творчістю, розвитком.""}, {""bbox"": [129, 1559, 832, 1644], ""type"": ""handwritten"", ""text"": ""2) За способом застосування:""}, {""bbox"": [132, 1608, 1656, 1726], ""type"": ""handwritten"", ""text"": ""Матеріальні потреби - пов'язані з фізичними об'єктами (Їжа,""}, {""bbox"": [133, 1711, 444, 1782], ""type"": ""handwritten"", ""text"": ""житло, одяг)""}, {""bbox"": [146, 1719, 1654, 1867], ""type"": ""handwritten"", ""text"": ""Духовні потреби - не мають матеріального враження (віра,""}, {""bbox"": [151, 1839, 378, 1921], ""type"": ""handwritten"", ""text"": ""моремо).""}, {""bbox"": [323, 1882, 897, 1969], ""type"": ""handwritten"", ""text"": ""Практична частина""}, {""bbox"": [139, 1936, 1647, 2048], ""type"": ""handwritten"", ""text"": ""3. Мовлення і мислення - це два тісно пов'язані психолого-""}, {""bbox"": [135, 2045, 332, 2104], ""type"": ""handwritten"", ""text"": ""процеси.""}, {""bbox"": [149, 2037, 1656, 2157], ""type"": ""handwritten"", ""text"": ""процеси.""}, {""bbox"": [160, 2157, 365, 2219], ""type"": ""handwritten"", ""text"": ""аналізу.""}, {""bbox"": [149, 2167, 1642, 2285], ""type"": ""handwritten"", ""text"": ""аналізу""}, {""bbox"": [172, 2272, 308, 2338], ""type"": ""handwritten"", ""text"": ""мову""}]"
224b1921-dc40-427b-a87d-44816cc96bab.jpg,"[{""bbox"": [21, 31, 95, 90], ""type"": ""handwritten"", ""text"": ""N 45""}, {""bbox"": [12, 97, 363, 154], ""type"": ""handwritten"", ""text"": ""2 метил - 2 бутену""}, {""bbox"": [9, 143, 298, 207], ""type"": ""formula"", ""text"": ""CH3 - C = CH - CH3""}, {""bbox"": [13, 259, 154, 296], ""type"": ""handwritten"", ""text"": ""станом""}, {""bbox"": [246, 231, 511, 369], ""type"": ""annotation"", ""text"": ""CH3-C=O""}, {""bbox"": [7, 303, 162, 349], ""type"": ""handwritten"", ""text"": ""CH3 - CHO""}, {""bbox"": [14, 366, 77, 430], ""type"": ""handwritten"", ""text"": ""№ 4""}, {""bbox"": [10, 382, 1614, 502], ""type"": ""handwritten"", ""text"": ""№4""}, {""bbox"": [36, 513, 188, 553], ""type"": ""handwritten"", ""text"": ""кислота""}, {""bbox"": [697, 467, 996, 730], ""type"": ""annotation"", ""text"": ""структурні ф-ли? + 2об.""}, {""bbox"": [30, 576, 287, 659], ""type"": ""formula"", ""text"": ""1) 3C₂H₂ \\xrightarrow{t} C₆H₆""}, {""bbox"": [28, 655, 672, 726], ""type"": ""formula"", ""text"": ""2) C_6H_6 + CH_3 - CH - CH_3 \\to C_6H_5 - CH(CH_3)_2""}, {""bbox"": [16, 726, 566, 797], ""type"": ""formula"", ""text"": ""3) C6H5 - CH(CH3)2 → C6H5 - COOH""}, {""bbox"": [11, 793, 721, 868], ""type"": ""handwritten"", ""text"": ""4) C6H5 - COOH + HNO3 - m - NO2 - C6H4 - COOH""}]"
66b9b5aa-1b36-4adc-9312-6c36328421c0.jpg,"[{""bbox"": [16, 3, 634, 92], ""type"": ""handwritten"", ""text"": ""Проровнісний речений:""}, {""bbox"": [11, 59, 1574, 171], ""type"": ""handwritten"", ""text"": ""невербальна комунікація - це обмін інформацією без""}, {""bbox"": [0, 126, 1576, 238], ""type"": ""handwritten"", ""text"": ""використання слів, тобто невербально, за допомогою:""}, {""bbox"": [0, 184, 1541, 303], ""type"": ""handwritten"", ""text"": ""мінки, жестів, поз тіла, погляду, зовнішнього""}, {""bbox"": [0, 219, 411, 320], ""type"": ""handwritten"", ""text"": ""вигляду тещу.""}, {""bbox"": [0, 300, 1525, 442], ""type"": ""handwritten"", ""text"": ""Визначте службовий стикет як невід'ємну""}, {""bbox"": [0, 353, 1620, 496], ""type"": ""handwritten"", ""text"": ""самостійну професіоналізму респондента.""}, {""bbox"": [0, 452, 1607, 612], ""type"": ""handwritten"", ""text"": ""фері. Цей вид етикету між людьми в професійній""}, {""bbox"": [0, 682, 690, 830], ""type"": ""handwritten"", ""text"": ""для вносити реперсійна""}, {""bbox"": [0, 993, 1599, 1186], ""type"": ""handwritten"", ""text"": ""тологія за 31 день за стій, положення тіла""}, {""bbox"": [38, 2163, 375, 2266], ""type"": ""annotation"", ""text"": ""12.06.2025""}]"
1f0c78f3-41af-49bc-85fc-4640533cb6f8.jpg,"[{""bbox"": [286, 212, 948, 362], ""type"": ""formula"", ""text"": ""13. a_{11} = -1""}, {""bbox"": [3334, 208, 4657, 711], ""type"": ""image"", ""text"": """"}, {""bbox"": [288, 398, 1701, 630], ""type"": ""handwritten"", ""text"": ""14. має єдиний розв'язок""}, {""bbox"": [279, 568, 745, 738], ""type"": ""formula"", ""text"": ""15. - \\frac{2}{9}""}, {""bbox"": [290, 755, 2183, 971], ""type"": ""formula"", ""text"": ""16. PR(10) = -600 + 1600 - 400 = 600""}, {""bbox"": [288, 956, 1247, 1262], ""type"": ""formula"", ""text"": ""17. \\frac{141000}{300} = 470""}, {""bbox"": [308, 1297, 853, 1508], ""type"": ""handwritten"", ""text"": ""18. спадає""}, {""bbox"": [289, 1502, 1056, 1694], ""type"": ""handwritten"", ""text"": ""19. 0 (щемо)""}, {""bbox"": [284, 1691, 953, 1858], ""type"": ""formula"", ""text"": ""20. b_{12} = 1""}, {""bbox"": [294, 1873, 719, 2021], ""type"": ""handwritten"", ""text"": ""21, 3 x 2""}, {""bbox"": [277, 2030, 1141, 2217], ""type"": ""formula"", ""text"": ""22. R(30) = 4200""}, {""bbox"": [281, 2210, 931, 2404], ""type"": ""formula"", ""text"": ""23. (1; 0; 2)""}, {""bbox"": [302, 2422, 647, 2556], ""type"": ""handwritten"", ""text"": ""24. 3""}, {""bbox"": [293, 2666, 1617, 2911], ""type"": ""handwritten"", ""text"": ""25. 2x5""}, {""bbox"": [308, 2874, 1791, 3118], ""type"": ""handwritten"", ""text"": ""27. має єдиний розв'язок""}, {""bbox"": [255, 3092, 1415, 3371], ""type"": ""formula"", ""text"": ""28. \\frac{n^3}{2n^2} = \\frac{n}{2} = \\infty""}, {""bbox"": [544, 3396, 1145, 3631], ""type"": ""handwritten"", ""text"": ""Відповідь: ∞""}, {""bbox"": [257, 3662, 741, 3796], ""type"": ""handwritten"", ""text"": ""29. - 12""}, {""bbox"": [271, 3704, 2796, 3988], ""type"": ""formula"", ""text"": ""29. -12""}, {""bbox"": [258, 4004, 737, 4152], ""type"": ""handwritten"", ""text"": ""31. 35""}, {""bbox"": [246, 4140, 705, 4331], ""type"": ""handwritten"", ""text"": ""32. 1/2""}, {""bbox"": [262, 4359, 1449, 4534], ""type"": ""formula"", ""text"": ""33. TC = 968 - 700 = 268""}, {""bbox"": [503, 4530, 1160, 4742], ""type"": ""handwritten"", ""text"": ""Відповідь: 268""}, {""bbox"": [256, 4728, 1088, 4882], ""type"": ""formula"", ""text"": ""54. A_{12} = -10""}, {""bbox"": [242, 4859, 1982, 5122], ""type"": ""formula"", ""text"": ""35. \\int \\cos(5x) dx = \\frac{1}{5} \\sin(5x) + C""}, {""bbox"": [242, 5165, 1080, 5354], ""type"": ""handwritten"", ""text"": ""16. одиничною""}, {""bbox"": [243, 5347, 1308, 5547], ""type"": ""handwritten"", ""text"": ""57. ранг матриці""}, {""bbox"": [232, 5496, 2532, 5746], ""type"": ""formula"", ""text"": ""38. x = \\frac{\\Delta x}{\\Delta} = \\frac{11}{11} = 1 \\quad y = \\frac{\\Delta y}{\\Delta} = \\frac{-11}{11} = -1""}, {""bbox"": [1564, 5485, 2533, 5745], ""type"": ""formula"", ""text"": ""y = \\frac{\\Delta y}{\\Delta} = \\frac{-11}{11} = -1""}, {""bbox"": [438, 5734, 1532, 5967], ""type"": ""formula"", ""text"": ""Відповідь: x = 1, y = -1""}, {""bbox"": [240, 5956, 1037, 6140], ""type"": ""formula"", ""text"": ""59. \\lim = \\frac{2}{1} = 2""}, {""bbox"": [240, 6156, 797, 6307], ""type"": ""formula"", ""text"": ""40. ad - bc""}, {""bbox"": [241, 6309, 2184, 6569], ""type"": ""handwritten"", ""text"": ""41. 2 (максимум за 1 сировиною)""}, {""bbox"": [4095, 6383, 4246, 6576], ""type"": ""annotation"", ""text"": ""2""}]"
046af991-93eb-4357-9638-7748c7a5c413.jpg,"[{""bbox"": [73, 4, 1647, 129], ""type"": ""handwritten"", ""text"": ""Такий підхід може гарно сприяти на підвищення""}, {""bbox"": [76, 75, 1652, 214], ""type"": ""handwritten"", ""text"": ""Такий підхід може мати вплив на""}, {""bbox"": [79, 166, 1634, 300], ""type"": ""handwritten"", ""text"": ""репутації компанії, підвищують""}, {""bbox"": [75, 247, 1530, 380], ""type"": ""handwritten"", ""text"": ""технологіям, як це зробила Nestle. Також допоможе""}, {""bbox"": [60, 330, 1497, 457], ""type"": ""handwritten"", ""text"": ""також""}, {""bbox"": [62, 405, 1656, 535], ""type"": ""handwritten"", ""text"": ""для інвесторів це показує компанію більш стабільною""}, {""bbox"": [64, 485, 1523, 615], ""type"": ""handwritten"", ""text"": ""прибутковою та етичною, що робить компанію""}, {""bbox"": [84, 559, 1655, 693], ""type"": ""handwritten"", ""text"": ""привабливою для інвестування. Таким чином ESG""}, {""bbox"": [82, 638, 1525, 766], ""type"": ""handwritten"", ""text"": ""це не просто тренд, а стратегія, яка забезпечує""}, {""bbox"": [77, 712, 1616, 853], ""type"": ""handwritten"", ""text"": ""це не просто тренд, а стратегія, яка""}, {""bbox"": [79, 854, 392, 947], ""type"": ""handwritten"", ""text"": ""Завдання 3""}, {""bbox"": [92, 967, 200, 1012], ""type"": ""handwritten"", ""text"": ""7. a""}, {""bbox"": [384, 950, 493, 1007], ""type"": ""handwritten"", ""text"": ""6. d""}, {""bbox"": [81, 1025, 169, 1080], ""type"": ""handwritten"", ""text"": ""2. в""}, {""bbox"": [376, 1023, 485, 1082], ""type"": ""handwritten"", ""text"": ""7. e""}, {""bbox"": [77, 1095, 173, 1154], ""type"": ""handwritten"", ""text"": ""3. b""}, {""bbox"": [370, 1087, 476, 1143], ""type"": ""handwritten"", ""text"": ""8. a""}, {""bbox"": [694, 1075, 795, 1181], ""type"": ""annotation"", ""text"": ""17""}, {""bbox"": [361, 1155, 466, 1213], ""type"": ""handwritten"", ""text"": ""9. e""}, {""bbox"": [77, 1162, 168, 1217], ""type"": ""handwritten"", ""text"": ""4. в""}, {""bbox"": [80, 1222, 182, 1286], ""type"": ""handwritten"", ""text"": ""5. c""}, {""bbox"": [345, 1240, 461, 1300], ""type"": ""handwritten"", ""text"": ""10. a""}, {""bbox"": [75, 1304, 398, 1398], ""type"": ""handwritten"", ""text"": ""Завдання 4.""}, {""bbox"": [78, 1362, 1583, 1471], ""type"": ""handwritten"", ""text"": ""1) Менеджмент - це процес планування, організації,""}, {""bbox"": [85, 1437, 1600, 1550], ""type"": ""handwritten"", ""text"": ""мотивації та контролю ресурсів для досягнення цілей""}, {""bbox"": [97, 1514, 238, 1562], ""type"": ""handwritten"", ""text"": ""цілей""}, {""bbox"": [79, 1535, 1591, 1653], ""type"": ""handwritten"", ""text"": ""2) Соціальна відповідальність - зобов'язання бізнесу""}, {""bbox"": [94, 1615, 1480, 1718], ""type"": ""handwritten"", ""text"": ""діяти на користь суспільства та екології; а у""}, {""bbox"": [86, 1670, 1623, 1783], ""type"": ""handwritten"", ""text"": ""випадку порушення - звітувати та нести покарання.""}, {""bbox"": [77, 1732, 1642, 1850], ""type"": ""handwritten"", ""text"": ""випадку порушення - звітувати на""}, {""bbox"": [88, 1797, 1656, 1914], ""type"": ""handwritten"", ""text"": ""3) Недіянкові ризики - це ризики які не пов'язані з""}, {""bbox"": [89, 1853, 1656, 1971], ""type"": ""handwritten"", ""text"": ""прогну з фінансовими операціями, але""}, {""bbox"": [72, 1912, 1656, 2020], ""type"": ""handwritten"", ""text"": ""на діяльність організації. Це, наприклад, ризики""}, {""bbox"": [73, 1964, 1650, 2073], ""type"": ""handwritten"", ""text"": ""ризими рорушиння законодавства, соціальних норм""}, {""bbox"": [81, 2022, 1651, 2135], ""type"": ""handwritten"", ""text"": ""4) Корпоративна культура це - система цінностей, норм і правил поведінки, яка формується в компанії та""}, {""bbox"": [90, 2081, 1651, 2197], ""type"": ""handwritten"", ""text"": ""корі і правильні поведінки, яка утворюється""}, {""bbox"": [93, 2152, 1656, 2269], ""type"": ""handwritten"", ""text"": ""відзначає сполу відстань між співробітниками""}, {""bbox"": [90, 2223, 1656, 2339], ""type"": ""handwritten"", ""text"": ""де зашкоджені усі її звички, особливості, привишки та""}]"
99909bbb-7c5c-4876-bd37-17a0cf4db3e3.jpg,"[{""bbox"": [361, 226, 738, 492], ""type"": ""annotation"", ""text"": ""N 26""}, {""bbox"": [915, 369, 2048, 943], ""type"": ""formula"", ""text"": ""\\begin{array}{c|cc|c} & I & II \\\\ \\hline a & 2 & 3 \\\\ b & 5 & 20 \\end{array}""}, {""bbox"": [1087, 935, 2021, 1164], ""type"": ""handwritten"", ""text"": ""Загальний - ?""}, {""bbox"": [1122, 1184, 2002, 1403], ""type"": ""handwritten"", ""text"": ""на 100 %""}, {""bbox"": [852, 1450, 3788, 1791], ""type"": ""handwritten"", ""text"": ""Для A = 100 Справила l = 100 x 2 = 200""}, {""bbox"": [2336, 1773, 3717, 2014], ""type"": ""formula"", ""text"": ""N = 1000 * 3 = 3000""}, {""bbox"": [942, 2136, 1921, 2405], ""type"": ""formula"", ""text"": ""Дано B = 60""}, {""bbox"": [2061, 2531, 3445, 2804], ""type"": ""formula"", ""text"": ""11 = 60 \\times 20 = 1200""}, {""bbox"": [2472, 3589, 3602, 3954], ""type"": ""annotation"", ""text"": ""26.12.25""}]"
08072687-8a58-407d-9dff-8086728d04f6.jpg,"[{""bbox"": [25, 30, 315, 102], ""type"": ""handwritten"", ""text"": ""IV. Задача""}, {""bbox"": [46, 55, 1546, 168], ""type"": ""formula"", ""text"": ""C = 65; \\Sigma q = 6; G = 20; R = 3; P = 10; A = 16; I = 8; T_H = 19;""}, {""bbox"": [42, 158, 672, 250], ""type"": ""formula"", ""text"": ""W = 42 ; X_n = 3 ; NT_ч = 7""}, {""bbox"": [12, 232, 1371, 329], ""type"": ""formula"", ""text"": ""a) ВВП_{світ} = С + Ід + Ів + Хп = 65 + 6 + 20 + 3 = 94""}, {""bbox"": [23, 296, 1614, 411], ""type"": ""formula"", ""text"": ""ВВП_{капр} = C + I_d + G + T_H - C + I_d + G + T_H = 63 + 6 + 100 + 3 - 98 = 98""}, {""bbox"": [1227, 409, 1599, 472], ""type"": ""handwritten"", ""text"": ""Доходи спожи-""}, {""bbox"": [516, 424, 1607, 522], ""type"": ""handwritten"", ""text"": ""Доходи, які отримані - Доходи сплаче-""}, {""bbox"": [207, 460, 1576, 592], ""type"": ""handwritten"", ""text"": ""A = ВВП + Доходи, які отримані резидентами із-за кордону - ні резидентами ін країн""}, {""bbox"": [40, 597, 697, 705], ""type"": ""formula"", ""text"": ""94 + 12 - 7 = 99 - ВНА""}]"
7e8eb75e-9a97-406d-afdf-64579f381bb9.jpg,"[{""bbox"": [962, 23, 1607, 112], ""type"": ""handwritten"", ""text"": ""Батанова та йдна Катію""}, {""bbox"": [31, 47, 893, 153], ""type"": ""handwritten"", ""text"": ""1. а) атома та його йонів (II)""}, {""bbox"": [1001, 98, 1637, 157], ""type"": ""handwritten"", ""text"": ""~~вже~~ будови архітектури""}, {""bbox"": [95, 130, 738, 221], ""type"": ""handwritten"", ""text"": ""Заряд ядра: +16 (16 протонів)""}, {""bbox"": [988, 119, 1648, 215], ""type"": ""handwritten"", ""text"": ""~~вчення будови атома~~""}, {""bbox"": [86, 209, 640, 287], ""type"": ""handwritten"", ""text"": ""Кількість електронів: 16""}, {""bbox"": [978, 201, 1598, 285], ""type"": ""handwritten"", ""text"": ""Кількість електронів: 19""}, {""bbox"": [21, 275, 796, 371], ""type"": ""handwritten"", ""text"": ""Розподіл електронів по шарах: 2, 8, 6""}, {""bbox"": [977, 274, 1640, 363], ""type"": ""handwritten"", ""text"": ""Розподіл по рівнях: 2, 8, 8, 1""}, {""bbox"": [813, 305, 954, 458], ""type"": ""annotation"", ""text"": ""+100""}, {""bbox"": [972, 359, 1454, 443], ""type"": ""handwritten"", ""text"": ""Електронна формула:""}, {""bbox"": [21, 363, 530, 450], ""type"": ""handwritten"", ""text"": ""Електронна формула:""}, {""bbox"": [23, 439, 417, 537], ""type"": ""formula"", ""text"": ""1s^2 2s^2 2p^6 3s^2 3p^4""}, {""bbox"": [967, 434, 1473, 538], ""type"": ""formula"", ""text"": ""1s^2 2s^2, 2p^6 3s^2, 3p^6, 4s^1""}, {""bbox"": [969, 536, 1662, 631], ""type"": ""handwritten"", ""text"": ""Заряд ядра: +1,9 (не змінюється)""}, {""bbox"": [39, 557, 856, 668], ""type"": ""handwritten"", ""text"": ""Заряд ядра: +16 (не змінюється)""}, {""bbox"": [959, 615, 1583, 692], ""type"": ""handwritten"", ""text"": ""Кількість електронів: 18""}, {""bbox"": [33, 640, 641, 735], ""type"": ""handwritten"", ""text"": ""Кількість електронів: 18""}, {""bbox"": [955, 684, 1589, 774], ""type"": ""handwritten"", ""text"": ""Розподіл по рівнян~~ня~~{н}х: 2, 8, 8""}, {""bbox"": [25, 717, 811, 822], ""type"": ""handwritten"", ""text"": ""Розподіл електронів по шарах: 2, 8, 8""}, {""bbox"": [951, 762, 1456, 838], ""type"": ""handwritten"", ""text"": ""Електрична формула:""}, {""bbox"": [29, 805, 562, 903], ""type"": ""handwritten"", ""text"": ""Електронна формула:""}, {""bbox"": [945, 820, 1335, 909], ""type"": ""handwritten"", ""text"": ""1s² 2s² 2p⁶ 3s² 3p⁶""}, {""bbox"": [43, 879, 433, 968], ""type"": ""formula"", ""text"": ""1s^2 2s^2 2p^6 3s^2 3p^6""}, {""bbox"": [32, 966, 724, 1097], ""type"": ""handwritten"", ""text"": ""5. Металізаторізація""}, {""bbox"": [789, 999, 1303, 1080], ""type"": ""handwritten"", ""text"": ""Інтерна кислота""}, {""bbox"": [1409, 1004, 1599, 1125], ""type"": ""annotation"", ""text"": ""+ 20 б.""}, {""bbox"": [111, 1071, 539, 1167], ""type"": ""formula"", ""text"": ""CH3-NH-CH(CH3)2""}, {""bbox"": [800, 1083, 1324, 1179], ""type"": ""formula"", ""text"": ""HOOC-CH2-CH2-COOH""}, {""bbox"": [36, 1159, 744, 1265], ""type"": ""handwritten"", ""text"": ""4. Етилен → 1,2-дихлоретан""}, {""bbox"": [880, 1193, 1579, 1273], ""type"": ""handwritten"", ""text"": ""1,2-дихлоретан → ацетилен""}, {""bbox"": [110, 1255, 796, 1365], ""type"": ""formula"", ""text"": ""CH2-CH2 + Cl2 → CH2Cl-CH2Cl""}, {""bbox"": [876, 1273, 1609, 1384], ""type"": ""handwritten"", ""text"": ""CHCl - CH2Cl + 2 KOH (спирт) t -> HC≡""}, {""bbox"": [66, 1351, 753, 1441], ""type"": ""handwritten"", ""text"": ""ацетилен -> оцтовий альдегід""}, {""bbox"": [873, 1366, 1231, 1450], ""type"": ""formula"", ""text"": ""CN + 2KCl + 2H_2O""}, {""bbox"": [66, 1427, 641, 1507], ""type"": ""formula"", ""text"": ""HC≡CH + H_2O \\xrightarrow[Hg^{2+}]{H^+} CH_3-CHO""}, {""bbox"": [72, 1497, 899, 1592], ""type"": ""handwritten"", ""text"": ""органічний альдегід → органічна кислота""}, {""bbox"": [1167, 1469, 1323, 1611], ""type"": ""annotation"", ""text"": ""+20б.""}, {""bbox"": [62, 1571, 974, 1667], ""type"": ""handwritten"", ""text"": ""CH3 - CNO + Ag2O NH3·H2O → CH3 - COONH + 2Ag ↓""}, {""bbox"": [58, 1658, 312, 1754], ""type"": ""handwritten"", ""text"": ""2. Дано:""}, {""bbox"": [138, 1747, 593, 1822], ""type"": ""handwritten"", ""text"": ""m частки KNO3 - 100 г""}, {""bbox"": [146, 1813, 485, 1888], ""type"": ""handwritten"", ""text"": ""14 % - 20 розчину""}, {""bbox"": [876, 1845, 1140, 1989], ""type"": ""annotation"", ""text"": ""роз'язання""}, {""bbox"": [140, 1883, 583, 1972], ""type"": ""handwritten"", ""text"": ""2002 40% - 20 розчину""}, {""bbox"": [147, 1957, 300, 2025], ""type"": ""handwritten"", ""text"": ""Дано:""}, {""bbox"": [644, 1971, 1190, 2053], ""type"": ""formula"", ""text"": ""m(KNO_3) = 200 г \\cdot 0,40 = 80 г""}, {""bbox"": [1372, 1954, 1544, 2101], ""type"": ""annotation"", ""text"": ""+20б.""}, {""bbox"": [151, 2024, 575, 2103], ""type"": ""handwritten"", ""text"": ""100 г 14 %-го розчину""}, {""bbox"": [651, 2040, 1337, 2115], ""type"": ""handwritten"", ""text"": ""m заг. розчину = 100 г + 200 г = 300 г""}, {""bbox"": [142, 2085, 622, 2169], ""type"": ""handwritten"", ""text"": ""200 г 40% - 20 розчину""}, {""bbox"": [650, 2090, 1353, 2175], ""type"": ""handwritten"", ""text"": ""~~W~~ новий = (m заг. (речовини) / m заг. речовини) · 100 %""}, {""bbox"": [142, 2176, 508, 2244], ""type"": ""handwritten"", ""text"": ""m частки KNO3 - ?""}, {""bbox"": [647, 2151, 1276, 2261], ""type"": ""formula"", ""text"": ""Новий = \\frac{942}{3602} \\cdot 100\\% \\approx 31,33\\%""}, {""bbox"": [648, 2234, 1100, 2328], ""type"": ""handwritten"", ""text"": ""Відповідь: ≈ 31,33 %""}]"
6715d395-b045-4401-8e97-03b97582a825.jpg,"[{""bbox"": [76, 67, 236, 151], ""type"": ""handwritten"", ""text"": ""4. г)""}, {""bbox"": [1196, 105, 1952, 640], ""type"": ""table"", ""text"": ""y | Ряд. | x - x̄ | (x - x̄)²""}, {""bbox"": [138, 551, 1275, 680], ""type"": ""formula"", ""text"": ""\\vec{X} = \\frac{0,12 + 0,24 + 0,11}{3} = 0,15~~6~~7""}, {""bbox"": [149, 648, 1271, 813], ""type"": ""formula"", ""text"": ""x = \\frac{0,000000000000000000000000000000000000000000000000000000000000000000000000000000000000000000000000000000000000000000000000000000000000000000000000000000000""}, {""bbox"": [170, 796, 1483, 962], ""type"": ""formula"", ""text"": ""V = \\frac{6}{x} \\cdot 100\\% = \\frac{0,0591}{0,1567} \\cdot 100\\% = 37,7\\%""}, {""bbox"": [140, 927, 1850, 1084], ""type"": ""handwritten"", ""text"": ""0,1364""}, {""bbox"": [150, 1075, 717, 1162], ""type"": ""handwritten"", ""text"": ""становить 97,7%.""}, {""bbox"": [477, 1244, 560, 1314], ""type"": ""annotation"", ""text"": ""37""}, {""bbox"": [851, 1604, 958, 1666], ""type"": ""handwritten"", ""text"": ""43,6""}, {""bbox"": [843, 1660, 954, 1726], ""type"": ""handwritten"", ""text"": ""45,6""}, {""bbox"": [813, 1788, 949, 1862], ""type"": ""handwritten"", ""text"": ""49,3""}, {""bbox"": [793, 1858, 960, 1957], ""type"": ""handwritten"", ""text"": ""49, 6""}, {""bbox"": [1267, 2038, 1904, 2161], ""type"": ""handwritten"", ""text"": ""Вирівняний товарооборот""}, {""bbox"": [43, 2081, 760, 2239], ""type"": ""formula"", ""text"": ""\\bar{y}_t = \\frac{y_{t-1} + y_t + y_{t+1}}{3}""}, {""bbox"": [1453, 2135, 1927, 2239], ""type"": ""formula"", ""text"": ""у липні = 43,6 млн грн.""}, {""bbox"": [751, 2213, 1454, 2337], ""type"": ""formula"", ""text"": ""y_{17} = \\frac{43 + 41 + 47}{3} = 43,6""}, {""bbox"": [54, 2223, 747, 2340], ""type"": ""formula"", ""text"": ""y_{t_1} = \\frac{97 + 39 + 44}{3} = 39,6""}, {""bbox"": [51, 2331, 715, 2455], ""type"": ""formula"", ""text"": ""y_{13} = \\frac{39 + 44 + 38}{3} = 40,3""}, {""bbox"": [764, 2329, 1550, 2450], ""type"": ""formula"", ""text"": ""y_{+8} = \\frac{47 + 47 + 48}{3} = 45,6""}, {""bbox"": [54, 2457, 723, 2582], ""type"": ""formula"", ""text"": ""y_{14} = \\frac{44 + 38 + 42}{3} = 41,3""}, {""bbox"": [750, 2428, 1530, 2585], ""type"": ""formula"", ""text"": ""y_{kg} = \\frac{47 + 48 + 52}{3} = 49,3""}, {""bbox"": [52, 2568, 671, 2679], ""type"": ""formula"", ""text"": ""y_{15} = \\frac{y_1 + y_2 + y_3}{3} = 41""}, {""bbox"": [760, 2573, 1280, 2672], ""type"": ""formula"", ""text"": ""y_{710} = \\frac{48 + 52 + 47}{3}""}, {""bbox"": [753, 2576, 1521, 2732], ""type"": ""formula"", ""text"": ""y_{t10} = \\frac{48 + 52 + 47}{3} = 49,3\\ny_{t11} = \\frac{52 + 47 + 50}{3} = 49,6""}, {""bbox"": [1785, 2622, 1919, 2737], ""type"": ""annotation"", ""text"": ""2.""}, {""bbox"": [55, 2662, 634, 2759], ""type"": ""formula"", ""text"": ""y_{16} = \\frac{y_2 + y_3 + y_1}{3} = y_2""}]"
151eddb2-dedf-4ab3-a536-a47483708b8b.jpg,"[{""bbox"": [1138, 12, 1309, 198], ""type"": ""handwritten"", ""text"": ""є""}, {""bbox"": [272, 221, 1692, 501], ""type"": ""formula"", ""text"": ""-p^2 - 6p + 67 = p^2 + 8p + 7""}, {""bbox"": [282, 497, 1971, 756], ""type"": ""formula"", ""text"": ""0 = (p^2 + p^2) + (8p + 6p) + (7 - 67)""}, {""bbox"": [303, 773, 1245, 995], ""type"": ""formula"", ""text"": ""0 = 2p^2 + 14p - 60""}, {""bbox"": [252, 971, 1067, 1178], ""type"": ""formula"", ""text"": ""p^2 + 7p - 30 = 0""}, {""bbox"": [3223, 923, 4635, 1326], ""type"": ""formula"", ""text"": ""\\frac{1}{2} = \\frac{1}{2} = \\frac{-3 + 1}{3 + 1} = \\frac{-2}{4} = -\\frac{1}{2}""}, {""bbox"": [211, 1173, 1319, 1426], ""type"": ""formula"", ""text"": ""p = \\frac{-7 \\pm \\sqrt{7^2 - 4(1)(-30)}}{2}""}, {""bbox"": [216, 1411, 1042, 1689], ""type"": ""formula"", ""text"": ""p = \\frac{-7 \\pm \\sqrt{49 + 720}}{2}""}, {""bbox"": [225, 1674, 921, 1918], ""type"": ""formula"", ""text"": ""p = \\frac{-7 \\pm \\sqrt{15.9}}{2}""}, {""bbox"": [227, 1903, 812, 2092], ""type"": ""formula"", ""text"": ""p = \\frac{-7 \\pm 13}{2}""}, {""bbox"": [222, 2117, 1482, 2385], ""type"": ""formula"", ""text"": ""p_1 = \\frac{-7 + 13}{2} = \\frac{6}{2} = 3""}, {""bbox"": [379, 2377, 1672, 2640], ""type"": ""formula"", ""text"": ""p_2 = \\frac{-7 - 13}{2} = \\frac{-20}{2} = -10""}, {""bbox"": [247, 2632, 3693, 2910], ""type"": ""handwritten"", ""text"": ""корінь p2 = -10, відкидається; p ≠ -0,5, p = 3, Відповідь: p* = 3""}, {""bbox"": [228, 2862, 1298, 3041], ""type"": ""formula"", ""text"": ""18) I = \\int \\cos(5x) dx""}, {""bbox"": [403, 3139, 745, 3268], ""type"": ""formula"", ""text"": ""u = 5x""}, {""bbox"": [345, 3327, 1111, 3507], ""type"": ""formula"", ""text"": ""du = d(15x) = 5dx""}, {""bbox"": [369, 3516, 865, 3729], ""type"": ""formula"", ""text"": ""dx = \\frac{1}{5} du""}, {""bbox"": [277, 3718, 1219, 3961], ""type"": ""formula"", ""text"": ""I = \\int \\cos t(u) (\\frac{1}{5}) du""}, {""bbox"": [245, 4001, 1138, 4235], ""type"": ""formula"", ""text"": ""I = \\frac{1}{5} \\int \\cos(u) du""}, {""bbox"": [208, 4264, 1000, 4474], ""type"": ""formula"", ""text"": ""I = \\frac{1}{5} \\sin(10x) + C""}, {""bbox"": [211, 4492, 2532, 4747], ""type"": ""handwritten"", ""text"": ""I = 1/5 sin(5x) + C; Відповідь: I = 1/5 sin(5x) + C""}, {""bbox"": [219, 4727, 1918, 4946], ""type"": ""handwritten"", ""text"": ""19) має єдиничковий розв'язок""}, {""bbox"": [187, 4900, 1698, 5155], ""type"": ""handwritten"", ""text"": ""20) f(x) = ln x / 1 + x^2 у точці x = 1""}, {""bbox"": [337, 5149, 1160, 5418], ""type"": ""formula"", ""text"": ""(\\frac{u}{v})' = \\frac{u'v - uv'}{v^2}""}, {""bbox"": [308, 5378, 1732, 5661], ""type"": ""formula"", ""text"": ""f'(x) = \\frac{(\\frac{1}{x})(1 + x^2) - (\\ln x)(2x)}{(1 + x^2)^2}""}, {""bbox"": [303, 5600, 1376, 5921], ""type"": ""formula"", ""text"": ""f'(x) = \\frac{\\frac{1}{x^2} - 2x \\ln x}{(1 + x^2)^2}""}, {""bbox"": [288, 5895, 1458, 6185], ""type"": ""formula"", ""text"": ""f'(1) = \\frac{1 + 1(1)^2 - 2(1) \\ln(1)}{(1 + (1)^2)^2}""}, {""bbox"": [271, 6158, 1145, 6439], ""type"": ""formula"", ""text"": ""f(1) = \\frac{\\frac{1+1}{1} - 2(0)}{(1+1)^2}""}, {""bbox"": [266, 6429, 924, 6640], ""type"": ""formula"", ""text"": ""f'(1) = \\frac{2 - 0}{2^2}""}, {""bbox"": [250, 6642, 706, 6822], ""type"": ""formula"", ""text"": ""f'(1) = \\frac{2}{4}""}, {""bbox"": [240, 6776, 1376, 7022], ""type"": ""handwritten"", ""text"": ""f'(1) = 1/2, Відповідь: 1/2""}, {""bbox"": [313, 6992, 895, 7078], ""type"": ""formula"", ""text"": ""m = -2000""}]"
f226ebaf-5816-4af8-9cc8-0dc76b195291.jpg,"[{""bbox"": [219, 37, 414, 125], ""type"": ""handwritten"", ""text"": ""г N2""}, {""bbox"": [218, 134, 1345, 254], ""type"": ""handwritten"", ""text"": ""на ринок державних цінних паперів є одним із""}, {""bbox"": [65, 212, 1522, 340], ""type"": ""handwritten"", ""text"": ""найважливішою сегментацією в аграрного сектора, який""}, {""bbox"": [52, 294, 1630, 426], ""type"": ""handwritten"", ""text"": ""відносає рівень продовольчої безпеки як окремих країн""}, {""bbox"": [60, 385, 1522, 516], ""type"": ""handwritten"", ""text"": ""так і світу в цілому. До основних зернових культур""}, {""bbox"": [59, 473, 1542, 596], ""type"": ""handwritten"", ""text"": ""населення, кінкуруджі, річ, сім'їв, житло, обвес.""}, {""bbox"": [55, 554, 1628, 691], ""type"": ""handwritten"", ""text"": ""до виробництва, експорт і споживання є стратегічно важливим""}, {""bbox"": [58, 631, 1464, 755], ""type"": ""handwritten"", ""text"": ""яке забезпечення стабільності продовольчих систем.""}, {""bbox"": [53, 708, 1461, 829], ""type"": ""handwritten"", ""text"": ""Сутність цього ринку полягає в глобальному обміні сільськогосподарської продукції""}, {""bbox"": [50, 775, 1650, 892], ""type"": ""handwritten"", ""text"": ""сільськогосподарської продукції.""}, {""bbox"": [52, 849, 1445, 953], ""type"": ""handwritten"", ""text"": ""Структура ринку формується під впливом таких""}, {""bbox"": [49, 915, 1486, 1024], ""type"": ""handwritten"", ""text"": ""чинників як обсяги виробництва, аграрні технології,""}, {""bbox"": [47, 983, 1563, 1093], ""type"": ""handwritten"", ""text"": ""кі машини; умова, державна політика, рівень споживання""}, {""bbox"": [43, 1049, 1435, 1159], ""type"": ""handwritten"", ""text"": ""транспортно-логістична. Значення державного ранку до""}, {""bbox"": [36, 1111, 1524, 1237], ""type"": ""handwritten"", ""text"": ""продовольство; бедність полягає в забезпеченні доступу""}, {""bbox"": [35, 1183, 1565, 1304], ""type"": ""handwritten"", ""text"": ""поселення до основного продуктів харчування, формувати""}, {""bbox"": [39, 1260, 1411, 1373], ""type"": ""handwritten"", ""text"": ""цінової стабільності та зниження ризиків голоду""}, {""bbox"": [39, 1323, 1497, 1447], ""type"": ""handwritten"", ""text"": ""До провідних виробників дерева в світі належать""}, {""bbox"": [43, 1395, 1621, 1538], ""type"": ""handwritten"", ""text"": ""США, Канада, Індія, Бразилія, Аргентина, Франція, Росія та""}, {""bbox"": [48, 1472, 1634, 1608], ""type"": ""handwritten"", ""text"": ""Канаду. Основними експортерами є кислоти: Росія, Канада,""}, {""bbox"": [43, 1542, 1531, 1678], ""type"": ""handwritten"", ""text"": ""Німеччина, США на Францію, а найбільші експортери""}, {""bbox"": [45, 1620, 1467, 1744], ""type"": ""handwritten"", ""text"": ""кукурудзи - США, бразилія по Аргентині. Водночас""}, {""bbox"": [42, 1686, 1530, 1805], ""type"": ""handwritten"", ""text"": ""половини імпортерами висунуло копію країни""}, {""bbox"": [39, 1750, 1553, 1872], ""type"": ""handwritten"", ""text"": ""рівнем споживання : недостатнім внутрішнім виробляється""}, {""bbox"": [38, 1815, 1542, 1946], ""type"": ""handwritten"", ""text"": ""докреми Єгипет, Кітай, Індокитай, Малайзія, Іран, Саудівська""}, {""bbox"": [35, 1892, 1603, 2022], ""type"": ""handwritten"", ""text"": ""Арабія. У цілому, світовий ринок деревини є надзвичайно""}, {""bbox"": [34, 1972, 1526, 2088], ""type"": ""handwritten"", ""text"": ""дипломатичних і стратегічно важливих для гробової""}, {""bbox"": [34, 2049, 1520, 2176], ""type"": ""handwritten"", ""text"": ""економіки, оскільки забезпечує базову продукцію""}, {""bbox"": [34, 2108, 770, 2223], ""type"": ""handwritten"", ""text"": ""безпеку тільорів людей""}]"
3750514a-eb49-460f-8b56-64b3cea0443f.jpg,"[{""bbox"": [27, 9, 1259, 101], ""type"": ""handwritten"", ""text"": ""Ключові елементи формування соціального бренду""}, {""bbox"": [16, 62, 1274, 151], ""type"": ""handwritten"", ""text"": ""• місяць по цілосний, що підтримують соціальні ідеали""}, {""bbox"": [13, 115, 1442, 214], ""type"": ""handwritten"", ""text"": ""• Програми НСВВ, співпраця по гуманітарному, профільних, екологічного""}, {""bbox"": [11, 177, 1360, 269], ""type"": ""handwritten"", ""text"": ""• Програми і рішіння - публічні і персональні звіти""}, {""bbox"": [13, 233, 1318, 315], ""type"": ""handwritten"", ""text"": ""• Позитивне позиціонування у ЗМІ та соціальних мережах""}, {""bbox"": [11, 279, 1613, 382], ""type"": ""handwritten"", ""text"": ""• Позитивна позиціонування у тій чи іншій соціальній групі""}, {""bbox"": [11, 336, 1612, 445], ""type"": ""handwritten"", ""text"": ""Соціальна служба - це структуризовані підрозділи організації, що відділяють""}, {""bbox"": [10, 432, 259, 487], ""type"": ""handwritten"", ""text"": ""компонії""}, {""bbox"": [26, 470, 896, 548], ""type"": ""handwritten"", ""text"": ""О сновні завдання соціальної служби""}, {""bbox"": [1397, 499, 1509, 562], ""type"": ""annotation"", ""text"": ""20""}, {""bbox"": [20, 519, 1087, 602], ""type"": ""handwritten"", ""text"": ""Основи управління страховою групою""}, {""bbox"": [26, 574, 1171, 659], ""type"": ""handwritten"", ""text"": ""2. Калібрування програми з опором програмного здоров'я""}, {""bbox"": [19, 626, 1492, 719], ""type"": ""handwritten"", ""text"": ""3. Підтрималися корпоративні інтереси та міжнародного співробітництва""}, {""bbox"": [12, 695, 1157, 777], ""type"": ""handwritten"", ""text"": ""4. Залучення працівників до соціальних ініціатив""}, {""bbox"": [23, 751, 1125, 841], ""type"": ""handwritten"", ""text"": ""5. Моніторинг соціальних потреб населення""}, {""bbox"": [25, 825, 177, 885], ""type"": ""handwritten"", ""text"": ""функції""}, {""bbox"": [11, 835, 1601, 943], ""type"": ""handwritten"", ""text"": ""• Аналітична (вивчення соц. ризиків); • Колективно-головна (інформування проц.)""}, {""bbox"": [12, 910, 1578, 1015], ""type"": ""handwritten"", ""text"": ""• Оптимізаційний (послідовність засобів); • Номінальний (суміш ефективний соц.)""}, {""bbox"": [12, 989, 1536, 1091], ""type"": ""handwritten"", ""text"": ""• Конфіденційність (фактично з вирішенням особистих структурних рішень)""}, {""bbox"": [18, 1061, 285, 1133], ""type"": ""handwritten"", ""text"": ""Завдання 3.""}, {""bbox"": [8, 1130, 94, 1181], ""type"": ""handwritten"", ""text"": ""1) d""}, {""bbox"": [12, 1174, 102, 1225], ""type"": ""handwritten"", ""text"": ""21. а""}, {""bbox"": [19, 1224, 92, 1282], ""type"": ""handwritten"", ""text"": ""3.) b""}, {""bbox"": [11, 1283, 86, 1347], ""type"": ""handwritten"", ""text"": ""4) b""}, {""bbox"": [22, 1340, 106, 1400], ""type"": ""handwritten"", ""text"": ""5) a""}, {""bbox"": [17, 1401, 152, 1468], ""type"": ""handwritten"", ""text"": ""6) В.""}, {""bbox"": [551, 1432, 656, 1504], ""type"": ""annotation"", ""text"": ""3v""}, {""bbox"": [22, 1465, 116, 1540], ""type"": ""handwritten"", ""text"": ""7) с""}, {""bbox"": [27, 1541, 106, 1607], ""type"": ""handwritten"", ""text"": ""8) С""}, {""bbox"": [25, 1607, 105, 1677], ""type"": ""handwritten"", ""text"": ""9) b""}, {""bbox"": [18, 1673, 122, 1747], ""type"": ""handwritten"", ""text"": ""10) b""}, {""bbox"": [15, 1740, 243, 1802], ""type"": ""handwritten"", ""text"": ""Завдання 4""}, {""bbox"": [1346, 1742, 1449, 1808], ""type"": ""annotation"", ""text"": ""20""}, {""bbox"": [2, 1777, 1646, 1885], ""type"": ""handwritten"", ""text"": ""Модель сортового порівняння - це узгодження інших виробничих виробництв""}, {""bbox"": [15, 1846, 231, 1894], ""type"": ""handwritten"", ""text"": ""і церковні""}, {""bbox"": [0, 1875, 1325, 1974], ""type"": ""handwritten"", ""text"": ""2) Глідичне підприємство - це суспільне уявлення про компанію""}, {""bbox"": [6, 1961, 1592, 2085], ""type"": ""handwritten"", ""text"": ""3) Соціальний мінімізм - установлена соціальним процесами в""}, {""bbox"": [10, 2048, 1651, 2175], ""type"": ""handwritten"", ""text"": ""4) менеджер з КССВ - фокусується із впровадження соціальної відповідаль-""}, {""bbox"": [10, 2134, 382, 2226], ""type"": ""handwritten"", ""text"": ""ноші бірки.""}]"
0b090a2b-d45b-4ffe-a338-8e6c276b6ab6.jpg,"[{""bbox"": [103, 23, 563, 224], ""type"": ""image"", ""text"": """"}, {""bbox"": [116, 245, 192, 321], ""type"": ""handwritten"", ""text"": ""1.""}, {""bbox"": [127, 335, 642, 468], ""type"": ""handwritten"", ""text"": ""а) Fe - ферум.""}, {""bbox"": [277, 464, 583, 545], ""type"": ""handwritten"", ""text"": ""Період - 4.""}, {""bbox"": [290, 526, 807, 623], ""type"": ""handwritten"", ""text"": ""Група: VІІ В.""}, {""bbox"": [282, 611, 952, 698], ""type"": ""handwritten"", ""text"": ""підґрунтя: посіяна,""}, {""bbox"": [220, 750, 558, 841], ""type"": ""handwritten"", ""text"": ""Період : 3.""}, {""bbox"": [212, 829, 734, 918], ""type"": ""handwritten"", ""text"": ""Група: VІІ А""}, {""bbox"": [208, 894, 818, 989], ""type"": ""handwritten"", ""text"": ""якісне: головне.""}, {""bbox"": [61, 1013, 315, 1125], ""type"": ""handwritten"", ""text"": ""Дано:""}, {""bbox"": [100, 1124, 582, 1229], ""type"": ""handwritten"", ""text"": ""100г 14% розчину.""}, {""bbox"": [644, 1090, 1636, 1277], ""type"": ""handwritten"", ""text"": ""Наше KNO3, в першому розч.""}, {""bbox"": [641, 1161, 1113, 1293], ""type"": ""formula"", ""text"": ""100 \\cdot 0,14 = 14 г""}, {""bbox"": [98, 1202, 606, 1306], ""type"": ""handwritten"", ""text"": ""або 40% розчину""}, {""bbox"": [635, 1281, 1169, 1366], ""type"": ""formula"", ""text"": ""200 \\cdot 0,40 = 80 \\text{ к.}""}, {""bbox"": [612, 1349, 1057, 1429], ""type"": ""formula"", ""text"": ""14 + 10 = 24 л.""}, {""bbox"": [616, 1410, 1510, 1559], ""type"": ""formula"", ""text"": ""n(KNO_3) = \\frac{94}{300} = 0,313 =""}, {""bbox"": [613, 1522, 1036, 1604], ""type"": ""formula"", ""text"": ""= 31 > 3 %""}, {""bbox"": [1340, 1515, 1547, 1699], ""type"": ""annotation"", ""text"": ""± 15б.""}, {""bbox"": [614, 1597, 1196, 1713], ""type"": ""handwritten"", ""text"": ""В - відб: 31,3 %""}, {""bbox"": [10, 1638, 1124, 1809], ""type"": ""handwritten"", ""text"": ""3. Перетворення за схемою:""}, {""bbox"": [4, 1747, 1607, 1959], ""type"": ""formula"", ""text"": ""1. 2I + O_2 \\to 2IO_2 \\to 2K_2CO_3 \\to 2CaCO_2 \\to 2I \\to 2CaI_2""}, {""bbox"": [6, 1884, 605, 2024], ""type"": ""formula"", ""text"": ""1. C + O_2 \\to CO_2""}, {""bbox"": [596, 1907, 825, 2089], ""type"": ""annotation"", ""text"": ""назви речовин""}, {""bbox"": [848, 1927, 1057, 2171], ""type"": ""annotation"", ""text"": ""типа""}, {""bbox"": [0, 2108, 1003, 2241], ""type"": ""handwritten"", ""text"": ""5. K₂CO₃ + CaCl₂ -> CaCO₃↓ + 2KCl""}, {""bbox"": [9, 2187, 790, 2295], ""type"": ""formula"", ""text"": ""b. CaO + 3C -> CaC2 + CO.""}, {""bbox"": [1073, 2176, 1207, 2299], ""type"": ""annotation"", ""text"": ""+15б""}]"
0e0c130a-605d-4a1d-8b04-0ba81f744790.jpg,"[{""bbox"": [513, 675, 1550, 969], ""type"": ""formula"", ""text"": ""7) Q = 110""}, {""bbox"": [1768, 760, 4611, 1086], ""type"": ""formula"", ""text"": ""0,0004 \\cdot 110^3 - 0,03 \\cdot 110^2 = 1334 - 363 = 971 \\text{грн}""}, {""bbox"": [1212, 1136, 1816, 1347], ""type"": ""formula"", ""text"": ""Q = 100""}, {""bbox"": [1529, 1421, 4539, 1710], ""type"": ""formula"", ""text"": ""0,0001 \\cdot 100^3 - 0,03 \\cdot 100^2 = 1000 - 3000 = -2000""}, {""bbox"": [1835, 1807, 3521, 2065], ""type"": ""formula"", ""text"": ""\\Delta TC = 260 - 400 = -260""}, {""bbox"": [543, 3077, 858, 3362], ""type"": ""annotation"", ""text"": ""10""}, {""bbox"": [513, 5404, 886, 5738], ""type"": ""annotation"", ""text"": ""14""}, {""bbox"": [498, 6008, 815, 6301], ""type"": ""annotation"", ""text"": ""15""}]"
c64acc82-2a8e-49ad-a055-0ad21f1f75cd.jpg,"[{""bbox"": [0, 5, 1509, 134], ""type"": ""handwritten"", ""text"": ""1. a) III-неніоб, VII-група і хлор (Cl).""}, {""bbox"": [3, 81, 1549, 213], ""type"": ""handwritten"", ""text"": ""1. a) ~~IV - непідд, VIII - група, Магній (Mg)~~.""}, {""bbox"": [59, 153, 1514, 319], ""type"": ""handwritten"", ""text"": ""б) IV - період; VIII - група; Манган (Mn).""}, {""bbox"": [1529, 227, 1647, 336], ""type"": ""annotation"", ""text"": ""+9б.""}, {""bbox"": [10, 326, 333, 409], ""type"": ""handwritten"", ""text"": ""2. Дано:""}, {""bbox"": [41, 378, 1284, 576], ""type"": ""formula"", ""text"": ""2. Дано: \\begin{matrix} m(CuSO_4) - 0,2\\% \\\\ m(CuSO_4) - 5g \\end{matrix} | \\omega = \\frac{m \\text{ речовини}}{m \\text{ розчину}} \\cdot 100\\%""}, {""bbox"": [62, 507, 556, 599], ""type"": ""formula"", ""text"": ""m(CuSO_4) - 5g""}, {""bbox"": [1396, 486, 1565, 629], ""type"": ""annotation"", ""text"": ""+20б""}, {""bbox"": [573, 543, 1321, 685], ""type"": ""formula"", ""text"": ""масова частка = \\frac{m_{CuSO_4}}{m_{розч}} \\cdot 100\\%""}, {""bbox"": [7, 589, 355, 710], ""type"": ""formula"", ""text"": ""3. V(H_2O) - ?""}, {""bbox"": [567, 659, 1314, 794], ""type"": ""formula"", ""text"": ""прозину = \\frac{5 \\cdot 1000}{0,2} = 2500""}, {""bbox"": [574, 764, 1321, 877], ""type"": ""formula"", ""text"": ""m H_2O = 2500 - 5 = 2495""}, {""bbox"": [564, 814, 1348, 949], ""type"": ""formula"", ""text"": ""m_{H_2O} = 2500 - 5 = 2495\\nV(H_2O) = \\frac{2495}{1000} \\approx 2,5 л""}, {""bbox"": [559, 922, 1481, 1030], ""type"": ""handwritten"", ""text"": ""Відповідь: потрібно взяти 2,5 літка води.""}, {""bbox"": [562, 997, 1097, 1082], ""type"": ""handwritten"", ""text"": ""215 літня води.""}, {""bbox"": [16, 1040, 1656, 1194], ""type"": ""formula"", ""text"": ""4. 1) C₂H₂ → C₆H₆ + (CH₃)₂CHCl → C₆H₅CH(CH₃)₂""}, {""bbox"": [28, 1156, 294, 1244], ""type"": ""formula"", ""text"": ""~~CH~~""}, {""bbox"": [93, 1178, 1630, 1384], ""type"": ""formula"", ""text"": ""C_6H_5C_6H_6 + (CH_3)_2CHCl \\to C_6H_5CH(CH_3)_2""}, {""bbox"": [49, 1336, 727, 1463], ""type"": ""formula"", ""text"": ""3) синус sin - ~~sinon~~""}, {""bbox"": [1460, 1345, 1633, 1494], ""type"": ""annotation"", ""text"": ""±18б.""}, {""bbox"": [56, 1448, 1041, 1566], ""type"": ""formula"", ""text"": ""4) CH3OH + Na → CH3ONa + H2""}, {""bbox"": [43, 1566, 1521, 1715], ""type"": ""formula"", ""text"": ""5.1) CH_3 - CH(C(CH_3)_3) - CH = CH - CH(C(CH_3)_3) - CH_3""}, {""bbox"": [79, 1707, 1218, 1840], ""type"": ""formula"", ""text"": ""2) CH3-CH2-CH2-CH2-COOH.""}]"
6bb9e272-5066-4753-98fb-e81a817ce158.jpg,"[{""bbox"": [49, 1, 1610, 87], ""type"": ""handwritten"", ""text"": ""В Україні такого є ~~компанії~~{організації}, що пошукують і спілкуються соціально-""}, {""bbox"": [39, 56, 1637, 159], ""type"": ""handwritten"", ""text"": ""відповідальне ведення бізнесу. Наприклад, Мінекономіки та Мінсоцполі-""}, {""bbox"": [38, 122, 1623, 229], ""type"": ""handwritten"", ""text"": ""яких сприяють розвитку КСВЗ через програми і політику; Центр \""Розвиток""}, {""bbox"": [29, 185, 1647, 292], ""type"": ""handwritten"", ""text"": ""КСВ\"" проводять дослідження, семінари та греси з КСВ; Спілка україн-""}, {""bbox"": [45, 250, 1590, 352], ""type"": ""handwritten"", ""text"": ""ських підприємств створює кодекси етики та стримують бізнес-етичності.""}, {""bbox"": [89, 317, 1656, 418], ""type"": ""handwritten"", ""text"": ""Аптеч, такі організації стимулюючого підтримання та бізнеси до спіл-""}, {""bbox"": [24, 377, 1656, 477], ""type"": ""handwritten"", ""text"": ""ного ведення діяльності, забезпечують підтримку та інструменти впроваджен-""}, {""bbox"": [22, 439, 1595, 541], ""type"": ""handwritten"", ""text"": ""не КСВ; формують репутацію соціально-відповідальних компаній на""}, {""bbox"": [13, 518, 170, 584], ""type"": ""handwritten"", ""text"": ""ринку.""}, {""bbox"": [769, 565, 868, 634], ""type"": ""handwritten"", ""text"": ""6) a""}, {""bbox"": [121, 581, 425, 665], ""type"": ""handwritten"", ""text"": ""Завдання 3.""}, {""bbox"": [761, 631, 875, 701], ""type"": ""handwritten"", ""text"": ""7) b""}, {""bbox"": [391, 640, 512, 711], ""type"": ""handwritten"", ""text"": ""2) d""}, {""bbox"": [765, 697, 881, 766], ""type"": ""handwritten"", ""text"": ""8) b""}, {""bbox"": [395, 724, 507, 789], ""type"": ""handwritten"", ""text"": ""3) e""}, {""bbox"": [753, 779, 881, 858], ""type"": ""handwritten"", ""text"": ""9) с""}, {""bbox"": [390, 803, 492, 870], ""type"": ""handwritten"", ""text"": ""4) a""}, {""bbox"": [387, 878, 502, 949], ""type"": ""handwritten"", ""text"": ""5) b""}, {""bbox"": [744, 862, 873, 944], ""type"": ""handwritten"", ""text"": ""10) b""}, {""bbox"": [997, 872, 1100, 949], ""type"": ""annotation"", ""text"": ""30""}, {""bbox"": [59, 981, 329, 1064], ""type"": ""handwritten"", ""text"": ""Завдання 4.""}, {""bbox"": [158, 1019, 1656, 1119], ""type"": ""handwritten"", ""text"": ""Соціальна відповідальність бізнесу - це добровільна діяльність компа-""}, {""bbox"": [35, 1086, 1626, 1180], ""type"": ""handwritten"", ""text"": ""її, спрямована на користь суспільства, довкілля та країнівників, разом із""}, {""bbox"": [46, 1154, 559, 1230], ""type"": ""handwritten"", ""text"": ""отриманням прибутку.""}, {""bbox"": [165, 1197, 1609, 1300], ""type"": ""handwritten"", ""text"": ""Соціальна або непрінансова звітність - це звіти підприємства про""}, {""bbox"": [49, 1262, 1630, 1372], ""type"": ""handwritten"", ""text"": ""Суспільна або вертикальна залежність - це зв'язок визначається при""}, {""bbox"": [53, 1351, 295, 1411], ""type"": ""handwritten"", ""text"": ""показники.""}, {""bbox"": [170, 1389, 1647, 1491], ""type"": ""handwritten"", ""text"": ""Стратегія корпоративної соціальної відповідальності - це довгостроковий""}, {""bbox"": [34, 1457, 1601, 1554], ""type"": ""handwritten"", ""text"": ""план дій компанії, спрямований на врахування інтересів суспільства,""}, {""bbox"": [44, 1523, 1139, 1614], ""type"": ""handwritten"", ""text"": ""працівників і робітників у процесі ведення бізнесу.""}, {""bbox"": [162, 1587, 1615, 1691], ""type"": ""handwritten"", ""text"": ""Стейкхолдер компанії - це всі особи, групи або організації, які""}, {""bbox"": [68, 1652, 1590, 1755], ""type"": ""handwritten"", ""text"": ""впливають на діяльність компанії або залежать від неї (інвестори,""}, {""bbox"": [60, 1724, 769, 1805], ""type"": ""handwritten"", ""text"": ""кінніти, працівники, держава,""}, {""bbox"": [1135, 1749, 1242, 1836], ""type"": ""annotation"", ""text"": ""20""}, {""bbox"": [1042, 2004, 1318, 2074], ""type"": ""annotation"", ""text"": ""16.06.2025""}]"
1bf0c1cd-effe-49cb-899c-0b1af6dccff4.jpg,"[{""bbox"": [76, 29, 859, 301], ""type"": ""formula"", ""text"": ""42. \\begin{pmatrix} 3 & 2 \\\\ 2 & -1 \\end{pmatrix}""}, {""bbox"": [193, 348, 2061, 582], ""type"": ""formula"", ""text"": ""M_{33} = 3 \\cdot (-1) - 2 \\cdot 2 = -3 - 4 = -7""}, {""bbox"": [18, 687, 475, 853], ""type"": ""handwritten"", ""text"": ""43. -2""}, {""bbox"": [17, 961, 628, 1145], ""type"": ""formula"", ""text"": ""44. 3 x 2""}, {""bbox"": [30, 1272, 1001, 1558], ""type"": ""formula"", ""text"": ""45. 1) \\frac{1}{x^n} = x^{-n}""}, {""bbox"": [176, 1595, 1149, 1806], ""type"": ""formula"", ""text"": ""a^x b^x = (ab)^x""}, {""bbox"": [186, 1828, 852, 2027], ""type"": ""formula"", ""text"": ""\\sqrt[n]{x} = x^{\\frac{1}{n}}""}, {""bbox"": [79, 2152, 1910, 2375], ""type"": ""handwritten"", ""text"": ""46. безпосереднє інтегрування""}, {""bbox"": [321, 2411, 1958, 2621], ""type"": ""handwritten"", ""text"": ""метод заміни змінної""}, {""bbox"": [339, 2605, 1962, 2827], ""type"": ""handwritten"", ""text"": ""інтегрування частинами""}, {""bbox"": [53, 2936, 927, 3126], ""type"": ""handwritten"", ""text"": ""47. одиничною""}, {""bbox"": [2230, 5583, 2858, 5769], ""type"": ""annotation"", ""text"": ""16.12.2025""}]"
20bfbef3-798c-4b69-ace9-dc8850e8dbc3.jpg,"[{""bbox"": [131, 16, 716, 106], ""type"": ""handwritten"", ""text"": ""1) Реакція обміну (осадження):""}, {""bbox"": [130, 104, 747, 187], ""type"": ""formula"", ""text"": ""Na3PO4 + 3Ag3PO4↓ + 3NaNO3""}, {""bbox"": [123, 183, 821, 271], ""type"": ""handwritten"", ""text"": ""5) Утворення фосфату кальцію:""}, {""bbox"": [120, 262, 999, 356], ""type"": ""formula"", ""text"": ""2H₃PO₄ + 3Ca(OH)₂ → Ca₃(PO₄)₂↓ + 6H₂O""}, {""bbox"": [1357, 325, 1526, 448], ""type"": ""annotation"", ""text"": ""± 20б.""}, {""bbox"": [97, 354, 975, 435], ""type"": ""handwritten"", ""text"": ""4) Ацетилен → бензол : 3 C₂H₂ → C₆H₆""}, {""bbox"": [93, 436, 656, 510], ""type"": ""handwritten"", ""text"": ""2) бензол -> ізопропилбензол:""}, {""bbox"": [96, 487, 905, 587], ""type"": ""formula"", ""text"": ""C6H6 + CH(CH3)2Cl \\xrightarrow{AlCl3} C6H5CH(CH3)2""}, {""bbox"": [956, 392, 1435, 787], ""type"": ""annotation"", ""text"": ""структури""}, {""bbox"": [108, 586, 683, 663], ""type"": ""handwritten"", ""text"": ""3) Дзотропіковання -> фосилі:""}, {""bbox"": [90, 660, 879, 743], ""type"": ""formula"", ""text"": ""C6H5CH(CH3)2 -> C6H5OH + (CH3)2CO""}, {""bbox"": [87, 807, 808, 889], ""type"": ""formula"", ""text"": ""C6H5OH + NaCN → C6H5ONa + H2O""}, {""bbox"": [948, 736, 1535, 1090], ""type"": ""annotation"", ""text"": ""+ ~~10б~~ 15б структурні ф-ли""}, {""bbox"": [83, 881, 674, 966], ""type"": ""handwritten"", ""text"": ""б) 2,5-дихлор-3-гексен:""}, {""bbox"": [92, 949, 933, 1032], ""type"": ""formula"", ""text"": ""CH3 - CH (CH3) - CH = CH - CH (CH3) - CH3""}, {""bbox"": [96, 1036, 565, 1109], ""type"": ""handwritten"", ""text"": ""Валеріанова кислота""}, {""bbox"": [99, 1093, 721, 1165], ""type"": ""handwritten"", ""text"": ""CH3-CH2-CH2-CH2-COOH""}]"
306a30ef-da46-49d0-b8b3-8ffb24871d90.jpg,"[{""bbox"": [24, 21, 339, 126], ""type"": ""handwritten"", ""text"": ""Завдання 2.""}, {""bbox"": [10, 96, 1619, 218], ""type"": ""handwritten"", ""text"": ""Назвіть та охарактеризуйте основні методики для розвитку""}, {""bbox"": [10, 188, 594, 277], ""type"": ""handwritten"", ""text"": ""магічного інтелекту.""}, {""bbox"": [8, 250, 1614, 376], ""type"": ""handwritten"", ""text"": ""Емоційний інтелект (ЕІ) - здатність розпізнавати, розуміти й""}, {""bbox"": [2, 346, 1551, 458], ""type"": ""handwritten"", ""text"": ""управляти власними силою та силою інших людей.""}, {""bbox"": [10, 426, 1460, 537], ""type"": ""handwritten"", ""text"": ""Основними методиками розвитку EQ є: рефлексія;""}, {""bbox"": [17, 504, 1612, 613], ""type"": ""handwritten"", ""text"": ""розвиток емпатії; упровадження емпатії; соціальні навички;""}, {""bbox"": [17, 577, 1610, 691], ""type"": ""handwritten"", ""text"": ""самомотивація; практика розв'язку конфліктних ситуацій.""}, {""bbox"": [19, 680, 1588, 800], ""type"": ""handwritten"", ""text"": ""EQ важливий тому, що позитивно впливає на особисте""}, {""bbox"": [17, 760, 1615, 874], ""type"": ""handwritten"", ""text"": ""- викликало голод, що позитивно впливає на ловлен-""}, {""bbox"": [13, 842, 1507, 962], ""type"": ""handwritten"", ""text"": ""стосунків, прийняття рішень та управління стресом.""}, {""bbox"": [26, 973, 300, 1068], ""type"": ""handwritten"", ""text"": ""Завдання 3.""}, {""bbox"": [21, 1034, 1555, 1150], ""type"": ""handwritten"", ""text"": ""1) Рефлексія - це психологічний процес, який передбачає""}, {""bbox"": [25, 1114, 1596, 1225], ""type"": ""handwritten"", ""text"": ""зміну сприйняття та переосмислення ситуації, подій або""}, {""bbox"": [23, 1191, 1554, 1306], ""type"": ""handwritten"", ""text"": ""зміну сприйняття. Це призводить до того, що людина""}, {""bbox"": [22, 1274, 1565, 1384], ""type"": ""handwritten"", ""text"": ""Відстань дозволяє позачити ситуацію з іншого кута,""}, {""bbox"": [21, 1345, 1270, 1455], ""type"": ""handwritten"", ""text"": ""щоб знищити стрес чи змістити новий сенс.""}, {""bbox"": [23, 1426, 1645, 1557], ""type"": ""handwritten"", ""text"": ""2) Перші дослідження в сфері \""глухих навичок\"" розпочалася у:""}, {""bbox"": [62, 1528, 597, 1610], ""type"": ""handwritten"", ""text"": ""а. 1960 - 1970 - x рр.""}, {""bbox"": [279, 1642, 657, 1733], ""type"": ""annotation"", ""text"": ""17.06.2025 р.""}]"
4f6c66bf-dbae-4a85-815d-20616f72fb0f.jpg,"[{""bbox"": [38, 13, 1554, 110], ""type"": ""handwritten"", ""text"": ""Завдання 2. Назвіть проблеми міжнародної трудової мігра-""}, {""bbox"": [42, 84, 905, 166], ""type"": ""handwritten"", ""text"": ""тику повоєнної спілки в Україні.""}, {""bbox"": [70, 147, 1077, 233], ""type"": ""handwritten"", ""text"": ""1. Відплив кваліфікованої робочої сили""}, {""bbox"": [102, 201, 1636, 313], ""type"": ""handwritten"", ""text"": ""Когочий фахівців (лісомі, інженери, будівельники) відіграють""}, {""bbox"": [61, 265, 1053, 363], ""type"": ""handwritten"", ""text"": ""та інфляція у країнах промислового профі-""}, {""bbox"": [60, 335, 550, 403], ""type"": ""handwritten"", ""text"": ""2. Статистика населення""}, {""bbox"": [107, 390, 1566, 507], ""type"": ""handwritten"", ""text"": ""Через інформацію можна змінювати життя інших людей на""}, {""bbox"": [41, 468, 358, 539], ""type"": ""handwritten"", ""text"": ""типу праці""}, {""bbox"": [43, 528, 1018, 650], ""type"": ""handwritten"", ""text"": ""3. Розбити шурів у ключових шурях""}, {""bbox"": [55, 590, 1645, 779], ""type"": ""handwritten"", ""text"": ""Особливо в будівництві, медицині, освіті, сільському господарстві""}, {""bbox"": [35, 678, 1162, 804], ""type"": ""handwritten"", ""text"": ""4. Змінення шляхів міжнародного зростання""}, {""bbox"": [42, 736, 1607, 917], ""type"": ""handwritten"", ""text"": ""масивний вплив робочої сили гальмує розвиток робочого""}, {""bbox"": [49, 815, 210, 892], ""type"": ""handwritten"", ""text"": ""римку""}, {""bbox"": [35, 889, 1015, 1013], ""type"": ""handwritten"", ""text"": ""5. Залежність від громових пересорів""}, {""bbox"": [56, 958, 1645, 1117], ""type"": ""handwritten"", ""text"": ""від промислових персоналів""}, {""bbox"": [50, 1050, 994, 1151], ""type"": ""handwritten"", ""text"": ""що не є співвідношенням фінансових доходів.""}, {""bbox"": [37, 1120, 413, 1206], ""type"": ""handwritten"", ""text"": ""Завдання 3. 15""}, {""bbox"": [26, 1205, 150, 1277], ""type"": ""handwritten"", ""text"": ""1. Б""}, {""bbox"": [24, 1276, 139, 1342], ""type"": ""handwritten"", ""text"": ""2. В""}, {""bbox"": [24, 1342, 137, 1419], ""type"": ""handwritten"", ""text"": ""3. B""}, {""bbox"": [25, 1427, 496, 1514], ""type"": ""handwritten"", ""text"": ""Завдання 4. 30""}, {""bbox"": [119, 1499, 395, 1584], ""type"": ""handwritten"", ""text"": ""Розташування""}, {""bbox"": [36, 1552, 1335, 1659], ""type"": ""handwritten"", ""text"": ""ЗПО = Економічні послуги + Економічні товари + Інші послуги + ?""}, {""bbox"": [24, 1610, 1633, 1730], ""type"": ""handwritten"", ""text"": ""ЗПО = (експорт послуг + експорт товарів + імпорт послуг + імпорт товарів)""}, {""bbox"": [26, 1704, 622, 1793], ""type"": ""handwritten"", ""text"": ""Геми природи 370 (у %)""}, {""bbox"": [1202, 1698, 1548, 1834], ""type"": ""annotation"", ""text"": ""Число росу?""}, {""bbox"": [45, 1740, 1113, 1844], ""type"": ""handwritten"", ""text"": ""Чистий прибуток - (ЗФО поточний - ЗФО попередній) x 100%""}, {""bbox"": [545, 1801, 839, 1863], ""type"": ""handwritten"", ""text"": ""ЗБО полімерній""}, {""bbox"": [49, 1879, 856, 1968], ""type"": ""formula"", ""text"": ""2010: 14972,5 + 3486,8 = 18059,3""}, {""bbox"": [34, 1949, 745, 2031], ""type"": ""formula"", ""text"": ""\\text{Питома: } 13956 + 1150,9 = 15106,9""}, {""bbox"": [35, 2090, 952, 2188], ""type"": ""formula"", ""text"": ""CTB: 18 059,3 - 15 106,9 = 2952,4 млн.""}]"
097e615e-6a67-4dfc-8a8d-8e8ebb809fcc.jpg,"[{""bbox"": [52, 8, 418, 82], ""type"": ""formula"", ""text"": ""m Na_2CO_3 - ?""}, {""bbox"": [119, 61, 1017, 153], ""type"": ""formula"", ""text"": ""M(Na_2CO_3) = 2 \\cdot 23 + 12 + 3 \\cdot 16 = 106 \\frac{г}{моль}""}, {""bbox"": [1032, 11, 1341, 294], ""type"": ""annotation"", ""text"": ""~~2~~ 100? ?""}, {""bbox"": [129, 147, 378, 209], ""type"": ""formula"", ""text"": ""Q = C_m \\cdot V""}, {""bbox"": [1324, 115, 1537, 280], ""type"": ""annotation"", ""text"": ""+18б""}, {""bbox"": [137, 198, 862, 289], ""type"": ""formula"", ""text"": ""n = 0,1 \\frac{моль}{л} \\cdot 0,5 л = 0,05 моль""}, {""bbox"": [147, 281, 405, 354], ""type"": ""formula"", ""text"": ""m = 0 \\cdot M""}, {""bbox"": [175, 345, 722, 424], ""type"": ""formula"", ""text"": ""m = 0,05 \\cdot 106 = 5,3 (г)""}, {""bbox"": [1050, 305, 1613, 599], ""type"": ""annotation"", ""text"": ""Тип реакція назва речов. ? + 3б. ± 15б.""}, {""bbox"": [1384, 396, 1588, 575], ""type"": ""annotation"", ""text"": ""+15б.""}, {""bbox"": [47, 459, 576, 542], ""type"": ""formula"", ""text"": ""3 Fe + Cl_2 \\to FeCl_2""}, {""bbox"": [130, 533, 663, 618], ""type"": ""formula"", ""text"": ""2F_2Cl_2 + Cl_2 \\to 2F_2Cl_3""}, {""bbox"": [147, 602, 1131, 687], ""type"": ""formula"", ""text"": ""Fe Cl_2 + 6 KCN \\to 5 KCl + K_3 [Fe(CN)_6]""}, {""bbox"": [152, 679, 943, 761], ""type"": ""formula"", ""text"": ""FeCl_2 + 2KOH \\to Fe(OH)_2 + 2KCl""}, {""bbox"": [167, 750, 672, 822], ""type"": ""formula"", ""text"": ""Fe(OH)2 \\xrightarrow{t^\\circ} FeO + H2O""}, {""bbox"": [33, 806, 117, 902], ""type"": ""annotation"", ""text"": ""4""}, {""bbox"": [171, 863, 907, 982], ""type"": ""formula"", ""text"": ""1) HC≡CH \\xrightarrow{CaC_2} \\text{ - бензен Соль}""}, {""bbox"": [1120, 842, 1291, 1007], ""type"": ""annotation"", ""text"": ""+10б""}, {""bbox"": [192, 1026, 766, 1101], ""type"": ""formula"", ""text"": ""3) ~~H2SO4 = C6H5COOH~~""}, {""bbox"": [990, 1153, 1428, 1224], ""type"": ""handwritten"", ""text"": ""магнійова кислота""}, {""bbox"": [61, 1169, 698, 1253], ""type"": ""formula"", ""text"": ""5) 2 мети - 1,3 - циклогексану""}, {""bbox"": [1430, 1166, 1606, 1326], ""type"": ""annotation"", ""text"": ""+20б""}, {""bbox"": [148, 1262, 701, 1341], ""type"": ""formula"", ""text"": ""H_2C=C_2 - CH = CH - CH_3""}, {""bbox"": [977, 1232, 1370, 1393], ""type"": ""annotation"", ""text"": ""HOOC-CH2-CH2-COOH""}]"
a914f701-50a1-48ed-9cbe-30cb0dbbb4a8.jpg,"[{""bbox"": [40, 67, 125, 119], ""type"": ""handwritten"", ""text"": ""7. 3""}, {""bbox"": [34, 79, 1733, 545], ""type"": ""table"", ""text"": ""4.3 | | Pс | Pг | % | q, | ΔW | ΔWp | ΔWq""}, {""bbox"": [44, 839, 1206, 1256], ""type"": ""table"", ""text"": ""x_i | p_i | f_i | x_i * f_i | (p_i - \\bar{p})^2 * f_i""}, {""bbox"": [70, 1309, 461, 1408], ""type"": ""formula"", ""text"": ""\\bar{x} = \\frac{233}{39} = 5,97""}, {""bbox"": [62, 1417, 523, 1526], ""type"": ""formula"", ""text"": ""S^2 = \\frac{168,96}{39} = 4,33""}, {""bbox"": [47, 1560, 501, 1667], ""type"": ""formula"", ""text"": ""\\Delta \\bar{x} = t \\cdot \\sqrt{\\frac{s^2}{n} (1 - \\frac{n}{N})}""}, {""bbox"": [51, 1670, 1668, 1799], ""type"": ""formula"", ""text"": ""\\Delta \\bar{r} = 2 \\cdot \\sqrt{\\frac{4,39}{39} (1 - 0,12)} = 2 \\cdot \\sqrt{0,111 \\cdot 0,88} = 2 \\cdot \\sqrt{0,09777} = 2 \\cdot 0,3126 = 0,625""}, {""bbox"": [1252, 2037, 1496, 2105], ""type"": ""annotation"", ""text"": ""24.12.2025""}]"
748081fc-fc3c-4fe5-ba1e-07777007a2b4.jpg,"[{""bbox"": [27, 52, 1549, 220], ""type"": ""formula"", ""text"": ""4. \\frac{США}{\\Pi} = \\frac{\\Pi_2 - \\Pi_1}{\\Pi_1} : \\frac{Ц_2 - Ц_1}{Ц_1} = \\frac{20456 - 19958}{19958} : \\frac{69,51 - 53,13}{53,13} = 0,025 : 0,307 = 0,081""}, {""bbox"": [30, 158, 1590, 300], ""type"": ""handwritten"", ""text"": ""E_π = (π_к - π_г) / π_к : (π_к - π_г) / π_г = 19,938 / 25,15 = 0,79333. — цього додатне, отже залежність між ціною і попитом права (як більше ціна, тим більше попит) навпаки,""}, {""bbox"": [65, 242, 1255, 378], ""type"": ""handwritten"", ""text"": ""= 0,08333. — цілого року,""}, {""bbox"": [81, 349, 738, 547], ""type"": ""formula"", ""text"": ""0,083 = 0,015 : \\frac{y_2 - 69,51}{y_2 - 69,51}""}, {""bbox"": [141, 531, 559, 643], ""type"": ""formula"", ""text"": ""0,18 = \\frac{y_0}{69,51} - 1""}, {""bbox"": [140, 639, 452, 740], ""type"": ""formula"", ""text"": ""1,18 = \\frac{42}{69,51}""}, {""bbox"": [132, 678, 1166, 835], ""type"": ""handwritten"", ""text"": ""1,18 = 72,4 / 69,51""}, {""bbox"": [66, 844, 245, 924], ""type"": ""handwritten"", ""text"": ""Китай:""}, {""bbox"": [40, 857, 1477, 1033], ""type"": ""formula"", ""text"": ""E_{\\frac{y}{p}} = \\frac{\\frac{13525 - 12840}{12840}}{\\frac{65,2 - 50,79}{50,79}} = \\frac{0,05}{0,28} = 0,18 - \\text{пряма залежність між ціною і попитом}""}, {""bbox"": [56, 991, 1262, 1137], ""type"": ""handwritten"", ""text"": ""Сп - 12840 30,15 мін приб.""}, {""bbox"": [61, 1115, 630, 1240], ""type"": ""formula"", ""text"": ""0,18 = 0,016 : \\frac{y_2 - 65,2}{y_2}""}, {""bbox"": [59, 1193, 547, 1379], ""type"": ""formula"", ""text"": ""0,016 : 0,18 = \\frac{42}{42} - 1""}, {""bbox"": [52, 1304, 453, 1396], ""type"": ""formula"", ""text"": ""0,089 + 1 = \\frac{1,089}{1,089} = \\frac{1,089}{1,089} = \\frac{1,089}{1,089} = \\frac{1,089}{1,089} = \\frac{1,089}{1,089} = \\frac{1,089}{1,089} = \\frac{1,089}{1,089} = \\frac{1,089}{1,089} = \\frac{1,089}{1,089} = \\frac{1,08""}, {""bbox"": [59, 1371, 335, 1476], ""type"": ""formula"", ""text"": ""1,089 = \\frac{42}{65,2}""}, {""bbox"": [66, 1543, 236, 1607], ""type"": ""handwritten"", ""text"": ""Агонія:""}, {""bbox"": [48, 1531, 1594, 1720], ""type"": ""handwritten"", ""text"": ""Еπ = 3954 - 3975 / 3975 : 71,31 - 54,19 / 54,19 = -0,03 / 0,3 = -0,1 - обернена залежність (чим більше ціна, тим менше попит, і навпаки)""}, {""bbox"": [862, 1598, 1571, 1698], ""type"": ""handwritten"", ""text"": ""= -0,03 : 0,3 = -0,1""}, {""bbox"": [62, 1680, 1282, 1825], ""type"": ""handwritten"", ""text"": ""ЄП - 3973""}, {""bbox"": [73, 1807, 629, 1926], ""type"": ""formula"", ""text"": ""-0,1 = 0,017 : \\frac{y_2 - 71,31}{y_2 - 71,31}""}, {""bbox"": [74, 1998, 498, 2095], ""type"": ""formula"", ""text"": ""-0,17 = \\frac{42 - 71,31}{42}""}, {""bbox"": [69, 2073, 468, 2169], ""type"": ""formula"", ""text"": ""-0,117 = \\frac{42}{71,31} - 1""}, {""bbox"": [34, 2164, 413, 2258], ""type"": ""formula"", ""text"": ""-0,17 + 1 = \\frac{7,2}{11,31}""}, {""bbox"": [1439, 2153, 1539, 2281], ""type"": ""annotation"", ""text"": ""2""}, {""bbox"": [97, 2246, 390, 2334], ""type"": ""formula"", ""text"": ""0,83 = \\frac{y_2}{71,31}""}]"
f76d6d95-5396-4857-9321-ab3c1844f474.jpg,"[{""bbox"": [69, 1, 1479, 107], ""type"": ""formula"", ""text"": ""3 Zn \\to ZnO \\to ZnSO_4 \\to Zn(OH)_2 \\to Ca[Zn(OH)_4]""}, {""bbox"": [1081, 41, 1275, 204], ""type"": ""annotation"", ""text"": ""незвич речов.""}, {""bbox"": [1334, 79, 1477, 170], ""type"": ""annotation"", ""text"": ""± 20""}, {""bbox"": [69, 120, 934, 209], ""type"": ""handwritten"", ""text"": ""1) 2 Zn + O2 t → 2 ZnO (окиснення)""}, {""bbox"": [924, 135, 1038, 201], ""type"": ""annotation"", ""text"": ""ігол.""}, {""bbox"": [1104, 207, 1200, 264], ""type"": ""annotation"", ""text"": ""804.""}, {""bbox"": [57, 242, 1274, 325], ""type"": ""formula"", ""text"": ""3) ZnSO_4 + 2NaOH \\to Zn(OH)_2 \\downarrow + Na_2SO_4 (обміну)""}, {""bbox"": [60, 306, 1464, 408], ""type"": ""formula"", ""text"": ""4) Zn(OH)2 + Ca(OH)2 → Ca[Zn(OH)4] (сполучення)""}, {""bbox"": [156, 483, 1017, 552], ""type"": ""handwritten"", ""text"": ""хлорангідрид пропіонової кислоти""}, {""bbox"": [1152, 482, 1275, 573], ""type"": ""annotation"", ""text"": ""+2б""}, {""bbox"": [1196, 534, 1317, 632], ""type"": ""annotation"", ""text"": ""20 стручків""}, {""bbox"": [150, 590, 1149, 668], ""type"": ""formula"", ""text"": ""2) CH3 - CH2CE + KCN -> CH3 - CH2 - CN + KCE""}, {""bbox"": [65, 776, 699, 843], ""type"": ""handwritten"", ""text"": ""5 б) 1,3-пропандіол""}, {""bbox"": [259, 842, 882, 919], ""type"": ""formula"", ""text"": ""HO - CH2 - CH2 - CH2 - OH""}, {""bbox"": [1185, 812, 1474, 1006], ""type"": ""annotation"", ""text"": ""20б + 3б""}, {""bbox"": [206, 922, 896, 994], ""type"": ""handwritten"", ""text"": ""а) метилізопропілнацетилен""}, {""bbox"": [417, 987, 654, 1044], ""type"": ""formula"", ""text"": ""CH2 - CH3""}, {""bbox"": [262, 1030, 757, 1196], ""type"": ""formula"", ""text"": ""CH3 - C - CH - CH3""}]"
010c6dad-2f5d-4e4c-802b-f978a7e1998b.jpg,"[{""bbox"": [557, 97, 3891, 491], ""type"": ""formula"", ""text"": ""518 TC(Q) = 4Q^2 + 40Q + 400, P = 200 - 2Q""}, {""bbox"": [1644, 430, 2442, 687], ""type"": ""formula"", ""text"": ""PR(10) - ?""}, {""bbox"": [1153, 651, 2972, 1014], ""type"": ""formula"", ""text"": ""PR(Q) = TR(Q) - TC(Q)""}, {""bbox"": [1304, 941, 2438, 1197], ""type"": ""formula"", ""text"": ""TR(Q) = p \\cdot Q""}, {""bbox"": [1132, 1189, 3971, 1525], ""type"": ""formula"", ""text"": ""TR(Q) = (200 - 2Q)Q = 200Q - 2Q^2""}, {""bbox"": [1048, 1476, 4486, 1854], ""type"": ""formula"", ""text"": ""PR(Q) = (200Q - 2Q^2) - (4Q^2 + 400Q + 4000)""}, {""bbox"": [1063, 2022, 3332, 2342], ""type"": ""handwritten"", ""text"": ""PR(Q) = -6Q^2 + 1600Q - 1000""}, {""bbox"": [1219, 2281, 3819, 2643], ""type"": ""formula"", ""text"": ""PR(10) = -6(10)^2 + 160(10) - 4000""}, {""bbox"": [1492, 2646, 3133, 2932], ""type"": ""formula"", ""text"": ""PR(10) = 1000 - 400""}, {""bbox"": [1752, 2887, 2875, 3159], ""type"": ""formula"", ""text"": ""PR(10) = 600""}, {""bbox"": [391, 2961, 2504, 3567], ""type"": ""formula"", ""text"": ""PR(10) = \\begin{pmatrix} 1 & 3 \\\\ 0 & 2 \\end{pmatrix} \\times 1 = \\begin{pmatrix} 2 & 11 \\\\ 2 & 6 \\end{pmatrix}""}, {""bbox"": [693, 3666, 2837, 4080], ""type"": ""formula"", ""text"": ""A = \\begin{pmatrix} 1 & 2 & 3 \\\\ 0 & 2 & 2 \\end{pmatrix} \\quad B = \\begin{pmatrix} 2 & 11 \\\\ 2 & 6 \\end{pmatrix}""}, {""bbox"": [769, 3981, 3001, 4358], ""type"": ""formula"", ""text"": ""det(A) = (1)(2) - (3)(10) = 2""}, {""bbox"": [642, 4293, 3558, 4810], ""type"": ""formula"", ""text"": ""A^{-1} = \\frac{1}{det(A)} = \\frac{1}{2} \\begin{pmatrix} 2 & -5 \\\\ 0 & 1 \\end{pmatrix} = \\begin{pmatrix} 1 & -2,5 \\\\ 0 & 0,5 \\end{pmatrix}""}, {""bbox"": [952, 4801, 2635, 5200], ""type"": ""formula"", ""text"": ""X = \\begin{pmatrix} 1 & -1,5 \\\\ 0 & 0,5 \\end{pmatrix} \\cdot \\begin{pmatrix} 2 & 11 \\\\ 2 & 6 \\end{pmatrix}""}, {""bbox"": [965, 5154, 3643, 5533], ""type"": ""formula"", ""text"": ""a_{11} = (1,1)(2) + (-1,5)(2) = 2 - 3 = -1""}, {""bbox"": [1706, 5479, 2716, 5735], ""type"": ""handwritten"", ""text"": ""Як краще""}, {""bbox"": [333, 5555, 1846, 5896], ""type"": ""formula"", ""text"": ""N20 \\begin{cases} 3x - 2y = 5 \\end{cases}""}, {""bbox"": [2318, 6016, 5783, 6458], ""type"": ""formula"", ""text"": ""B = det(A) = \\begin{vmatrix} 3 & -2 \\\\ 4 & 1 \\end{vmatrix} = (3) \\cdot (1) - (-2) \\cdot (4) = 3 + 8 = 11""}, {""bbox"": [872, 6471, 3797, 6842], ""type"": ""formula"", ""text"": ""\\Delta_x = \\begin{vmatrix} 5 & -2 \\\\ 3 & 1 \\end{vmatrix} = 5 \\cdot 1 - (-2) \\cdot 3 = 5 + 6 = 11""}, {""bbox"": [738, 6824, 3562, 7234], ""type"": ""formula"", ""text"": ""\\Delta y = \\begin{vmatrix} 3 & 5 \\\\ 4 & 3 \\end{vmatrix} = 3 \\cdot 3 - 5 \\cdot 4 = 9 - 20 = -11""}, {""bbox"": [919, 7273, 2482, 7624], ""type"": ""formula"", ""text"": ""x = \\frac{\\Delta x}{\\Delta} = \\frac{17}{17} = 1""}, {""bbox"": [935, 7626, 2621, 8000], ""type"": ""formula"", ""text"": ""y = \\frac{\\Delta y}{\\Delta} = \\frac{-11}{11} = -1""}, {""bbox"": [736, 8014, 2868, 8395], ""type"": ""formula"", ""text"": ""p = 200 - 2Q \\quad R(30) - ?""}, {""bbox"": [1006, 8372, 2414, 8650], ""type"": ""formula"", ""text"": ""R(a) = a \\cdot p(a)""}, {""bbox"": [1073, 8598, 2812, 8912], ""type"": ""formula"", ""text"": ""R(Q) = Q(200 - 2Q)""}, {""bbox"": [1132, 8873, 2770, 9110], ""type"": ""formula"", ""text"": ""R(Q) = 2000Q - 2Q^2""}, {""bbox"": [1153, 9011, 4911, 9350], ""type"": ""formula"", ""text"": ""R(20) = 200 \\cdot 20 - 2 \\cdot 20^2 = 4200""}]"
b85a53be-d739-41ce-91ab-b73ce7e06710.jpg,"[{""bbox"": [117, 49, 746, 154], ""type"": ""handwritten"", ""text"": ""Na - натрій Cl - хлор""}, {""bbox"": [499, 150, 766, 228], ""type"": ""handwritten"", ""text"": ""Ір- цикл""}, {""bbox"": [120, 149, 763, 258], ""type"": ""handwritten"", ""text"": ""O - оксиген Zn - цинк""}, {""bbox"": [117, 242, 824, 389], ""type"": ""handwritten"", ""text"": ""N-гідроген N-гідроген""}, {""bbox"": [111, 429, 1508, 590], ""type"": ""handwritten"", ""text"": ""1. В якому періоді, групі й підгрупі знаходяться""}, {""bbox"": [147, 530, 1620, 699], ""type"": ""handwritten"", ""text"": ""хімічні елементи, електронні формули яких мають""}, {""bbox"": [150, 636, 643, 723], ""type"": ""handwritten"", ""text"": ""такі закінчення:""}, {""bbox"": [146, 741, 812, 854], ""type"": ""handwritten"", ""text"": ""a) ... 3d³ 4s²; б) ... 3s² 3p⁴?""}, {""bbox"": [139, 929, 1115, 1066], ""type"": ""handwritten"", ""text"": ""а) Твердість: III, густина: III, підкручування: III""}, {""bbox"": [1197, 973, 1362, 1125], ""type"": ""annotation"", ""text"": ""+9б.""}, {""bbox"": [141, 1028, 1143, 1183], ""type"": ""handwritten"", ""text"": ""б) Теорія: II, група: V, нідгрупа: I""}, {""bbox"": [117, 1215, 1482, 1425], ""type"": ""handwritten"", ""text"": ""2. Знімали розчинну узяту з масовою часткою""}, {""bbox"": [132, 1330, 1547, 1523], ""type"": ""handwritten"", ""text"": ""речовини 40 % та води слід взяти для приготу-""}, {""bbox"": [139, 1421, 1449, 1622], ""type"": ""handwritten"", ""text"": ""вапня 500 г розчину з масовою часткою""}, {""bbox"": [139, 1530, 513, 1618], ""type"": ""handwritten"", ""text"": ""укупну 30%?""}, {""bbox"": [119, 1642, 721, 1766], ""type"": ""handwritten"", ""text"": ""Дано Відв'язання""}, {""bbox"": [421, 1683, 726, 1766], ""type"": ""handwritten"", ""text"": ""Возв'язання""}, {""bbox"": [411, 1798, 740, 1881], ""type"": ""formula"", ""text"": ""500 : 30 = 16,5""}, {""bbox"": [1052, 1813, 1230, 1961], ""type"": ""annotation"", ""text"": ""+15б""}, {""bbox"": [124, 1776, 363, 2067], ""type"": ""table"", ""text"": ""m- 40% |""}, {""bbox"": [408, 1890, 758, 1978], ""type"": ""formula"", ""text"": ""500 : 40 = 12,5""}, {""bbox"": [404, 1992, 737, 2074], ""type"": ""formula"", ""text"": ""16,5 \\cdot 12,5 = 115""}, {""bbox"": [412, 2073, 777, 2165], ""type"": ""formula"", ""text"": ""500 : 115 = 4,5""}, {""bbox"": [828, 2073, 1384, 2220], ""type"": ""annotation"", ""text"": ""В-дь: 4,5% на цукру""}]"
3f40ba84-b3ae-4b3a-87db-707257a4993a.jpg,"[{""bbox"": [64, 17, 517, 99], ""type"": ""handwritten"", ""text"": ""4) Індійське право:""}, {""bbox"": [65, 71, 1551, 184], ""type"": ""handwritten"", ""text"": ""- національна правова системи Індії; склад з Конституції Індії; законів""}, {""bbox"": [46, 159, 1542, 275], ""type"": ""handwritten"", ""text"": ""підзаконні акції, норми реглійного права, має світський характер""}, {""bbox"": [59, 224, 1042, 318], ""type"": ""handwritten"", ""text"": ""засноване на древніх текстах, Ведах, Сиріті.""}, {""bbox"": [86, 282, 450, 362], ""type"": ""handwritten"", ""text"": ""Індуська правда:""}, {""bbox"": [49, 335, 1397, 442], ""type"": ""handwritten"", ""text"": ""- традиційне релігійне право індусів, гасійна особистісне право""}, {""bbox"": [43, 396, 1651, 517], ""type"": ""handwritten"", ""text"": ""• базується на релігії, джерелах: Ведах, Біблії, Афганистані, Закони Пану.""}, {""bbox"": [47, 482, 1656, 607], ""type"": ""handwritten"", ""text"": ""Традиційне індуїстське право застосов. в межах особистого (сімейного) права,""}, {""bbox"": [38, 550, 1647, 662], ""type"": ""handwritten"", ""text"": ""тобто в правовідносинах, які стосуються сім'ї, родичного статусу, майну""}, {""bbox"": [40, 597, 1071, 693], ""type"": ""handwritten"", ""text"": ""Найбільше застосовується в таких сферах:""}, {""bbox"": [42, 656, 500, 727], ""type"": ""handwritten"", ""text"": ""- Шиноб і розмусення""}, {""bbox"": [32, 697, 378, 767], ""type"": ""handwritten"", ""text"": ""- Усиновлення""}, {""bbox"": [31, 750, 354, 826], ""type"": ""handwritten"", ""text"": ""- Спадкування""}, {""bbox"": [24, 798, 649, 894], ""type"": ""handwritten"", ""text"": ""- Сімейні обов'язки та обряди""}, {""bbox"": [32, 861, 1601, 970], ""type"": ""handwritten"", ""text"": ""Воно застосовує поряд із загальнодержавними правом, яке діє для всіх""}, {""bbox"": [36, 917, 1636, 1025], ""type"": ""handwritten"", ""text"": ""громадян незалежно від віросповідання (н-д кремінське та адміністративні""}, {""bbox"": [40, 964, 1604, 1071], ""type"": ""handwritten"", ""text"": ""Також у багатьох випадках особа може самостійно обрати, за якими""}, {""bbox"": [36, 1021, 1549, 1125], ""type"": ""handwritten"", ""text"": ""правом хоче вирішити особисті справи (якщо не заборонено законом)""}, {""bbox"": [35, 1073, 1628, 1179], ""type"": ""handwritten"", ""text"": ""Отак, традиційне індуське право - це комплекс норм, що регулює приватні""}, {""bbox"": [36, 1125, 1589, 1237], ""type"": ""handwritten"", ""text"": ""життя індусів на основі релігійних прикметів і зберігає свою дітю в""}, {""bbox"": [31, 1179, 857, 1269], ""type"": ""handwritten"", ""text"": ""сучасній Індії з світськими правами.""}]"
1deb4fbf-10bd-489e-b3f3-6b0597a67499.jpg,"[{""bbox"": [11, 6, 231, 74], ""type"": ""handwritten"", ""text"": ""Завдання 4""}, {""bbox"": [22, 55, 1640, 145], ""type"": ""handwritten"", ""text"": ""Концепція - псевдонаука, яка державних інституцій здекларована, що запищана""}, {""bbox"": [23, 117, 1637, 202], ""type"": ""handwritten"", ""text"": ""інтереси держави та їх громадян у конфліктних ситуаціях іншої країни.""}, {""bbox"": [20, 173, 1621, 257], ""type"": ""handwritten"", ""text"": ""Дипломатичне агентство - офіціяльне представництво держави за кордо-""}, {""bbox"": [27, 227, 1014, 305], ""type"": ""handwritten"", ""text"": ""ним, що виконує уникнення доктринації:""}, {""bbox"": [31, 281, 1646, 371], ""type"": ""handwritten"", ""text"": ""Міжнародна політика - цілеспрямованість держав і міжнародних організацій""}, {""bbox"": [24, 334, 1089, 420], ""type"": ""handwritten"", ""text"": ""щодо регулювання ворогами на військові арени.""}, {""bbox"": [26, 390, 1629, 487], ""type"": ""handwritten"", ""text"": ""Висновковим поняття - це обрізьміне користування дуже важливим""}, {""bbox"": [41, 473, 252, 529], ""type"": ""handwritten"", ""text"": ""комплікт.""}, {""bbox"": [25, 448, 1624, 543], ""type"": ""handwritten"", ""text"": ""них представництв, що закликається і які гарантується територ-""}, {""bbox"": [28, 527, 1611, 624], ""type"": ""handwritten"", ""text"": ""Інтифікація - оформлення підприємства держави чи міжнародної""}, {""bbox"": [30, 589, 1610, 685], ""type"": ""handwritten"", ""text"": ""організація про прийняття важливих рішень чи вживання серйоз-""}, {""bbox"": [34, 643, 1319, 733], ""type"": ""handwritten"", ""text"": ""також є призначенням самостійних рішень як власни-""}, {""bbox"": [17, 720, 260, 801], ""type"": ""handwritten"", ""text"": ""Завдання 5.""}, {""bbox"": [32, 911, 283, 964], ""type"": ""handwritten"", ""text"": ""шіть країн""}, {""bbox"": [902, 1119, 1015, 1166], ""type"": ""handwritten"", ""text"": ""шев-""}, {""bbox"": [96, 1154, 242, 1213], ""type"": ""handwritten"", ""text"": ""Digital-""}, {""bbox"": [837, 1163, 1122, 1222], ""type"": ""handwritten"", ""text"": ""дипломатія""}, {""bbox"": [49, 1211, 292, 1267], ""type"": ""handwritten"", ""text"": ""дипломатія""}, {""bbox"": [850, 1215, 1185, 1270], ""type"": ""handwritten"", ""text"": ""- ведення фінансо-""}, {""bbox"": [1274, 1205, 1631, 1262], ""type"": ""handwritten"", ""text"": ""це інтерірне вико-""}, {""bbox"": [418, 1224, 741, 1284], ""type"": ""handwritten"", ""text"": ""- застосування""}, {""bbox"": [1275, 1251, 1628, 1300], ""type"": ""handwritten"", ""text"": ""рішетки щільно-""}, {""bbox"": [844, 1271, 1202, 1318], ""type"": ""handwritten"", ""text"": ""метилової діль-""}, {""bbox"": [39, 1282, 308, 1336], ""type"": ""handwritten"", ""text"": ""- це концепція""}, {""bbox"": [1272, 1291, 1524, 1348], ""type"": ""handwritten"", ""text"": ""ним шеренгам""}, {""bbox"": [848, 1306, 1212, 1359], ""type"": ""handwritten"", ""text"": ""потім через оді-""}, {""bbox"": [36, 1331, 307, 1387], ""type"": ""handwritten"", ""text"": ""використання""}, {""bbox"": [416, 1325, 751, 1380], ""type"": ""handwritten"", ""text"": ""вій мікроекономічні""}, {""bbox"": [1267, 1334, 1607, 1395], ""type"": ""handwritten"", ""text"": ""швидкою поши-""}, {""bbox"": [35, 1378, 314, 1434], ""type"": ""handwritten"", ""text"": ""і застосування""}, {""bbox"": [410, 1375, 721, 1429], ""type"": ""handwritten"", ""text"": ""італійський,""}, {""bbox"": [847, 1389, 1229, 1440], ""type"": ""handwritten"", ""text"": ""пертими чинні""}, {""bbox"": [1265, 1382, 1639, 1440], ""type"": ""handwritten"", ""text"": ""чини інформа-""}, {""bbox"": [27, 1418, 339, 1477], ""type"": ""handwritten"", ""text"": ""цифрових техно-""}, {""bbox"": [408, 1418, 774, 1482], ""type"": ""handwritten"", ""text"": ""тисячі, мільйони, мільярди,""}, {""bbox"": [849, 1425, 1210, 1482], ""type"": ""handwritten"", ""text"": ""отмасін-ресурси""}, {""bbox"": [1269, 1429, 1632, 1494], ""type"": ""handwritten"", ""text"": ""члінських загов, кожну""}, {""bbox"": [20, 1465, 334, 1522], ""type"": ""handwritten"", ""text"": ""чний для грошей.""}, {""bbox"": [845, 1470, 1233, 1526], ""type"": ""handwritten"", ""text"": ""що забезпечують""}, {""bbox"": [405, 1470, 769, 1533], ""type"": ""handwritten"", ""text"": ""Для формування""}, {""bbox"": [1272, 1476, 1613, 1541], ""type"": ""handwritten"", ""text"": ""нікації перших""}, {""bbox"": [19, 1509, 345, 1562], ""type"": ""handwritten"", ""text"": ""вання зовнішнього""}, {""bbox"": [847, 1517, 1160, 1567], ""type"": ""handwritten"", ""text"": ""щохвилинний""}, {""bbox"": [405, 1516, 764, 1589], ""type"": ""handwritten"", ""text"": ""позитивного шид-""}, {""bbox"": [1288, 1528, 1638, 1587], ""type"": ""handwritten"", ""text"": ""оскільки""}, {""bbox"": [20, 1552, 356, 1606], ""type"": ""handwritten"", ""text"": ""політичних цілей,""}, {""bbox"": [845, 1558, 1260, 1615], ""type"": ""handwritten"", ""text"": ""дотичн до інформа-""}, {""bbox"": [407, 1569, 747, 1636], ""type"": ""handwritten"", ""text"": ""що прийшла, та""}, {""bbox"": [1301, 1572, 1635, 1633], ""type"": ""handwritten"", ""text"": ""собого інформаційних""}, {""bbox"": [14, 1590, 345, 1640], ""type"": ""handwritten"", ""text"": ""кінструкція та""}, {""bbox"": [847, 1604, 1274, 1665], ""type"": ""handwritten"", ""text"": ""ції та інші, додат-""}, {""bbox"": [404, 1620, 717, 1679], ""type"": ""handwritten"", ""text"": ""дослідити про""}, {""bbox"": [1305, 1621, 1605, 1674], ""type"": ""handwritten"", ""text"": ""т історичний""}, {""bbox"": [21, 1627, 360, 1678], ""type"": ""handwritten"", ""text"": ""сперетивною ім-""}, {""bbox"": [846, 1652, 1232, 1705], ""type"": ""handwritten"", ""text"": ""ньої взаємодії з""}, {""bbox"": [17, 1664, 354, 1721], ""type"": ""handwritten"", ""text"": ""ну інформаційно""}, {""bbox"": [409, 1667, 704, 1729], ""type"": ""handwritten"", ""text"": ""між цілесі і""}, {""bbox"": [1313, 1668, 1550, 1724], ""type"": ""handwritten"", ""text"": ""виплати на""}, {""bbox"": [843, 1692, 1281, 1751], ""type"": ""handwritten"", ""text"": ""іноземною літературою.""}, {""bbox"": [19, 1706, 313, 1756], ""type"": ""handwritten"", ""text"": ""між різними""}, {""bbox"": [413, 1713, 732, 1778], ""type"": ""handwritten"", ""text"": ""інтелігентна гро-""}, {""bbox"": [1320, 1714, 1640, 1772], ""type"": ""handwritten"", ""text"": ""загал. Поряд.""}, {""bbox"": [17, 1741, 341, 1799], ""type"": ""handwritten"", ""text"": ""державами світу""}, {""bbox"": [420, 1768, 773, 1829], ""type"": ""handwritten"", ""text"": ""мадійського душника.""}, {""bbox"": [1325, 1763, 1611, 1820], ""type"": ""handwritten"", ""text"": ""війни на події""}, {""bbox"": [17, 1786, 323, 1849], ""type"": ""handwritten"", ""text"": ""Ковтлинність""}, {""bbox"": [1333, 1809, 1641, 1871], ""type"": ""handwritten"", ""text"": ""вимкнути""}, {""bbox"": [14, 1834, 324, 1892], ""type"": ""handwritten"", ""text"": ""предукають на""}, {""bbox"": [14, 1883, 345, 1940], ""type"": ""handwritten"", ""text"": ""важкій кістки""}, {""bbox"": [7, 1926, 313, 1985], ""type"": ""handwritten"", ""text"": ""один від одного""}]"
84fa6920-a410-4191-9e3a-c59eb8a410b5.jpg,"[{""bbox"": [317, 22, 660, 89], ""type"": ""handwritten"", ""text"": ""Місткість ринку""}, {""bbox"": [1382, 42, 1632, 120], ""type"": ""handwritten"", ""text"": ""відхилення %""}, {""bbox"": [165, 622, 1656, 777], ""type"": ""handwritten"", ""text"": ""Видобуток в Канаді та США показує відхилення відхилення, що""}, {""bbox"": [55, 734, 1656, 865], ""type"": ""handwritten"", ""text"": ""свідчить про зменшення видобутку. У Китаї позитивне відхилення""}, {""bbox"": [53, 804, 421, 894], ""type"": ""handwritten"", ""text"": ""видобуток зріс.""}, {""bbox"": [170, 880, 1654, 1024], ""type"": ""handwritten"", ""text"": ""Експорт в Канаді та США зріс, в Китаї експорт не змінювся""}, {""bbox"": [150, 978, 1656, 1117], ""type"": ""handwritten"", ""text"": ""Експорт в Китай та Канаду зріс на 4,56% та 5,76% відповідно""}, {""bbox"": [152, 1070, 1653, 1214], ""type"": ""handwritten"", ""text"": ""Місткість ринку в Канаді і США зменшилась на -24,71%""}, {""bbox"": [82, 1169, 1424, 1306], ""type"": ""handwritten"", ""text"": ""- 4,87% відповідно тоді як в Китаї зросла на 4,72%""}]"
a335c475-4299-4ffc-80ed-e032fd0148e3.jpg,"[{""bbox"": [0, 1, 1238, 70], ""type"": ""formula"", ""text"": ""5.1) CH3 - CH2 - C - CH2 - CH (CH3) - CH3 - 6-метил - 3-гептин""}, {""bbox"": [1293, 0, 1497, 114], ""type"": ""annotation"", ""text"": ""+15б""}, {""bbox"": [5, 63, 656, 126], ""type"": ""handwritten"", ""text"": ""2) 3,3-диметил-2-бутанол""}, {""bbox"": [864, 44, 1093, 223], ""type"": ""annotation"", ""text"": ""структур-""}, {""bbox"": [6, 122, 687, 190], ""type"": ""formula"", ""text"": ""CH3-CH(OH)-C(CH3)2-CH3)""}, {""bbox"": [7, 217, 222, 268], ""type"": ""handwritten"", ""text"": ""2. Дано:""}, {""bbox"": [403, 211, 701, 282], ""type"": ""handwritten"", ""text"": ""Розв'язання""}, {""bbox"": [681, 209, 854, 337], ""type"": ""annotation"", ""text"": ""100%""}, {""bbox"": [8, 280, 374, 341], ""type"": ""formula"", ""text"": ""w = 0,2% = 0,002""}, {""bbox"": [398, 276, 667, 354], ""type"": ""formula"", ""text"": ""w = \\frac{m_{сол}}{m_{розчину}}""}, {""bbox"": [7, 346, 223, 393], ""type"": ""formula"", ""text"": ""m_{солі} = 5 г""}, {""bbox"": [407, 340, 1061, 434], ""type"": ""formula"", ""text"": ""трозчину = \\frac{масаі}{w} = \\frac{5}{0,002} = 2500 (г)""}, {""bbox"": [1078, 323, 1246, 477], ""type"": ""annotation"", ""text"": ""±18б""}, {""bbox"": [19, 425, 187, 484], ""type"": ""handwritten"", ""text"": ""V H2O - ?""}, {""bbox"": [396, 428, 758, 479], ""type"": ""handwritten"", ""text"": ""mH2O = mроз. - mсолі""}, {""bbox"": [399, 472, 913, 538], ""type"": ""formula"", ""text"": ""m_{H_2O} = 2500 - 5 = 2495 (г)""}, {""bbox"": [399, 535, 918, 602], ""type"": ""formula"", ""text"": ""V_{H_2O} = 2495 \\text{ мл} \\approx 2,5 (л)""}, {""bbox"": [390, 600, 744, 666], ""type"": ""handwritten"", ""text"": ""Відповідь: ≈ 2,5 л""}, {""bbox"": [377, 721, 431, 820], ""type"": ""annotation"", ""text"": ""?""}, {""bbox"": [37, 718, 268, 867], ""type"": ""annotation"", ""text"": ""Завд. 3""}]"
c0eae450-5878-4897-bc4d-f9ddd92d4f34.jpg,"[{""bbox"": [11, 55, 2917, 540], ""type"": ""handwritten"", ""text"": ""Відповідь ∫ cos 5x dx = 1/5 sin 5x + C""}, {""bbox"": [3346, 241, 4840, 849], ""type"": ""image"", ""text"": """"}, {""bbox"": [260, 563, 1407, 796], ""type"": ""handwritten"", ""text"": ""4 1 Однаковою""}, {""bbox"": [242, 833, 2838, 1275], ""type"": ""formula"", ""text"": ""42 M_{21} = \\begin{vmatrix} 2 & -1 \\\\ -3 & 1 \\end{vmatrix} = 2 - 3 = -1""}, {""bbox"": [274, 1221, 1323, 1527], ""type"": ""handwritten"", ""text"": ""43 a d - сб""}, {""bbox"": [269, 1599, 1320, 1907], ""type"": ""handwritten"", ""text"": ""44 нулю""}, {""bbox"": [274, 1932, 1282, 2187], ""type"": ""handwritten"", ""text"": ""4 S куль""}, {""bbox"": [2158, 2219, 5222, 2759], ""type"": ""formula"", ""text"": ""A_{12} = (-1)^{1+2} M_{12} = -1 \\cdot \\begin{vmatrix} 2 & -2 \\\\ 4 & 1 \\end{vmatrix} = -1 \\cdot 10 = -10""}, {""bbox"": [308, 2169, 1810, 2851], ""type"": ""formula"", ""text"": ""4) \\begin{pmatrix} 2 & -1 & 1 & 4 \\\\ 2 & 3 & 3 & -2 \\\\ 4 & -2 & 1 \\end{pmatrix}""}, {""bbox"": [318, 2791, 2610, 3290], ""type"": ""formula"", ""text"": ""417 б \\lim_{x \\to \\infty} (1 + \\frac{1}{x})^x = e""}, {""bbox"": [489, 3208, 3202, 3855], ""type"": ""formula"", ""text"": ""\\lim_{n \\to \\infty} \\frac{(2n^2 + 1)(n + 3)^3}{(n^2 + 1)^3 + (3n - 1)^2} =""}, {""bbox"": [902, 3788, 5121, 4180], ""type"": ""formula"", ""text"": ""Скупінь у чисельнику 2n^2, n^2 = 2a^5 у знамені (n^2)^3 = n^6""}, {""bbox"": [850, 4118, 2030, 4385], ""type"": ""formula"", ""text"": ""n^5 < n^6 = 0""}, {""bbox"": [277, 4482, 1841, 4766], ""type"": ""formula"", ""text"": ""4) p = 200 - 2Q""}, {""bbox"": [768, 4780, 3469, 5130], ""type"": ""formula"", ""text"": ""R = p \\cdot Q = (200 - 2Q) Q \\quad R(30)""}, {""bbox"": [767, 5085, 4455, 5441], ""type"": ""formula"", ""text"": ""R(30) = (200 - 2 \\cdot 30) \\cdot 30 = 140 \\cdot 30 = 4200""}, {""bbox"": [347, 6331, 2074, 6677], ""type"": ""formula"", ""text"": ""Дата 16.12.2025""}]"
997b08cc-ead0-4b6a-8f19-ab52789a9244.jpg,"[{""bbox"": [26, 2, 713, 89], ""type"": ""handwritten"", ""text"": ""• Індуктивність і адаптивність.""}, {""bbox"": [26, 71, 701, 163], ""type"": ""handwritten"", ""text"": ""• Ефективність комунікацій.""}, {""bbox"": [45, 144, 350, 232], ""type"": ""handwritten"", ""text"": ""Завдання 3.""}, {""bbox"": [11, 182, 1615, 301], ""type"": ""handwritten"", ""text"": ""Завдання 5.""}, {""bbox"": [12, 251, 1473, 367], ""type"": ""handwritten"", ""text"": ""їх досягнення шляхом розробки стратегій, планів і програм.""}, {""bbox"": [6, 299, 1594, 424], ""type"": ""handwritten"", ""text"": ""їх досконалення шляхом розробки стратегій, планів і програм.""}, {""bbox"": [11, 362, 1439, 468], ""type"": ""handwritten"", ""text"": ""2. Управлінська національна - обсяг інформаційно-аналітичної""}, {""bbox"": [3, 419, 1635, 533], ""type"": ""handwritten"", ""text"": ""3. Контроль - процес вимірювання фактичних результатів діяльності""}, {""bbox"": [5, 476, 1618, 580], ""type"": ""handwritten"", ""text"": ""та їх порівняння з плановими показниками з метою коригування""}, {""bbox"": [7, 530, 1511, 642], ""type"": ""handwritten"", ""text"": ""тей їх порівняння з плановими показниками з метою керів-""}, {""bbox"": [11, 597, 791, 685], ""type"": ""handwritten"", ""text"": ""контролю для досягнення цілей""}, {""bbox"": [27, 658, 347, 735], ""type"": ""handwritten"", ""text"": ""Завдання 4.""}, {""bbox"": [16, 706, 927, 801], ""type"": ""handwritten"", ""text"": ""1. Організаційна структура компанії:""}, {""bbox"": [25, 770, 731, 862], ""type"": ""handwritten"", ""text"": ""Вертикальні рівні управління:""}, {""bbox"": [27, 1013, 277, 1090], ""type"": ""handwritten"", ""text"": ""Директор""}, {""bbox"": [373, 1053, 659, 1110], ""type"": ""handwritten"", ""text"": ""Директор""}, {""bbox"": [20, 1071, 307, 1140], ""type"": ""handwritten"", ""text"": ""металевих""}, {""bbox"": [907, 1052, 1524, 1139], ""type"": ""handwritten"", ""text"": ""Директор з електротехніки""}, {""bbox"": [22, 1119, 226, 1182], ""type"": ""handwritten"", ""text"": ""детальній""}, {""bbox"": [365, 1131, 652, 1176], ""type"": ""handwritten"", ""text"": ""кандидатів""}, {""bbox"": [97, 1173, 1572, 1306], ""type"": ""handwritten"", ""text"": ""лінійні менеджери виробничих підрозділів (по 1 в кожному).""}, {""bbox"": [20, 1275, 300, 1358], ""type"": ""handwritten"", ""text"": ""2. Переваги:""}, {""bbox"": [22, 1332, 879, 1417], ""type"": ""handwritten"", ""text"": ""• Чітка вертикальна підпорядкування.""}, {""bbox"": [18, 1388, 721, 1460], ""type"": ""handwritten"", ""text"": ""• Високий рівень спеціалізації""}, {""bbox"": [10, 1437, 888, 1526], ""type"": ""handwritten"", ""text"": ""• Зрозумілення розподілу відповідальності,""}, {""bbox"": [12, 1504, 448, 1578], ""type"": ""handwritten"", ""text"": ""• Меншість контрасно.""}, {""bbox"": [16, 1554, 239, 1626], ""type"": ""handwritten"", ""text"": ""Недалеке!""}, {""bbox"": [14, 1603, 1015, 1704], ""type"": ""handwritten"", ""text"": ""Різик поганої ліквідності нової координації.""}, {""bbox"": [23, 1668, 1291, 1773], ""type"": ""handwritten"", ""text"": ""• Повільна реакція на зміни (багато рівнів управління).""}, {""bbox"": [14, 1738, 542, 1810], ""type"": ""handwritten"", ""text"": ""• Обмежена гнучкість.""}, {""bbox"": [16, 1793, 865, 1894], ""type"": ""handwritten"", ""text"": ""• Можливість відновлення функцій.""}]"
80d0aed6-6f29-45f8-aa4c-7a7a8b94cb0f.jpg,"[{""bbox"": [16, 0, 378, 66], ""type"": ""handwritten"", ""text"": ""Завдання 2.""}, {""bbox"": [12, 9, 1610, 123], ""type"": ""handwritten"", ""text"": ""Завдання 2.""}, {""bbox"": [20, 70, 1604, 200], ""type"": ""handwritten"", ""text"": ""теріали, приготування теріалів, деревні колишні, це""}, {""bbox"": [23, 166, 1636, 261], ""type"": ""handwritten"", ""text"": ""попереду, напір, партія та вартість""}, {""bbox"": [24, 205, 1644, 313], ""type"": ""handwritten"", ""text"": ""ної, відіграв ключеву роль у розвитку""}, {""bbox"": [23, 250, 1647, 376], ""type"": ""handwritten"", ""text"": ""ної, шебекевої, наперової, енергетичної, газової,""}, {""bbox"": [24, 304, 1651, 425], ""type"": ""handwritten"", ""text"": ""виробництво (виробництво виробів,""}, {""bbox"": [22, 360, 1624, 491], ""type"": ""handwritten"", ""text"": ""(необробленої деревини), селінгографічних""}, {""bbox"": [22, 449, 1646, 569], ""type"": ""handwritten"", ""text"": ""(папір, шеві, дерево) переробляємо, що все частіше""}, {""bbox"": [27, 519, 1137, 618], ""type"": ""handwritten"", ""text"": ""також відходить держава""}, {""bbox"": [26, 559, 1656, 678], ""type"": ""handwritten"", ""text"": ""використовувався на побутові.""}, {""bbox"": [23, 612, 1655, 733], ""type"": ""handwritten"", ""text"": ""Значення утворення кооперації не лише в економі-""}, {""bbox"": [21, 655, 1656, 790], ""type"": ""handwritten"", ""text"": ""Значення умови""}, {""bbox"": [20, 709, 1616, 857], ""type"": ""handwritten"", ""text"": ""розвитком пісової галузі сирники збереглися біоріз-""}, {""bbox"": [27, 803, 1656, 926], ""type"": ""handwritten"", ""text"": ""розбиття екосистеми, викидання шкідливих речовин""}, {""bbox"": [32, 894, 1656, 1037], ""type"": ""handwritten"", ""text"": ""Фактори, що формують світловий режим""}, {""bbox"": [24, 1036, 1654, 1166], ""type"": ""handwritten"", ""text"": ""постійного розвитку""}, {""bbox"": [23, 1101, 1613, 1222], ""type"": ""handwritten"", ""text"": ""танцем, поетичними, політичними, шифрованими""}, {""bbox"": [19, 1140, 1644, 1291], ""type"": ""handwritten"", ""text"": ""батьків. Героїчні жінки події, зокрема, війни, самці""}, {""bbox"": [11, 1281, 1656, 1411], ""type"": ""handwritten"", ""text"": ""мають єдиний вписок.""}, {""bbox"": [16, 1338, 1656, 1488], ""type"": ""handwritten"", ""text"": ""регіональної відмінності країни (великими не со-""}, {""bbox"": [13, 1420, 1647, 1553], ""type"": ""handwritten"", ""text"": ""вими ресурсами, наприклад США, Вразливість""}, {""bbox"": [17, 1560, 1656, 1681], ""type"": ""handwritten"", ""text"": ""своїх продуктів. Китай є найбільшим виробником шеббогів; напе-""}, {""bbox"": [15, 1607, 1656, 1748], ""type"": ""handwritten"", ""text"": ""кругообігу та величими виробничими системами, які""}, {""bbox"": [12, 1714, 1631, 1818], ""type"": ""handwritten"", ""text"": ""дукції з високою доданою вартістю та здатністю""}, {""bbox"": [11, 1765, 1636, 1866], ""type"": ""handwritten"", ""text"": ""малий економічних емігрантів. У першій половині 19 ст.""}, {""bbox"": [15, 1807, 1648, 1920], ""type"": ""handwritten"", ""text"": ""виваються, зростає роль у переробці та експор-""}, {""bbox"": [18, 1902, 500, 1976], ""type"": ""handwritten"", ""text"": ""та шапайіть.""}, {""bbox"": [26, 1927, 1654, 2016], ""type"": ""handwritten"", ""text"": ""та Малайзії.""}, {""bbox"": [16, 1985, 1656, 2062], ""type"": ""handwritten"", ""text"": ""Таким чином, соціальний рівень життя населення""}, {""bbox"": [19, 2033, 1655, 2110], ""type"": ""handwritten"", ""text"": ""випадково посунулися і вони випали з""}, {""bbox"": [15, 2066, 1652, 2172], ""type"": ""handwritten"", ""text"": ""ю світовими платформами, що можуть бути використані""}, {""bbox"": [1488, 2216, 1579, 2301], ""type"": ""annotation"", ""text"": ""2""}]"
0a331d40-206e-4185-bd31-51e369f07578.jpg,"[{""bbox"": [68, 116, 349, 187], ""type"": ""handwritten"", ""text"": ""Завдання 7""}, {""bbox"": [1015, 434, 1356, 494], ""type"": ""formula"", ""text"": ""\\Delta Q = \\sum Q_1 - \\sum Q_0""}, {""bbox"": [68, 423, 896, 531], ""type"": ""formula"", ""text"": ""1,128 \\quad 0,972 \\quad \\sum q = \\frac{2570,76}{2445} = 1,051""}, {""bbox"": [996, 507, 1594, 578], ""type"": ""formula"", ""text"": ""\\Delta Q = 2570,76 - 2445 = 125,76""}, {""bbox"": [70, 565, 326, 641], ""type"": ""handwritten"", ""text"": ""Завдання 8""}, {""bbox"": [1025, 620, 1182, 694], ""type"": ""formula"", ""text"": ""d^2 = 1,8""}, {""bbox"": [74, 723, 1010, 864], ""type"": ""formula"", ""text"": ""n = \\frac{f^2 \\cdot G^2 \\cdot N}{\\Delta^2 \\cdot N + f^2 \\cdot G^2} = \\frac{2^2 \\cdot 1,8 \\cdot 8000}{0,5^2 \\cdot 8000 + 2^2 \\cdot 1,8} = 28,7""}, {""bbox"": [55, 877, 1858, 976], ""type"": ""handwritten"", ""text"": ""Щоб визначити середній розмір сім'ї з помилкою не більше 0,5 та""}, {""bbox"": [61, 971, 1786, 1062], ""type"": ""handwritten"", ""text"": ""ймовірністю 0,954, у мікрорайоні з 8000 сімей необхідно обстежити не""}, {""bbox"": [35, 1047, 487, 1115], ""type"": ""handwritten"", ""text"": ""менше 29 сімей.""}, {""bbox"": [54, 1217, 298, 1279], ""type"": ""annotation"", ""text"": ""24.12.2025""}]"
e9fa0cd8-b978-4dd4-bd09-44743b29fb40.jpg,"[{""bbox"": [20, 7, 276, 98], ""type"": ""handwritten"", ""text"": ""Завдання 3""}, {""bbox"": [17, 83, 636, 164], ""type"": ""handwritten"", ""text"": ""Вид товару: склянка для пиття""}, {""bbox"": [14, 222, 1631, 385], ""type"": ""handwritten"", ""text"": ""Спосіб формування: віддівальне""}, {""bbox"": [20, 404, 1648, 633], ""type"": ""handwritten"", ""text"": ""Переваги: легко вога, прозорі, матове декоративне відбивання""}, {""bbox"": [1018, 536, 1217, 665], ""type"": ""annotation"", ""text"": ""до б.""}]"
185edf0e-7bd8-4e62-8839-0e8d095c4c7c.jpg,"[{""bbox"": [51, 19, 356, 79], ""type"": ""formula"", ""text"": ""2Cu + O_2 \\to 2CuO""}, {""bbox"": [43, 89, 434, 145], ""type"": ""handwritten"", ""text"": ""Тип реакції: сполучення""}, {""bbox"": [42, 159, 694, 224], ""type"": ""handwritten"", ""text"": ""ОВГ: Після, це описово-відповна концепція""}, {""bbox"": [913, 67, 1367, 454], ""type"": ""annotation"", ""text"": ""назви речовин за укр. номенклат.? +9б -2б""}, {""bbox"": [12, 268, 200, 323], ""type"": ""handwritten"", ""text"": ""2) перетворення:""}, {""bbox"": [34, 322, 320, 375], ""type"": ""formula"", ""text"": ""~~Ca(OH)2~~ → CaCl2""}, {""bbox"": [35, 382, 269, 432], ""type"": ""formula"", ""text"": ""CaO → Ca(OH)""}, {""bbox"": [1154, 378, 1348, 513], ""type"": ""annotation"", ""text"": ""+90б""}, {""bbox"": [31, 454, 408, 519], ""type"": ""formula"", ""text"": ""CuO + H_2O \\to Ca(OH)_2""}, {""bbox"": [44, 529, 457, 591], ""type"": ""handwritten"", ""text"": ""Тип реакції: Сполушення""}, {""bbox"": [41, 594, 1054, 670], ""type"": ""handwritten"", ""text"": ""ОВР: Ні ступені окислення елементів не змінюються""}, {""bbox"": [40, 710, 261, 761], ""type"": ""handwritten"", ""text"": ""3) перетворення:""}, {""bbox"": [73, 757, 343, 815], ""type"": ""formula"", ""text"": ""Ca(OH)2 → Cu(OH)2""}, {""bbox"": [137, 821, 260, 857], ""type"": ""handwritten"", ""text"": ""Північна""}, {""bbox"": [53, 843, 581, 918], ""type"": ""formula"", ""text"": ""Ca(OH)2 + 2HCl → CaCl2 + 2H2O""}, {""bbox"": [1160, 814, 1287, 960], ""type"": ""annotation"", ""text"": ""+5б""}, {""bbox"": [68, 925, 434, 987], ""type"": ""handwritten"", ""text"": ""Типи реакцій: Обміну""}, {""bbox"": [66, 950, 1053, 1040], ""type"": ""handwritten"", ""text"": ""Письм реакції: Обмінну""}, {""bbox"": [40, 1063, 251, 1114], ""type"": ""handwritten"", ""text"": ""4) переплавлення:""}, {""bbox"": [68, 1106, 328, 1163], ""type"": ""formula"", ""text"": ""CaCl_2 - Ca(OH)_2""}, {""bbox"": [130, 1175, 241, 1211], ""type"": ""handwritten"", ""text"": ""Вільнянка""}, {""bbox"": [56, 1205, 656, 1280], ""type"": ""formula"", ""text"": ""CaCl_2 + 2KNO_3 \\to Ca(NO_3)_2 + 2KCl""}, {""bbox"": [70, 1274, 445, 1346], ""type"": ""handwritten"", ""text"": ""Псих релаксії: обміну""}, {""bbox"": [68, 1308, 1122, 1395], ""type"": ""handwritten"", ""text"": ""При реакції: обміну""}, {""bbox"": [50, 1423, 260, 1473], ""type"": ""handwritten"", ""text"": ""5) перетворення""}, {""bbox"": [72, 1473, 464, 1539], ""type"": ""formula"", ""text"": ""Ca(NO_3)_2 \\to Ca(NO_2)_2""}, {""bbox"": [178, 1546, 308, 1588], ""type"": ""handwritten"", ""text"": ""Північна""}, {""bbox"": [59, 1572, 642, 1644], ""type"": ""formula"", ""text"": ""2Ca(NO_3)_2 \\xrightarrow{t^\\circ} 2Ca(NO_2)_2 + O_2""}, {""bbox"": [64, 1644, 461, 1713], ""type"": ""handwritten"", ""text"": ""Типи реакцій: Розкладу""}, {""bbox"": [74, 1710, 809, 1777], ""type"": ""handwritten"", ""text"": ""ОВР: Тим це окисно-відновна реакція""}, {""bbox"": [99, 1887, 1637, 1983], ""type"": ""handwritten"", ""text"": ""Етимен → Етименди → Озимда Кислом - Хлористий кислоти → ангідридну Озимдої Кислом.""}, {""bbox"": [72, 1968, 717, 2034], ""type"": ""formula"", ""text"": ""1) C_2H_4 + H_2O \\to C_2H_5OH (H_2SO_4, t^\\circ)""}, {""bbox"": [70, 2034, 641, 2100], ""type"": ""formula"", ""text"": ""2) C_2H_5OH + O_2 \\to CH_3COOH + H_2O""}, {""bbox"": [903, 1965, 1140, 2149], ""type"": ""annotation"", ""text"": ""спільні?""}, {""bbox"": [1059, 2049, 1227, 2174], ""type"": ""annotation"", ""text"": ""± 20б.""}, {""bbox"": [63, 2096, 868, 2171], ""type"": ""formula"", ""text"": ""3) CH3COON + PCl5 → CH3COCl + POCl3 + HCl""}, {""bbox"": [61, 2170, 643, 2232], ""type"": ""formula"", ""text"": ""4) 2 CH3COOCl → (CH3CO)2O + 2 HCl""}, {""bbox"": [1294, 2104, 1654, 2308], ""type"": ""annotation"", ""text"": ""+ структ. форм. і ст.""}, {""bbox"": [857, 2197, 1207, 2266], ""type"": ""handwritten"", ""text"": ""2, 4, 6 - тетраброметан""}, {""bbox"": [72, 2237, 425, 2290], ""type"": ""handwritten"", ""text"": ""5. Молочна кислота""}, {""bbox"": [123, 2277, 494, 2335], ""type"": ""formula"", ""text"": ""(N_3 - CH(OH) - COOH""}, {""bbox"": [874, 2270, 1099, 2327], ""type"": ""formula"", ""text"": ""C6 H2 Br3 OH""}]"
535fc980-8fc5-49f9-8332-ddbdec5132ae.jpg,"[{""bbox"": [84, 0, 1506, 230], ""type"": ""handwritten"", ""text"": ""Завдання 44""}, {""bbox"": [77, 183, 3023, 480], ""type"": ""formula"", ""text"": ""MR = 500 - 0,8 Q ; AR(Q) - ?, Q = 300""}, {""bbox"": [73, 389, 1252, 683], ""type"": ""formula"", ""text"": ""AR(Q) = \\frac{TR(Q)}{Q}""}, {""bbox"": [20, 512, 4785, 955], ""type"": ""formula"", ""text"": ""TR(Q) = \\int MR(Q) dQ = \\int (500 - 0,2 Q) dQ = 500 Q - 0,1 Q^2 + C""}, {""bbox"": [27, 819, 459, 1025], ""type"": ""formula"", ""text"": ""C = 0""}, {""bbox"": [16, 1040, 1503, 1337], ""type"": ""formula"", ""text"": ""TR = 500 Q - 0,1 + Q^2""}, {""bbox"": [28, 1268, 3315, 1721], ""type"": ""handwritten"", ""text"": ""AR = (500Q - 0,1Q^2) / Q = 500 - 0,1Q = 470""}, {""bbox"": [71, 1587, 1484, 1950], ""type"": ""handwritten"", ""text"": ""Відповідь: 470""}, {""bbox"": [92, 1874, 1709, 2163], ""type"": ""handwritten"", ""text"": ""завдання 45""}, {""bbox"": [1021, 2171, 4093, 2541], ""type"": ""formula"", ""text"": ""A_{12} = (-1)^{1+2} \\cdot M_{12} = - \\begin{vmatrix} 2 & -2 \\\\ 4 & 1 \\end{vmatrix} = -10""}, {""bbox"": [2199, 2549, 3693, 2888], ""type"": ""handwritten"", ""text"": ""Відповідь: - 10""}, {""bbox"": [147, 2919, 1551, 3223], ""type"": ""handwritten"", ""text"": ""Завдання 46""}, {""bbox"": [140, 3170, 1553, 3433], ""type"": ""handwritten"", ""text"": ""Ранг матриці""}, {""bbox"": [99, 3502, 1559, 3809], ""type"": ""handwritten"", ""text"": ""Завдання 47""}, {""bbox"": [124, 3802, 1384, 4032], ""type"": ""formula"", ""text"": ""\\begin{cases} 2x + y - 3z = -4 \\end{cases}""}, {""bbox"": [57, 3824, 3810, 4368], ""type"": ""formula"", ""text"": ""\\begin{cases} 2x + y - 3z = -4 \\\\ x - 2y + z = 3 \\\\ 4x - 5y - z = 2 \\end{cases} = (1; 0; -2) - підстановка""}, {""bbox"": [76, 4395, 1480, 4681], ""type"": ""handwritten"", ""text"": ""Завдання 48""}, {""bbox"": [70, 4657, 2805, 5341], ""type"": ""formula"", ""text"": ""\\begin{vmatrix} 3 & 2 & -1 \\\\ 3 & -1 & 1 \\\\ 1 & -3 & 2 \\end{vmatrix} = M_{21} = \\begin{vmatrix} 2 & -1 \\\\ -3 & 1 \\end{vmatrix} = -1""}, {""bbox"": [215, 5343, 1621, 5650], ""type"": ""handwritten"", ""text"": ""Відповідь: - 1""}, {""bbox"": [215, 5670, 1681, 6030], ""type"": ""handwritten"", ""text"": ""Завдання 49""}, {""bbox"": [184, 5964, 1990, 6244], ""type"": ""handwritten"", ""text"": ""Вірна відповідь: Б""}, {""bbox"": [4760, 7476, 5162, 7903], ""type"": ""annotation"", ""text"": ""6""}, {""bbox"": [2379, 7914, 3374, 8204], ""type"": ""annotation"", ""text"": ""22.12.2025""}]"
24f70abb-c16d-4368-ab50-8892d269512e.jpg,"[{""bbox"": [3, 1, 1549, 90], ""type"": ""handwritten"", ""text"": ""4. Здійснити перетворення: етилен → 1,2-дихлоретан → дихлоретан""}, {""bbox"": [6, 56, 1496, 157], ""type"": ""handwritten"", ""text"": ""1. Здійснити перетворення етилового спирту""}, {""bbox"": [23, 150, 479, 228], ""type"": ""handwritten"", ""text"": ""Екторні кислоти.""}, {""bbox"": [5, 200, 1501, 313], ""type"": ""handwritten"", ""text"": ""5. Напишіть структурну формулу 5-метил-2-оксипентану та""}, {""bbox"": [11, 301, 523, 376], ""type"": ""handwritten"", ""text"": ""мінімальному.""}, {""bbox"": [460, 283, 906, 703], ""type"": ""annotation"", ""text"": ""для розв'язання завдань білету!""}]"
75e7ac0c-01e1-4392-b287-5e05e0b2c5bb.jpg,"[{""bbox"": [24, 1, 1637, 89], ""type"": ""handwritten"", ""text"": ""1. В якому періоді, групі й підгрупі знах. хім. елемента, електронна""}, {""bbox"": [25, 57, 1035, 159], ""type"": ""handwritten"", ""text"": ""1. В якому періоді та групі розташовані елементи,""}, {""bbox"": [1028, 56, 1215, 181], ""type"": ""annotation"", ""text"": ""+ 5б""}, {""bbox"": [29, 133, 860, 240], ""type"": ""handwritten"", ""text"": ""а) Неоп; (20) б) Анюшиній; (26).""}, {""bbox"": [374, 215, 1519, 325], ""type"": ""handwritten"", ""text"": ""помістити в колбу з 120 г. води. Визн. мас. частку""}, {""bbox"": [21, 314, 938, 427], ""type"": ""handwritten"", ""text"": ""2. х, від. кільк.""}, {""bbox"": [1348, 327, 1461, 465], ""type"": ""annotation"", ""text"": ""15б.""}, {""bbox"": [30, 434, 186, 492], ""type"": ""handwritten"", ""text"": ""Дано:""}, {""bbox"": [880, 334, 1442, 602], ""type"": ""annotation"", ""text"": ""122,8 + 120 = 122,8. 100% = ? 15б.""}, {""bbox"": [31, 480, 316, 554], ""type"": ""formula"", ""text"": ""m(K) = 2,8 г.""}, {""bbox"": [29, 534, 341, 629], ""type"": ""formula"", ""text"": ""m(H_2O) = 120 г""}, {""bbox"": [45, 659, 221, 733], ""type"": ""formula"", ""text"": ""n - ?""}, {""bbox"": [20, 755, 820, 851], ""type"": ""handwritten"", ""text"": ""3. Здійсн. перетворення за схемою:""}, {""bbox"": [54, 820, 994, 1035], ""type"": ""formula"", ""text"": ""S \\to SO_2 \\to SO_3 \\to Na_2SO_4 \\to BaSO_4;""}, {""bbox"": [832, 850, 1466, 1203], ""type"": ""annotation"", ""text"": ""→ BaSO4;""}, {""bbox"": [1342, 991, 1543, 1157], ""type"": ""annotation"", ""text"": ""+10б.""}, {""bbox"": [20, 1049, 432, 1132], ""type"": ""formula"", ""text"": ""1) S + O_2 \\to SO_2;""}, {""bbox"": [58, 1125, 499, 1215], ""type"": ""formula"", ""text"": ""SO_2 + O \\to SO_3;""}, {""bbox"": [54, 1206, 691, 1307], ""type"": ""formula"", ""text"": ""SO_3 + Na_2O \\to Na_2SO_4""}, {""bbox"": [47, 1298, 686, 1395], ""type"": ""formula"", ""text"": ""Na_2SO_4 + Ba \\to BaSO_4""}, {""bbox"": [50, 1408, 578, 1495], ""type"": ""formula"", ""text"": ""S + Al_2S_2 \\to Al_2S_3""}, {""bbox"": [37, 1423, 1586, 1589], ""type"": ""handwritten"", ""text"": ""S + Al₂S₂ → Al₂S₃.""}, {""bbox"": [48, 1591, 377, 1656], ""type"": ""handwritten"", ""text"": ""оцтової кислоти""}, {""bbox"": [858, 1576, 951, 1677], ""type"": ""annotation"", ""text"": ""1?""}, {""bbox"": [21, 1662, 222, 1736], ""type"": ""handwritten"", ""text"": ""~~AlPO4~~""}, {""bbox"": [34, 1999, 1609, 2123], ""type"": ""handwritten"", ""text"": ""5. Нап. структур. формули 2,3-диметил-4-етилнонанолу та 3-хомасляного альдегіду;""}]"
40268017-c323-478e-9887-7d204b8b5ee2.jpg,"[{""bbox"": [101, 1, 1615, 81], ""type"": ""handwritten"", ""text"": ""ови песнія, наявність підбадьорювачів. У таких провадженнях батьки чи""}, {""bbox"": [59, 39, 1656, 135], ""type"": ""handwritten"", ""text"": ""вони несуть, надійність підтримується. З такого погляду якісність іс-""}, {""bbox"": [44, 98, 1652, 192], ""type"": ""handwritten"", ""text"": ""дуже низька гідність у галузі, деякі неповнолітнього здібностей у галу-""}, {""bbox"": [48, 156, 651, 235], ""type"": ""handwritten"", ""text"": ""запобіжною заходів КПК.""}, {""bbox"": [40, 222, 1643, 327], ""type"": ""handwritten"", ""text"": ""2. Згідно з ст. 27 КПК України: кримін. провадж. проводиться відкрито,""}, {""bbox"": [40, 296, 1571, 389], ""type"": ""handwritten"", ""text"": ""У певному випадках суддя може прийняти рішення про здійснення кв. пр""}, {""bbox"": [36, 361, 1024, 454], ""type"": ""handwritten"", ""text"": ""у закритому судовому засіданні, а саме якщо:""}, {""bbox"": [110, 431, 773, 502], ""type"": ""handwritten"", ""text"": ""1) обвинувальний - неповнастейний""}, {""bbox"": [134, 474, 1538, 568], ""type"": ""handwritten"", ""text"": ""2) справа проти статевої свободи та статевої дискримінації особи""}, {""bbox"": [100, 528, 1653, 627], ""type"": ""handwritten"", ""text"": ""3) є необхідність нероззаголошувати відомості про особисте і спільні життя""}, {""bbox"": [104, 575, 1656, 679], ""type"": ""handwritten"", ""text"": ""3) необхідність перерозголошувати відомості про особисте і спільні життє-""}, {""bbox"": [39, 631, 633, 696], ""type"": ""handwritten"", ""text"": ""що охороняється законом.""}, {""bbox"": [128, 660, 1646, 763], ""type"": ""handwritten"", ""text"": ""5) є необхідність забезпечити безпеку осіб, які беруть участь у крем. провад.""}, {""bbox"": [35, 729, 1653, 833], ""type"": ""handwritten"", ""text"": ""У цій ситуації Осійник обґрунтовує неоподатковування""}, {""bbox"": [37, 791, 1577, 897], ""type"": ""handwritten"", ""text"": ""та соромливо перед дітьми та знайомими, що не є прийнятою для""}, {""bbox"": [43, 870, 706, 949], ""type"": ""handwritten"", ""text"": ""закритого судового розгляду""}, {""bbox"": [150, 914, 1633, 1021], ""type"": ""handwritten"", ""text"": ""Може, згідно з ст. 27 КПК це клопотання не підлягає задоволенню.""}, {""bbox"": [46, 1015, 97, 1067], ""type"": ""handwritten"", ""text"": ""3.""}, {""bbox"": [160, 1064, 199, 1119], ""type"": ""annotation"", ""text"": ""А""}, {""bbox"": [46, 1066, 145, 1125], ""type"": ""handwritten"", ""text"": ""3.1.""}, {""bbox"": [47, 1131, 204, 1188], ""type"": ""handwritten"", ""text"": ""3.2. А""}, {""bbox"": [51, 1193, 202, 1256], ""type"": ""handwritten"", ""text"": ""3.3. Б""}, {""bbox"": [45, 1260, 132, 1314], ""type"": ""handwritten"", ""text"": ""3. 4.""}, {""bbox"": [143, 1257, 193, 1306], ""type"": ""annotation"", ""text"": ""Г""}, {""bbox"": [43, 1311, 190, 1376], ""type"": ""handwritten"", ""text"": ""3.5. А""}, {""bbox"": [186, 1522, 414, 1585], ""type"": ""annotation"", ""text"": ""19.06.2025""}]"
b1e5056d-1acd-410d-b68f-b74a0358d61b.jpg,"[{""bbox"": [48, 1, 685, 97], ""type"": ""handwritten"", ""text"": ""2) Інфляційний розрив -""}, {""bbox"": [924, 75, 1055, 183], ""type"": ""annotation"", ""text"": ""-""}, {""bbox"": [31, 271, 782, 380], ""type"": ""handwritten"", ""text"": ""3) Види бюджетних дефіцитів""}, {""bbox"": [75, 353, 1595, 462], ""type"": ""handwritten"", ""text"": ""фінансовий - коли кількість дорослих видачів більша за""}, {""bbox"": [68, 428, 1237, 525], ""type"": ""handwritten"", ""text"": ""доходи в країні. Через це виникає дефіцит""}, {""bbox"": [101, 492, 899, 579], ""type"": ""handwritten"", ""text"": ""ще є циклічний і структурний""}, {""bbox"": [1323, 523, 1431, 600], ""type"": ""annotation"", ""text"": ""+""}, {""bbox"": [85, 540, 1549, 652], ""type"": ""handwritten"", ""text"": ""Динамічний дефіцит - викликан внаслідок погіршення працев-""}, {""bbox"": [108, 580, 1552, 714], ""type"": ""handwritten"", ""text"": ""населенні державі - виникає внаслідок погіршення прожив-""}, {""bbox"": [49, 708, 1463, 839], ""type"": ""handwritten"", ""text"": ""4) Закон Оукена - це закон у якому говориться що якщо""}, {""bbox"": [82, 771, 1498, 893], ""type"": ""handwritten"", ""text"": ""інфляція більша за 1%, то ВВП країни втрачає приблизно""}, {""bbox"": [109, 823, 1515, 960], ""type"": ""handwritten"", ""text"": ""3,5%. Тобто збільшення інфляції буде впливати на ВВП""}, {""bbox"": [141, 868, 300, 936], ""type"": ""handwritten"", ""text"": ""країну""}, {""bbox"": [52, 964, 1617, 1085], ""type"": ""handwritten"", ""text"": ""5) Гранична схильність до споживання - це та частина доходу яку""}, {""bbox"": [164, 1048, 378, 1129], ""type"": ""formula"", ""text"": ""C_1 = \\frac{\\Delta C}{\\Delta Y}""}, {""bbox"": [126, 1033, 1629, 1137], ""type"": ""handwritten"", ""text"": ""C₁ = ΔC / ΔY ми вибираємо на споживання тобто на основні споживчі потреби + додаткові витрати""}, {""bbox"": [449, 1083, 1445, 1185], ""type"": ""handwritten"", ""text"": ""споживчі потреби + додаткові витрати.""}, {""bbox"": [61, 1125, 354, 1206], ""type"": ""handwritten"", ""text"": ""IV Задача""}, {""bbox"": [59, 1189, 257, 1270], ""type"": ""handwritten"", ""text"": ""Дано:""}, {""bbox"": [473, 1228, 1006, 1304], ""type"": ""formula"", ""text"": ""C = 40 + 0,7 \\cdot 2500 = 1790""}, {""bbox"": [65, 1259, 351, 1350], ""type"": ""formula"", ""text"": ""C = 40 + 0,7y""}, {""bbox"": [490, 1295, 938, 1364], ""type"": ""formula"", ""text"": ""C' = 97 C' + S' = 1""}, {""bbox"": [69, 1340, 295, 1425], ""type"": ""formula"", ""text"": ""y = 2500 од""}, {""bbox"": [543, 1353, 871, 1430], ""type"": ""formula"", ""text"": ""S' = 1 - 0,7 = 0,3""}, {""bbox"": [507, 1427, 836, 1525], ""type"": ""formula"", ""text"": ""S = -C_0 + S'Y""}, {""bbox"": [54, 1451, 198, 1523], ""type"": ""formula"", ""text"": ""S1 - ?""}, {""bbox"": [509, 1510, 1020, 1584], ""type"": ""formula"", ""text"": ""S = -40 + 0,3 \\cdot 250 = 70""}, {""bbox"": [1083, 1347, 1644, 1814], ""type"": ""graph"", ""text"": """"}, {""bbox"": [513, 1567, 690, 1617], ""type"": ""formula"", ""text"": ""S = 710""}, {""bbox"": [1279, 1850, 1415, 1962], ""type"": ""annotation"", ""text"": ""+""}]"
0414761c-70d3-48f4-ad2d-23b965d67685.jpg,"[{""bbox"": [39, 14, 943, 140], ""type"": ""formula"", ""text"": ""3. Cu \\to CuO \\to CuSO_4 \\to [Cu(NH_3)_4]SO_4""}, {""bbox"": [437, 192, 742, 267], ""type"": ""handwritten"", ""text"": ""Омислення людей""}, {""bbox"": [68, 237, 397, 310], ""type"": ""formula"", ""text"": ""2Cu + O_2 \\to 2CuO""}, {""bbox"": [45, 316, 443, 399], ""type"": ""handwritten"", ""text"": ""Реакція з кислотою""}, {""bbox"": [36, 405, 654, 505], ""type"": ""formula"", ""text"": ""CuO + H_2SO_4 \\to CuSO_4 + H_2O (OBR)""}, {""bbox"": [42, 494, 545, 603], ""type"": ""handwritten"", ""text"": ""Комплект~~о~~утворення""}, {""bbox"": [797, 401, 1224, 704], ""type"": ""annotation"", ""text"": ""Тип реакцій? Назва речовин? + 15б.""}, {""bbox"": [40, 590, 721, 720], ""type"": ""formula"", ""text"": ""CuSO_4 + 4NH_3 \\to [Cu(NH_3)_4]SO_4""}, {""bbox"": [33, 712, 477, 839], ""type"": ""formula"", ""text"": ""Cu \\to Cu(NO_3)_2 \\to CuO""}, {""bbox"": [34, 814, 823, 939], ""type"": ""formula"", ""text"": ""Cu + 4HNO_3 \\to Cu(NO_3)_2 + 2NO_2 + 2H_2O""}, {""bbox"": [16, 948, 684, 1091], ""type"": ""formula"", ""text"": ""2Cu(NO_3)_2 \\to 2CuO + 4NO_2 + O_2""}, {""bbox"": [37, 1063, 1449, 1207], ""type"": ""handwritten"", ""text"": ""5. Напишіть структурну формулу 2-метил-1-пентену та""}, {""bbox"": [71, 1175, 421, 1265], ""type"": ""handwritten"", ""text"": ""етилформіату""}, {""bbox"": [1048, 1166, 1203, 1301], ""type"": ""annotation"", ""text"": ""+10б""}, {""bbox"": [51, 1271, 481, 1347], ""type"": ""handwritten"", ""text"": ""2-метил-1-пентен""}, {""bbox"": [1294, 1187, 1644, 1498], ""type"": ""annotation"", ""text"": ""структурні формули?""}, {""bbox"": [930, 1327, 1283, 1422], ""type"": ""handwritten"", ""text"": ""етилформіат""}, {""bbox"": [37, 1338, 620, 1444], ""type"": ""formula"", ""text"": ""CH_2=CH-CH(CH_3)-CH_2-CH_3""}, {""bbox"": [46, 1451, 1309, 1590], ""type"": ""handwritten"", ""text"": ""4. 1) 3 C₂H₂ → C₆H₆ - ацетилен - реакція тримеризації""}, {""bbox"": [940, 1576, 1324, 1680], ""type"": ""handwritten"", ""text"": ""- визда - непідрування""}, {""bbox"": [110, 1646, 1615, 1780], ""type"": ""handwritten"", ""text"": ""(4) C6H5CH3 → C6H5COONa - ~~гідроліз~~ бензойна кислота""}, {""bbox"": [983, 1814, 1341, 1893], ""type"": ""annotation"", ""text"": ""Реакція конденсації""}, {""bbox"": [1091, 1971, 1642, 2070], ""type"": ""handwritten"", ""text"": ""електророзчинне заміщення""}, {""bbox"": [516, 1927, 786, 2134], ""type"": ""annotation"", ""text"": ""структури""}, {""bbox"": [843, 2018, 1029, 2159], ""type"": ""annotation"", ""text"": ""+20б.""}]"
02d9ea31-d60e-40b3-9197-6bbea1d816dc.jpg,"[{""bbox"": [22, 1, 1365, 89], ""type"": ""handwritten"", ""text"": ""Достроковою кабінію Міністрів в може припинити""}, {""bbox"": [19, 73, 751, 153], ""type"": ""handwritten"", ""text"": ""свої розвивованих у раді :""}, {""bbox"": [27, 134, 784, 220], ""type"": ""handwritten"", ""text"": ""1. Відставки Президера Міністерства""}, {""bbox"": [25, 197, 702, 279], ""type"": ""handwritten"", ""text"": ""2. Смерті Презідії міністра""}, {""bbox"": [20, 251, 1249, 360], ""type"": ""handwritten"", ""text"": ""3. Прийняття Верховною Радою резолюції недовірч.""}, {""bbox"": [41, 334, 1429, 444], ""type"": ""handwritten"", ""text"": ""Члени кабінету міністрів України не мають права""}, {""bbox"": [24, 405, 1526, 513], ""type"": ""handwritten"", ""text"": ""займатися іншою діяльністю крім службової. Вибаченням""}, {""bbox"": [17, 465, 1442, 573], ""type"": ""handwritten"", ""text"": ""є право займатися підприємцем, викладацькою, науковою""}, {""bbox"": [23, 523, 330, 583], ""type"": ""handwritten"", ""text"": ""діяльністю.""}, {""bbox"": [44, 721, 213, 788], ""type"": ""handwritten"", ""text"": ""Тесни :""}, {""bbox"": [23, 788, 154, 840], ""type"": ""handwritten"", ""text"": ""1. 4)""}, {""bbox"": [21, 840, 273, 900], ""type"": ""handwritten"", ""text"": ""2 (2), 3), 4)""}, {""bbox"": [15, 897, 118, 944], ""type"": ""handwritten"", ""text"": ""3 3,3)""}, {""bbox"": [12, 951, 128, 1003], ""type"": ""handwritten"", ""text"": ""4 г)""}, {""bbox"": [17, 1012, 121, 1065], ""type"": ""handwritten"", ""text"": ""5 3.)""}, {""bbox"": [10, 1080, 115, 1137], ""type"": ""handwritten"", ""text"": ""6. 3.)""}, {""bbox"": [10, 1147, 113, 1216], ""type"": ""handwritten"", ""text"": ""7. г)""}, {""bbox"": [13, 1216, 138, 1279], ""type"": ""handwritten"", ""text"": ""8 1.)""}, {""bbox"": [11, 1278, 159, 1344], ""type"": ""handwritten"", ""text"": ""9 3) ~~14~~""}, {""bbox"": [12, 1349, 121, 1413], ""type"": ""handwritten"", ""text"": ""(0.2)""}]"
057f608d-67ad-42b4-b6bb-7cb75acb1317.jpg,"[{""bbox"": [82, 79, 487, 152], ""type"": ""handwritten"", ""text"": ""= 173 скуфіселя""}, {""bbox"": [39, 121, 1226, 248], ""type"": ""formula"", ""text"": ""3) A) ТВЗ = \\frac{160000}{3200 - 2000} = \\frac{160000}{1200} = 133 (крісла)""}, {""bbox"": [58, 232, 776, 330], ""type"": ""formula"", ""text"": ""Б) ТБ4 = 160000 / 1300 = 123""}, {""bbox"": [99, 370, 608, 436], ""type"": ""formula"", ""text"": ""3500 - 2200 = 1300""}, {""bbox"": [44, 388, 1590, 514], ""type"": ""handwritten"", ""text"": ""3500 - 2200 = 1300""}, {""bbox"": [43, 460, 1504, 580], ""type"": ""handwritten"", ""text"": ""Зниження ціни або зростання змінних витрат""}, {""bbox"": [1018, 712, 1336, 786], ""type"": ""annotation"", ""text"": ""12.06.2025""}]"
0bfb347f-9b53-4c8d-b971-e7ddc2fe4ea9.jpg,"[{""bbox"": [69, 54, 526, 238], ""type"": ""image"", ""text"": """"}, {""bbox"": [26, 222, 514, 295], ""type"": ""handwritten"", ""text"": ""Завдання 3-12.""}, {""bbox"": [34, 296, 175, 351], ""type"": ""formula"", ""text"": ""3. = 1""}, {""bbox"": [29, 406, 166, 465], ""type"": ""handwritten"", ""text"": ""5. - 2""}, {""bbox"": [19, 465, 162, 522], ""type"": ""handwritten"", ""text"": ""6. - 3""}, {""bbox"": [19, 522, 162, 584], ""type"": ""handwritten"", ""text"": ""1. - 2""}, {""bbox"": [20, 586, 157, 651], ""type"": ""handwritten"", ""text"": ""8. - 1""}, {""bbox"": [7, 658, 151, 726], ""type"": ""handwritten"", ""text"": ""9. - 1""}, {""bbox"": [2, 723, 150, 790], ""type"": ""handwritten"", ""text"": ""10 - 2""}, {""bbox"": [4, 785, 152, 844], ""type"": ""handwritten"", ""text"": ""11. - I""}, {""bbox"": [7, 914, 433, 997], ""type"": ""handwritten"", ""text"": ""Завдання 13""}, {""bbox"": [10, 918, 1656, 1037], ""type"": ""handwritten"", ""text"": ""Завдання 13""}, {""bbox"": [11, 979, 1651, 1093], ""type"": ""handwritten"", ""text"": ""кої культури світового ринку товарів та послуг""}, {""bbox"": [17, 1022, 1642, 1136], ""type"": ""handwritten"", ""text"": ""не стали помилки і пропозиції, які відповідають""}, {""bbox"": [15, 1070, 1652, 1179], ""type"": ""handwritten"", ""text"": ""у певний момент часу, що характеризується""}, {""bbox"": [7, 1115, 1650, 1247], ""type"": ""handwritten"", ""text"": ""з рівнем цін, обсягом торгівлі, наявністю інформа-""}, {""bbox"": [5, 1210, 760, 1291], ""type"": ""handwritten"", ""text"": ""дивлячись на""}, {""bbox"": [6, 1277, 467, 1348], ""type"": ""handwritten"", ""text"": ""Завдання 14.""}, {""bbox"": [16, 1291, 1525, 1405], ""type"": ""handwritten"", ""text"": ""Завдання 14.""}, {""bbox"": [0, 1406, 1551, 1768], ""type"": ""table"", ""text"": ""країни - ОЕСР | 1,2216 | 1,1995 | 1,223 | 1,4492""}, {""bbox"": [14, 1715, 251, 1776], ""type"": ""handwritten"", ""text"": ""Всвого""}, {""bbox"": [16, 1852, 1490, 1960], ""type"": ""handwritten"", ""text"": ""країни - ОЕСР 141,23 - 140,37 = 0,86 (грн.)""}, {""bbox"": [27, 1944, 686, 2035], ""type"": ""formula"", ""text"": ""T = \\frac{n-1}{\\sqrt{T_1 \\cdot T_2 \\cdot T_3 \\ldots \\cdot T_n}}""}, {""bbox"": [25, 2007, 1474, 2125], ""type"": ""formula"", ""text"": ""1) I = \\sqrt[4]{1,2216 \\cdot 1,1995 \\cdot 1,223 \\cdot 1,1492} = 1,20569""}, {""bbox"": [27, 2112, 1518, 2233], ""type"": ""formula"", ""text"": ""2) Г = \\sqrt[4]{1,7126 \\cdot 1,4362 \\cdot 1,7757 \\cdot 1,7736} = 1,59278""}]"
0836598e-1ee3-4093-ac54-71eeea855f7b.jpg,"[{""bbox"": [353, 502, 1171, 592], ""type"": ""handwritten"", ""text"": ""- Для доходів населення:""}, {""bbox"": [368, 581, 1205, 693], ""type"": ""formula"", ""text"": ""2019: \\kappa_{\\text{док}} = \\frac{124,2}{100} = 1,242""}, {""bbox"": [366, 695, 1187, 802], ""type"": ""formula"", ""text"": ""2020: x_{двх} = \\frac{108,6}{124,2} \\approx 0,874""}, {""bbox"": [369, 794, 1203, 917], ""type"": ""formula"", ""text"": ""2021: K_{дох} = \\frac{113,6}{108,6} \\approx 1,046""}, {""bbox"": [371, 879, 1269, 996], ""type"": ""formula"", ""text"": ""2022: K_{дох} = \\frac{108,6}{106,2} \\approx 1,022""}, {""bbox"": [365, 970, 1140, 1099], ""type"": ""formula"", ""text"": ""2023 : K_{дох} = \\frac{109,4}{106,2} \\approx 1,031""}, {""bbox"": [313, 1138, 1099, 1263], ""type"": ""formula"", ""text"": ""K_{вип} (2019) = \\frac{1,101}{1,242} \\approx 0,887""}, {""bbox"": [298, 1288, 1110, 1413], ""type"": ""formula"", ""text"": ""К вип (2020) = 1,090 / 0,874 ≈ 1,247""}, {""bbox"": [298, 1425, 1083, 1557], ""type"": ""formula"", ""text"": ""Квип (2021) = 0,9993 / 1,046 ≈ 0,9549""}, {""bbox"": [283, 1543, 1086, 1685], ""type"": ""formula"", ""text"": ""K_{вип} (2022) = \\frac{1,053}{0,935} \\approx 1,126""}, {""bbox"": [290, 1671, 1021, 1799], ""type"": ""formula"", ""text"": ""K_{вип} (2023) = \\frac{1,069}{1,031} \\approx 1,037""}, {""bbox"": [806, 2035, 1383, 2125], ""type"": ""handwritten"", ""text"": ""n - розмір вибірки""}, {""bbox"": [345, 2154, 609, 2218], ""type"": ""formula"", ""text"": ""\\Delta \\leq 2,2""}, {""bbox"": [335, 2205, 875, 2294], ""type"": ""formula"", ""text"": ""P = 0,95, T = 1,96""}, {""bbox"": [282, 2273, 1651, 2453], ""type"": ""formula"", ""text"": ""n = \\frac{p^2 \\cdot 2^2}{\\delta^2} = \\frac{1,96^2 \\cdot 45}{2,2^2} \\approx 35,7""}, {""bbox"": [242, 2438, 1642, 2552], ""type"": ""handwritten"", ""text"": ""Отже, для обчислення необхідно відібрати""}, {""bbox"": [464, 2537, 736, 2608], ""type"": ""handwritten"", ""text"": ""35 купюр""}, {""bbox"": [143, 2657, 762, 2749], ""type"": ""handwritten"", ""text"": ""24 грудня 2025 року""}]"
736e2ec6-97ae-4524-8c06-3a1165b7e00b.jpg,"[{""bbox"": [35, 2, 1411, 104], ""type"": ""handwritten"", ""text"": ""4. CaCl2 + 2 AgNO3 → Ca(NO3)2 + 2 Ag Cl ↓""}, {""bbox"": [36, 73, 927, 193], ""type"": ""formula"", ""text"": ""5. Ca(NO_3)_2 \\xrightarrow{t} Ca(NO_2)_2""}, {""bbox"": [21, 194, 1624, 323], ""type"": ""handwritten"", ""text"": ""4. Здібність перетворення: етилен -> етанол -> оцтова""}, {""bbox"": [13, 287, 1609, 416], ""type"": ""handwritten"", ""text"": ""кислота -> хлоридний ацетил -> ангідрид ацетової""}, {""bbox"": [14, 361, 287, 428], ""type"": ""handwritten"", ""text"": ""км/год.""}, {""bbox"": [42, 448, 674, 536], ""type"": ""handwritten"", ""text"": ""1) вини - станом.""}, {""bbox"": [112, 537, 899, 630], ""type"": ""handwritten"", ""text"": ""C2H4 + H2O → C2H5-OH""}, {""bbox"": [39, 613, 880, 705], ""type"": ""handwritten"", ""text"": ""2) втаном -> однове число""}, {""bbox"": [1084, 581, 1439, 800], ""type"": ""annotation"", ""text"": ""CН3-С=О он структурні ф-ли!""}, {""bbox"": [69, 685, 1061, 774], ""type"": ""formula"", ""text"": ""C_2H_5OH + O_2 \\to CH_3COOH + H_2O""}, {""bbox"": [35, 766, 1192, 875], ""type"": ""handwritten"", ""text"": ""3) Оцтова кислота - хворий одесит""}, {""bbox"": [90, 845, 1383, 961], ""type"": ""formula"", ""text"": ""CH_3COOH + PCl_5 -> CH_3COCl + POCl_3 + HCl""}, {""bbox"": [33, 924, 1465, 1040], ""type"": ""handwritten"", ""text"": ""4) хлористий ацетил -> ~~андрігод~~{андрігод} оцтової кислоти""}, {""bbox"": [43, 1089, 1647, 1203], ""type"": ""handwritten"", ""text"": ""5. Напишіть структурні формули монохідної кислоти""}, {""bbox"": [32, 1203, 876, 1300], ""type"": ""handwritten"", ""text"": ""та 2,4,6-трибромфенолу.""}, {""bbox"": [922, 1170, 1341, 1386], ""type"": ""annotation"", ""text"": ""CH3-CH-CH3""}, {""bbox"": [1399, 1238, 1555, 1391], ""type"": ""annotation"", ""text"": ""+15б.""}, {""bbox"": [99, 1304, 658, 1382], ""type"": ""handwritten"", ""text"": ""Молочна кислота""}, {""bbox"": [120, 1367, 842, 1475], ""type"": ""formula"", ""text"": ""CH3 - CH(OH) - COOH""}, {""bbox"": [1139, 1394, 1405, 1602], ""type"": ""annotation"", ""text"": ""структура 90-ти?""}, {""bbox"": [116, 1463, 847, 1554], ""type"": ""handwritten"", ""text"": ""2, 4, 6 - трибромфенол""}, {""bbox"": [869, 1378, 1141, 1658], ""type"": ""annotation"", ""text"": ""Bz Bz Bz Bz Bz""}, {""bbox"": [148, 1555, 574, 1652], ""type"": ""handwritten"", ""text"": ""C₆H₂Br₃OH""}, {""bbox"": [55, 1627, 1573, 1744], ""type"": ""handwritten"", ""text"": ""(гідрогенів у групі в положенні 1, атоми Br - у""}, {""bbox"": [46, 1719, 660, 1830], ""type"": ""handwritten"", ""text"": ""позиціями 2, 4, 6.""}]"
1a7d3f8a-9f10-4918-a768-9b5c04caf859.jpg,"[{""bbox"": [28, 1, 1618, 75], ""type"": ""handwritten"", ""text"": ""2) деліктоздатність - це здатність особи нести юридичну відповідальність""}, {""bbox"": [26, 32, 1231, 145], ""type"": ""handwritten"", ""text"": ""2) демонструють - це здатність вести несам нормуван-""}, {""bbox"": [14, 140, 326, 235], ""type"": ""handwritten"", ""text"": ""Завдання 5.""}, {""bbox"": [348, 146, 514, 224], ""type"": ""annotation"", ""text"": ""(+ 30)""}, {""bbox"": [31, 233, 200, 294], ""type"": ""handwritten"", ""text"": ""Дано:""}, {""bbox"": [16, 550, 253, 638], ""type"": ""handwritten"", ""text"": ""Формули:""}, {""bbox"": [1386, 767, 1472, 842], ""type"": ""annotation"", ""text"": ""P""}, {""bbox"": [1081, 766, 1375, 882], ""type"": ""handwritten"", ""text"": ""Нікод. Корець""}, {""bbox"": [15, 868, 214, 954], ""type"": ""handwritten"", ""text"": ""Людність:""}, {""bbox"": [206, 883, 279, 956], ""type"": ""annotation"", ""text"": ""8""}, {""bbox"": [1056, 868, 1632, 989], ""type"": ""formula"", ""text"": ""EK = \\frac{660}{1750} \\cdot 100\\% \\approx 37,7\\%""}, {""bbox"": [13, 909, 880, 1073], ""type"": ""formula"", ""text"": ""E_k = \\frac{400}{4300} \\cdot 100\\% \\approx 9,3\\%""}, {""bbox"": [992, 981, 1632, 1099], ""type"": ""formula"", ""text"": ""Vk = \\frac{600}{1550} \\cdot 100\\% \\approx 38,86\\%""}, {""bbox"": [12, 1045, 770, 1174], ""type"": ""formula"", ""text"": ""IK = \\frac{810}{4300} \\cdot 100\\% \\approx 18,84\\%""}, {""bbox"": [978, 1074, 1622, 1194], ""type"": ""formula"", ""text"": ""ТК = \\frac{1340}{1750} \\cdot 100\\% \\approx 76,57\\%""}, {""bbox"": [5, 1154, 670, 1271], ""type"": ""formula"", ""text"": ""3) \\Gamma_k = \\frac{1510}{4300} \\cdot 100\\% \\approx 35,12\\%""}, {""bbox"": [247, 1270, 305, 1338], ""type"": ""annotation"", ""text"": ""+""}, {""bbox"": [17, 1269, 235, 1341], ""type"": ""handwritten"", ""text"": ""Контакт:""}, {""bbox"": [15, 1311, 650, 1427], ""type"": ""formula"", ""text"": ""E_k = \\frac{3400}{18000} \\cdot 100\\% \\approx 18,89\\%""}, {""bbox"": [6, 1409, 711, 1537], ""type"": ""formula"", ""text"": ""h = \\frac{2600}{1800} \\cdot 100\\% \\approx 14,44\\%""}, {""bbox"": [18, 1629, 265, 1715], ""type"": ""handwritten"", ""text"": ""Відсилання:""}, {""bbox"": [0, 1675, 1593, 1858], ""type"": ""handwritten"", ""text"": ""Згодно з розрахунками, Лівадіяна корея має високий рівень відкритої""}, {""bbox"": [16, 1773, 297, 1833], ""type"": ""handwritten"", ""text"": ""боргівці - як""}, {""bbox"": [17, 1810, 298, 1886], ""type"": ""handwritten"", ""text"": ""вологого""}, {""bbox"": [10, 1771, 1653, 1966], ""type"": ""handwritten"", ""text"": ""в менше 60%.""}, {""bbox"": [12, 1888, 782, 1974], ""type"": ""handwritten"", ""text"": ""у легких 15-30% ; трохи вище""}, {""bbox"": [9, 1871, 1644, 2049], ""type"": ""handwritten"", ""text"": ""у межах 15-30% ; трохи вище.""}, {""bbox"": [773, 1992, 1605, 2334], ""type"": ""annotation"", ""text"": ""(92 (A) 1)""}, {""bbox"": [564, 2260, 826, 2333], ""type"": ""handwritten"", ""text"": ""16.06.25""}]"
bcbfd26a-8581-46fd-bfd3-a98d895bc597.jpg,"[{""bbox"": [83, 1, 233, 67], ""type"": ""handwritten"", ""text"": ""19. б""}, {""bbox"": [74, 92, 493, 253], ""type"": ""formula"", ""text"": ""20. \\int_{1}^{2} \\frac{dx}{(1-2x)^2}""}, {""bbox"": [312, 100, 494, 252], ""type"": ""formula"", ""text"": ""\\frac{dv}{(1-2v)^2}""}, {""bbox"": [163, 270, 1276, 452], ""type"": ""formula"", ""text"": ""\\int_{-1}^{2} \\frac{dx}{(1-2x)^3} = \\int_{-1}^{-3} \\frac{-\\frac{1}{2} du}{u^3} = -\\frac{1}{2} \\int_{-1}^{-3} u^{-3} du""}, {""bbox"": [146, 475, 1114, 632], ""type"": ""formula"", ""text"": ""\\int u^{-5} du = \\frac{u^{-5+1}}{-5+1} + C = \\frac{u^{-2}}{-2} + C = -\\frac{1}{2u^2} + C""}, {""bbox"": [117, 607, 1237, 766], ""type"": ""formula"", ""text"": ""-\\frac{1}{2} \\int_{1}^{-3} u^{-3} du = -\\frac{1}{2} [-\\frac{1}{2u^2}]_{-1}^{-3} = \\frac{1}{4} [-\\frac{1}{u^2}]_{-1}^{-3}""}, {""bbox"": [106, 734, 1355, 903], ""type"": ""formula"", ""text"": ""\\frac{1}{4} \\left( \\frac{1}{(-5)^2} - \\frac{1}{(-1)^2} \\right) = \\frac{1}{4} \\left( \\frac{1}{25} - \\frac{1}{1} \\right) = \\frac{1}{4} \\left( \\frac{1 - 25}{25} \\right) = \\frac{1}{4} \\left( -\\frac{24}{25} \\right)""}, {""bbox"": [145, 894, 749, 1031], ""type"": ""formula"", ""text"": ""\\frac{1}{4} (-\\frac{8}{9}) = -\\frac{8}{36} = -\\frac{2}{9}""}, {""bbox"": [858, 932, 1077, 1034], ""type"": ""handwritten"", ""text"": ""Вдб: - 2/9""}, {""bbox"": [93, 1057, 918, 1173], ""type"": ""handwritten"", ""text"": ""21. Застосувати правило Лопіталя""}, {""bbox"": [152, 1110, 1336, 1239], ""type"": ""handwritten"", ""text"": ""Розкласти на множники чисельник і знаменник.""}, {""bbox"": [49, 1206, 745, 1408], ""type"": ""formula"", ""text"": ""22. \\lim_{n \\to \\infty} \\frac{(n+1)(n^2-2n+3)}{2n^2+n+1}""}, {""bbox"": [846, 1255, 1832, 1371], ""type"": ""formula"", ""text"": ""(n + 1)(n^2 - 2n + 3) = n(n^2 - 2n + 3) + 1(n^2 - 2n + 3) =""}, {""bbox"": [118, 1416, 545, 1575], ""type"": ""formula"", ""text"": ""\\lim_{n \\to \\infty} \\frac{n^5 - n^2 + n + 5}{2n^2 + n + 1}""}, {""bbox"": [668, 1447, 1839, 1545], ""type"": ""handwritten"", ""text"": ""Дехільки степінь чисельника більший за степінь""}, {""bbox"": [668, 1516, 1962, 1633], ""type"": ""handwritten"", ""text"": ""Знаменника, границя при x → ∞ прийдує до нескінченості.""}, {""bbox"": [39, 1599, 549, 1712], ""type"": ""handwritten"", ""text"": ""23. Формули Крамера""}, {""bbox"": [137, 1690, 569, 1780], ""type"": ""handwritten"", ""text"": ""Матричний метод""}, {""bbox"": [139, 1751, 491, 1829], ""type"": ""handwritten"", ""text"": ""Метод Гаусса.""}, {""bbox"": [41, 1863, 988, 2019], ""type"": ""formula"", ""text"": ""24. f(x) = \\frac{\\ln x}{1 + x^2} \\quad (\\frac{u}{v})' = \\frac{u'v - uv'}{v^2}""}, {""bbox"": [146, 2012, 525, 2112], ""type"": ""formula"", ""text"": ""u' = (\\ln x)' = \\frac{1}{x}""}, {""bbox"": [142, 2100, 572, 2186], ""type"": ""formula"", ""text"": ""v' = (1 + x^2)' = 2x""}, {""bbox"": [687, 2068, 1371, 2199], ""type"": ""formula"", ""text"": ""f'(x) = (\\frac{1}{x})(1 + x^2) - (\\ln x)(2x)""}, {""bbox"": [735, 2191, 1326, 2420], ""type"": ""table"", ""text"": ""f'(x) = \\frac{\\frac{1+x^2}{x} - 2x \\ln x}{(1+x^2)^2}""}, {""bbox"": [792, 2420, 1315, 2564], ""type"": ""formula"", ""text"": ""f'(x) = \\frac{1 + x^2 - 2x^2 \\ln x}{x(1 + x^2)^2}""}]"
42561928-976b-4afd-8b5d-dbb9bdf5353d.jpg,"[{""bbox"": [217, 79, 1619, 380], ""type"": ""formula"", ""text"": ""\\begin{cases} 2x + y - 3z = -4 \\end{cases}""}, {""bbox"": [152, 9, 3291, 979], ""type"": ""formula"", ""text"": ""35 \\begin{cases} 2x + y - 3z = -4 \\\\ x - 2y + z = 3 \\\\ 4x - 5y - z = 2 \\end{cases} \\begin{pmatrix} 2 & 1 & -3 & | & -4 \\\\ 1 & -2 & 1 & | & 3 \\\\ 4 & -5 & -1 & | & 2 \\end{pmatrix}""}, {""bbox"": [169, 1101, 648, 1309], ""type"": ""formula"", ""text"": ""\\Delta = 10""}, {""bbox"": [133, 1351, 692, 1571], ""type"": ""formula"", ""text"": ""\\Delta_x = 10""}, {""bbox"": [142, 1603, 684, 1916], ""type"": ""formula"", ""text"": ""\\Delta y = 0""}, {""bbox"": [147, 1930, 800, 2176], ""type"": ""formula"", ""text"": ""\\Delta z = 20""}, {""bbox"": [105, 2270, 907, 2579], ""type"": ""formula"", ""text"": ""x = \\frac{10}{10} = 1""}, {""bbox"": [97, 2596, 885, 2915], ""type"": ""formula"", ""text"": ""y = \\frac{0}{10} = 0""}, {""bbox"": [71, 2908, 943, 3247], ""type"": ""formula"", ""text"": ""z = \\frac{20}{10} = 2""}, {""bbox"": [1368, 2965, 2499, 3268], ""type"": ""handwritten"", ""text"": ""Відповідь: (1; 0; 2)""}, {""bbox"": [103, 3418, 1887, 3720], ""type"": ""formula"", ""text"": ""39. MR = 500 - 0,2 Q""}, {""bbox"": [2242, 3443, 2816, 3691], ""type"": ""formula"", ""text"": ""Q = 300""}, {""bbox"": [88, 3475, 342, 3667], ""type"": ""handwritten"", ""text"": ""39.""}, {""bbox"": [533, 3722, 2830, 4046], ""type"": ""formula"", ""text"": ""R(Q) = \\int MR dQ = 500Q - 0,1Q^2 + C""}, {""bbox"": [405, 4064, 2386, 4436], ""type"": ""formula"", ""text"": ""AR(Q) = \\frac{R(Q)}{Q} = 500 - 0,1 Q""}, {""bbox"": [446, 4400, 2278, 4662], ""type"": ""formula"", ""text"": ""AR (300) = 500 - 30 = 470""}, {""bbox"": [82, 4788, 1968, 5115], ""type"": ""formula"", ""text"": ""40. MC = 0,003 Q^2 - 0,06 Q""}, {""bbox"": [465, 5147, 1588, 5382], ""type"": ""formula"", ""text"": ""Q = 100 Q = 110""}, {""bbox"": [1683, 5099, 2510, 5469], ""type"": ""formula"", ""text"": ""S_{100}^{110} медь""}, {""bbox"": [258, 5438, 3278, 5832], ""type"": ""formula"", ""text"": ""\\int MC dQ = 0,003 \\frac{Q^3}{3} - 0,06 \\frac{Q^2}{2} = 0,001 Q^3 - 0,03 Q^2""}, {""bbox"": [368, 5898, 3619, 6195], ""type"": ""formula"", ""text"": ""Q = 110 \\Rightarrow 0,0001 \\cdot 110^3 - 0,03 \\cdot 110^2 = 1331 - 363 = 968""}, {""bbox"": [354, 6131, 3591, 6445], ""type"": ""formula"", ""text"": ""Q = 110 \\Rightarrow 0,001 \\cdot 100^3 - 0,03 \\cdot 100^2 = 1000 - 300 = 700""}, {""bbox"": [1247, 6510, 2298, 6711], ""type"": ""formula"", ""text"": ""968 - 700 = 268.""}, {""bbox"": [1872, 6826, 2709, 7236], ""type"": ""formula"", ""text"": ""\\begin{vmatrix} 3 & -2 & | & 5 \\\\ 4 & 1 & | & 3 \\end{vmatrix}""}, {""bbox"": [67, 6801, 1422, 7334], ""type"": ""formula"", ""text"": ""41. \\begin{cases} 3x - 2y = 5 \\\\ 4x + y = 3 \\end{cases}""}, {""bbox"": [225, 7331, 762, 7540], ""type"": ""formula"", ""text"": ""\\Delta = 11""}, {""bbox"": [211, 7465, 1599, 7754], ""type"": ""formula"", ""text"": ""\\Delta = 11 \\quad (1; -1) \\\\ \\Delta_x = 11 \\quad (1; -1)""}, {""bbox"": [232, 7528, 727, 7750], ""type"": ""formula"", ""text"": ""\\Delta_x = 11""}, {""bbox"": [214, 7758, 816, 8077], ""type"": ""formula"", ""text"": ""\\Delta y = -11""}]"
f42fd8d9-a3a6-477b-8c86-5046ebcf9504.jpg,"[{""bbox"": [14, 2, 1463, 188], ""type"": ""formula"", ""text"": ""\\frac{17}{7,0} + \\frac{64}{8,0} + \\frac{181}{9,0} = 11 + 8 + 9 = 28 - кількість продукції""}, {""bbox"": [25, 180, 793, 327], ""type"": ""formula"", ""text"": ""x = \\frac{222}{28} = 7,93 \\text{ тис. гр.}""}, {""bbox"": [7, 335, 437, 457], ""type"": ""handwritten"", ""text"": ""Завдання 6.25""}, {""bbox"": [0, 434, 1709, 717], ""type"": ""formula"", ""text"": ""\\begin{array}{|c|c|c|c|c|c|c|c|} \\hline \\text{Рік} & 2011 & 2018 & 2019 & 2020 & 2021 & 2021 & 2021 \\\\ \\hline \\text{Насел. і насел. прод.} & 80 & 33 & 31 & 29 & 27 & 21 \\\\ \\hline \\end{array}""}, {""bbox"": [4, 594, 538, 687], ""type"": ""handwritten"", ""text"": ""Ніжно і ніжно прод.""}, {""bbox"": [34, 734, 478, 830], ""type"": ""formula"", ""text"": ""b_1 = 31 - 33 = -2""}, {""bbox"": [28, 823, 462, 906], ""type"": ""formula"", ""text"": ""\\Delta_2 = 29 - 31 = -2""}, {""bbox"": [23, 911, 443, 995], ""type"": ""formula"", ""text"": ""\\Delta_3 = 27 - 29 = -2""}, {""bbox"": [23, 944, 1936, 1107], ""type"": ""handwritten"", ""text"": ""Отже, споживання стабільно падає на 2 одиниці щороку""}, {""bbox"": [26, 1063, 1168, 1186], ""type"": ""handwritten"", ""text"": ""метод екстраполяції для 2024 року:""}, {""bbox"": [30, 1198, 337, 1278], ""type"": ""handwritten"", ""text"": ""n = 3 роки""}, {""bbox"": [37, 1228, 1558, 1366], ""type"": ""formula"", ""text"": ""n = 3 роки\\ny_{2021} = y_{2021} + (15 \\cdot n) = 27 + (1 - 2 \\cdot 3) = 27 - 6 = 21 \\text{ кг}""}, {""bbox"": [32, 1315, 1932, 1469], ""type"": ""handwritten"", ""text"": ""y_{2024} = y_{2021} + 1000 \\cdot 3 = 2000 + 3000 = 5000""}, {""bbox"": [71, 1455, 877, 1570], ""type"": ""handwritten"", ""text"": ""животи 21 кг м'яса""}, {""bbox"": [35, 1582, 492, 1686], ""type"": ""handwritten"", ""text"": ""завдання 1.25""}, {""bbox"": [60, 1677, 1896, 1802], ""type"": ""handwritten"", ""text"": ""Ір = 1,074 (зростання на 7,4%) - індекс вартості за рах. цін.""}, {""bbox"": [67, 1778, 1923, 1911], ""type"": ""handwritten"", ""text"": ""Sр = 1,202 (зростання на 20,2%) - індекс середньої ціни""}, {""bbox"": [56, 1898, 555, 2003], ""type"": ""formula"", ""text"": ""I_p^- = I_p \\cdot I_{смр.}""}, {""bbox"": [52, 1997, 998, 2162], ""type"": ""formula"", ""text"": ""I_{сір} = \\frac{I_p}{I_p} = \\frac{1,202}{1,074} \\approx 1,1192""}, {""bbox"": [53, 2133, 1924, 2276], ""type"": ""handwritten"", ""text"": ""Кишеневом: за рахунок інфундурних зрушень вартість""}, {""bbox"": [54, 2243, 875, 2333], ""type"": ""handwritten"", ""text"": ""ацій зросла на 11,92%""}, {""bbox"": [46, 2313, 532, 2413], ""type"": ""handwritten"", ""text"": ""Завдання 8.25""}, {""bbox"": [62, 2417, 303, 2476], ""type"": ""formula"", ""text"": ""n = 500""}, {""bbox"": [61, 2471, 329, 2542], ""type"": ""formula"", ""text"": ""N = 6500""}, {""bbox"": [60, 2545, 462, 2626], ""type"": ""formula"", ""text"": ""\\bar{x} = 1200 год""}, {""bbox"": [57, 2616, 430, 2683], ""type"": ""formula"", ""text"": ""a = 10 год.""}, {""bbox"": [59, 2678, 221, 2749], ""type"": ""formula"", ""text"": ""t = 3""}]"
266c3214-adc6-4caa-95cb-dca7eea5c6bd.jpg,"[{""bbox"": [26, 224, 3234, 811], ""type"": ""formula"", ""text"": ""\\begin{pmatrix} 1 & 2 \\\\ -1 & 3 \\end{pmatrix} - \\begin{pmatrix} -3 & -1 \\\\ 1 & -2 \\end{pmatrix} = C_{12} = 2 - (-1) = 3""}, {""bbox"": [3519, 304, 5064, 971], ""type"": ""image"", ""text"": """"}, {""bbox"": [10, 789, 3420, 1408], ""type"": ""formula"", ""text"": ""7. \\begin{pmatrix} 1 & 2 \\\\ -1 & 3 \\end{pmatrix} + \\begin{pmatrix} -3 & -1 \\\\ 1 & -2 \\end{pmatrix} = b_{12} = 2 + (-1) = 1""}, {""bbox"": [5, 1574, 4530, 2012], ""type"": ""formula"", ""text"": ""3. f(x) = (2x^3 - 3)(x + 5) = f'(x) = 6x^2 \\cdot x + 5 + 2x^3 - 3 \\cdot 1 =""}, {""bbox"": [0, 1968, 3049, 2305], ""type"": ""formula"", ""text"": ""= 6x^3 + 30x^2 + 2x^3 - 3 = 8x^3 + 30x^2 - 3""}, {""bbox"": [0, 2241, 3053, 2620], ""type"": ""formula"", ""text"": ""f'(1) = 8 \\cdot 1^3 + 30 \\cdot 1^2 - 3 = 8 + 30 - 3 = 35.""}, {""bbox"": [16, 2893, 1264, 3823], ""type"": ""formula"", ""text"": ""9. \\begin{pmatrix} 3 & 2 & -1 \\\\ 2 & -1 & 2 \\\\ -1 & 3 & 1 \\end{pmatrix}""}, {""bbox"": [0, 2876, 3855, 3865], ""type"": ""formula"", ""text"": ""M_{33} = \\begin{vmatrix} 3 & 2 \\\\ 2 & -1 \\end{vmatrix} = 3 \\cdot (-1) - 2 \\cdot 2 = -7""}, {""bbox"": [8, 3957, 676, 4170], ""type"": ""formula"", ""text"": ""30. 3 x 2""}, {""bbox"": [0, 4226, 3088, 4576], ""type"": ""handwritten"", ""text"": ""31. почленне множення двох рядків""}, {""bbox"": [1592, 4864, 3266, 5112], ""type"": ""formula"", ""text"": ""II_{наБ} = 20 \\cdot 60 = 1200""}, {""bbox"": [62, 4530, 1226, 5593], ""type"": ""table"", ""text"": ""| | I | II""}, {""bbox"": [1397, 5221, 4685, 5594], ""type"": ""formula"", ""text"": ""2) \\Pi_{\\text{на А}} = 2 \\cdot 100 - 200 \\begin{cases} 200 + 300 = 500 \\end{cases}""}, {""bbox"": [1577, 5509, 3340, 5761], ""type"": ""formula"", ""text"": ""II на А = 3 * 100 = 300""}, {""bbox"": [49, 5635, 1248, 5914], ""type"": ""formula"", ""text"": ""A = 100 \\quad B = 60""}, {""bbox"": [0, 6043, 497, 6227], ""type"": ""handwritten"", ""text"": ""33. - 2""}, {""bbox"": [45, 6105, 5329, 6615], ""type"": ""formula"", ""text"": ""34. A_{12} = (-1)^{1+2} \\cdot M_{12} = (-1)^3 \\cdot \\begin{vmatrix} 2 & -2 \\\\ 4 & 1 \\end{vmatrix} = -2 \\cdot 1 - (-2) \\cdot 4 = (-1)^3 \\cdot 10 = -10""}, {""bbox"": [25, 6656, 1155, 6945], ""type"": ""formula"", ""text"": ""35. 0 (нулю)""}, {""bbox"": [23, 6980, 237, 7158], ""type"": ""handwritten"", ""text"": ""36.""}, {""bbox"": [98, 7141, 1756, 7795], ""type"": ""formula"", ""text"": ""A = \\begin{pmatrix} 1 & -2 & -1 \\\\ 0 & 3 & 1 \\\\ 0 & 0 & 5 \\end{pmatrix} r(A) = 3""}]"
d6b2b7b5-6e5f-4894-bb41-9e04b2e83004.jpg,"[{""bbox"": [150, 80, 585, 270], ""type"": ""image"", ""text"": """"}, {""bbox"": [979, 112, 1368, 409], ""type"": ""annotation"", ""text"": ""тип реакцій? назва речовин?""}, {""bbox"": [139, 307, 1098, 441], ""type"": ""formula"", ""text"": ""2. ZnO + 2HCl \\to ZnCl_2 + H_2O""}, {""bbox"": [128, 396, 1392, 536], ""type"": ""handwritten"", ""text"": ""(кислотно-основна реакція (нейтралізація""}, {""bbox"": [81, 513, 395, 573], ""type"": ""handwritten"", ""text"": ""(глибокою).""}, {""bbox"": [84, 596, 1253, 730], ""type"": ""formula"", ""text"": ""3. ZnCl_2 + 2NaOH \\to Zn(OH)_2 \\downarrow + 2NaCl.""}, {""bbox"": [1336, 630, 1556, 790], ""type"": ""annotation"", ""text"": ""+15б""}, {""bbox"": [98, 699, 1297, 830], ""type"": ""handwritten"", ""text"": ""2NaOH + CO2 → Na2CO3 + H2O""}, {""bbox"": [95, 804, 1183, 934], ""type"": ""formula"", ""text"": ""4. Zn(OH)2 + 2NaOH → Na2[Zn(OH)4]""}, {""bbox"": [83, 916, 1303, 1081], ""type"": ""formula"", ""text"": ""5. Zn(OH)2 + 2 HNO3 → Zn(NO3)2 + 2 H2O""}, {""bbox"": [39, 1101, 1562, 1250], ""type"": ""handwritten"", ""text"": ""4. Здійснити перетворення: ацетилен → оцтова кислота → купро-""}, {""bbox"": [24, 1204, 1618, 1356], ""type"": ""handwritten"", ""text"": ""кислота → хлористий ацетил → ангідрид оцтової""}, {""bbox"": [23, 1292, 717, 1382], ""type"": ""handwritten"", ""text"": ""кислоти → етилацетат.""}, {""bbox"": [20, 1377, 1186, 1538], ""type"": ""formula"", ""text"": ""2. C_2H_2 + CO + H_2O \\to CH_3COCl + SO_2 + H_2O""}, {""bbox"": [1206, 1334, 1512, 1615], ""type"": ""annotation"", ""text"": ""структури?""}, {""bbox"": [31, 1492, 880, 1606], ""type"": ""formula"", ""text"": ""1. C_2H_2 + CO + H_2O \\to CH_3COOH""}, {""bbox"": [1399, 1522, 1559, 1644], ""type"": ""annotation"", ""text"": ""+15""}, {""bbox"": [47, 1575, 1342, 1732], ""type"": ""formula"", ""text"": ""2. CH3COOH + SOCl2 → CH3COCl + SO2 + H2O""}, {""bbox"": [41, 1661, 1202, 1819], ""type"": ""formula"", ""text"": ""3. CH₃COCl + CH₃COOH → (CH₃COO)₂O + HCl""}, {""bbox"": [1248, 1669, 1616, 1867], ""type"": ""annotation"", ""text"": ""CH3-C=O-O-C2H5""}, {""bbox"": [46, 1749, 1212, 1916], ""type"": ""formula"", ""text"": ""4. (CH3CO)2O + C2H5OH → CH3COOC2H5 + H2O""}, {""bbox"": [41, 1904, 1602, 2058], ""type"": ""handwritten"", ""text"": ""5. Напишіть структурні формули 2-бром-3-""}, {""bbox"": [13, 2008, 1447, 2146], ""type"": ""handwritten"", ""text"": ""метилпентану та в тобутину бромистого.""}]"
d1d018f2-566b-49a4-b2e2-de017047a509.jpg,"[{""bbox"": [21, 1, 1615, 73], ""type"": ""handwritten"", ""text"": ""всі сиречі та інш. проєктуван. дій, проведення яких необхідне""}, {""bbox"": [25, 26, 1653, 138], ""type"": ""handwritten"", ""text"": ""всі смерті та інш. процесуаль-ні дії, проведення яких необхідне""}, {""bbox"": [20, 98, 1630, 205], ""type"": ""handwritten"", ""text"": ""та можливість, а також на до- до- здійснити роз-""}, {""bbox"": [19, 165, 1080, 278], ""type"": ""handwritten"", ""text"": ""необхідно у зв'язку з цим. Передбачається""}, {""bbox"": [32, 313, 1582, 441], ""type"": ""handwritten"", ""text"": ""2. Слідчий здійснив правовий дії, так як відповідно""}, {""bbox"": [32, 389, 1637, 516], ""type"": ""handwritten"", ""text"": ""2. Слідчий здійснив правомірний дії, так як""}, {""bbox"": [29, 460, 1605, 586], ""type"": ""handwritten"", ""text"": ""до ст. 237 част. 3 - при проведенні обліку ухвалення вироб-""}, {""bbox"": [34, 525, 1647, 663], ""type"": ""handwritten"", ""text"": ""ня меж речей і документів, які мають зв'язок з""}, {""bbox"": [32, 593, 1631, 746], ""type"": ""handwritten"", ""text"": ""кримін. провадження та речей (вилучення з-під""}, {""bbox"": [32, 660, 1656, 809], ""type"": ""handwritten"", ""text"": ""має значення до кабінету в якому відбувається""}, {""bbox"": [35, 735, 1656, 875], ""type"": ""handwritten"", ""text"": ""речі і документи підлягають негайному видачу""}, {""bbox"": [41, 870, 348, 954], ""type"": ""handwritten"", ""text"": ""тні омладу.""}, {""bbox"": [61, 884, 1619, 1024], ""type"": ""handwritten"", ""text"": ""тні огляду.""}, {""bbox"": [51, 974, 1630, 1097], ""type"": ""handwritten"", ""text"": ""Також відповідно до ст 105 Цив. Кодексу, особа, яка""}, {""bbox"": [50, 1045, 1648, 1173], ""type"": ""handwritten"", ""text"": ""право заборонити будь-які акції заважають іншим і що будь-які""}, {""bbox"": [52, 1133, 1566, 1250], ""type"": ""handwritten"", ""text"": ""нню обміну. Невеликом. цяє вимог тільше за собою передбач.""}, {""bbox"": [62, 1215, 256, 1304], ""type"": ""handwritten"", ""text"": ""відповід.""}, {""bbox"": [48, 1375, 99, 1436], ""type"": ""handwritten"", ""text"": ""3.""}, {""bbox"": [126, 1424, 287, 1488], ""type"": ""handwritten"", ""text"": ""3. 1 - B""}, {""bbox"": [123, 1490, 197, 1533], ""type"": ""handwritten"", ""text"": ""3. 2""}, {""bbox"": [120, 1529, 283, 1585], ""type"": ""handwritten"", ""text"": ""3.3 - А""}, {""bbox"": [122, 1539, 203, 1584], ""type"": ""handwritten"", ""text"": ""3. 3""}, {""bbox"": [125, 1588, 201, 1633], ""type"": ""handwritten"", ""text"": ""3. 4""}, {""bbox"": [116, 1583, 289, 1632], ""type"": ""handwritten"", ""text"": ""3. 4 - Г""}, {""bbox"": [124, 1624, 290, 1685], ""type"": ""handwritten"", ""text"": ""3. 5. 5. 5""}, {""bbox"": [84, 1848, 348, 1918], ""type"": ""annotation"", ""text"": ""24.06.25""}]"
8772d631-a32a-4004-b46b-64fec1300d83.jpg,"[{""bbox"": [40, 8, 1593, 128], ""type"": ""handwritten"", ""text"": ""Європейський зелений курс - ця стратегія ЄС, спрямована на""}, {""bbox"": [34, 102, 1610, 227], ""type"": ""handwritten"", ""text"": ""досліження кліматичної нейтральності до 2050р. Основними ціля-""}, {""bbox"": [23, 200, 846, 310], ""type"": ""handwritten"", ""text"": ""та засобами Зеленого курсу є:""}, {""bbox"": [74, 277, 1656, 433], ""type"": ""handwritten"", ""text"": ""Зниження викидів CO₂ (до 2030 р. планується скоротити викиди""}, {""bbox"": [127, 393, 669, 487], ""type"": ""handwritten"", ""text"": ""на 55% пор. з 1980 р.)""}, {""bbox"": [47, 465, 1646, 608], ""type"": ""handwritten"", ""text"": ""- перехід на відновлювану енергетику (сонячна, вітрова та водяна)""}, {""bbox"": [39, 547, 1627, 693], ""type"": ""handwritten"", ""text"": ""- енергоефективність будівель (модернізація житла для екон. спож.)""}, {""bbox"": [41, 629, 1640, 772], ""type"": ""handwritten"", ""text"": ""- циркулярна економіка (повторне використання та переробка відходів""}, {""bbox"": [40, 700, 1163, 826], ""type"": ""handwritten"", ""text"": ""- збереження різноманіття тварин та рослин""}, {""bbox"": [32, 767, 1634, 927], ""type"": ""handwritten"", ""text"": ""- Just Transition (підтримка регіонів, які залежать від вугіл. промисл.)""}, {""bbox"": [21, 865, 1622, 1024], ""type"": ""handwritten"", ""text"": ""Роль Зеленого курсу є також дуже важливою. Вона сприяє по-""}, {""bbox"": [22, 963, 1614, 1110], ""type"": ""handwritten"", ""text"": ""вації в \""зелених технологіях\"", покращує якість людського життя та""}, {""bbox"": [15, 1050, 1627, 1196], ""type"": ""handwritten"", ""text"": ""впливає на глобальну політику. Є заслуга інші країни до спільних""}, {""bbox"": [19, 1138, 657, 1254], ""type"": ""handwritten"", ""text"": ""дій проти зміни клімату.""}, {""bbox"": [14, 1225, 266, 1321], ""type"": ""handwritten"", ""text"": ""Завдання 2""}, {""bbox"": [1252, 1282, 1361, 1351], ""type"": ""annotation"", ""text"": ""20""}, {""bbox"": [22, 1306, 1601, 1433], ""type"": ""handwritten"", ""text"": ""Соціальний менеджмент - це система управління соц. процесами та""}, {""bbox"": [23, 1395, 1643, 1508], ""type"": ""handwritten"", ""text"": ""відносинами в організації з метою досягнення гармоній між економі-""}, {""bbox"": [21, 1467, 1582, 1582], ""type"": ""handwritten"", ""text"": ""чною ефективністю та солідарними потребами працівників. Оскільки""}, {""bbox"": [25, 1537, 1589, 1659], ""type"": ""handwritten"", ""text"": ""управління персоналом, котрі культуру, трудові відносини, соціальні""}, {""bbox"": [24, 1613, 1533, 1730], ""type"": ""handwritten"", ""text"": ""гарантії, добробут працівників, економічну відповідальність тощо.""}, {""bbox"": [24, 1688, 720, 1777], ""type"": ""handwritten"", ""text"": ""Цінними соц. мемедіаламенту є:""}, {""bbox"": [30, 1749, 1354, 1854], ""type"": ""handwritten"", ""text"": ""- підвищення задоволеності працівників умовами праці""}, {""bbox"": [31, 1811, 1456, 1916], ""type"": ""handwritten"", ""text"": ""- гармонізація відносин між працівниками та керівництвом""}, {""bbox"": [30, 1881, 1052, 1982], ""type"": ""handwritten"", ""text"": ""- соціальна стабільність всередині компанії.""}, {""bbox"": [30, 1933, 1584, 2063], ""type"": ""handwritten"", ""text"": ""- формування позитивного іміджу компанії як соц. відповідальчого роботодавця.""}, {""bbox"": [1302, 2013, 1577, 2099], ""type"": ""handwritten"", ""text"": ""роботодавця.""}, {""bbox"": [19, 2038, 1500, 2197], ""type"": ""handwritten"", ""text"": ""- інтеграція соц. програм у стратегічне управління підприємством""}, {""bbox"": [16, 2122, 1238, 2242], ""type"": ""handwritten"", ""text"": ""- підвищення мотивації та продуктивності праці""}, {""bbox"": [12, 2188, 1460, 2326], ""type"": ""handwritten"", ""text"": ""- соц. відповідальність перед суспільством, державою, екологією""}]"
733c1258-753a-5574-a8bd-1bed77aa09e4.jpg,"[{""bbox"": [1583, 1, 2829, 120], ""type"": ""handwritten"", ""text"": ""рівняння розв'язати""}, {""bbox"": [309, 34, 2363, 330], ""type"": ""handwritten"", ""text"": ""2. Гуаканоле - середній рід""}, {""bbox"": [511, 213, 2139, 477], ""type"": ""handwritten"", ""text"": ""Увасі - неінточний рід""}, {""bbox"": [518, 423, 2161, 701], ""type"": ""handwritten"", ""text"": ""Трампій- середній рід""}, {""bbox"": [548, 631, 1952, 871], ""type"": ""handwritten"", ""text"": ""Соте - середній рід""}, {""bbox"": [491, 793, 2195, 1083], ""type"": ""handwritten"", ""text"": ""Мацоні - середній рід""}, {""bbox"": [294, 966, 1217, 1179], ""type"": ""handwritten"", ""text"": ""3. 1) гетеротика""}, {""bbox"": [520, 1178, 1466, 1363], ""type"": ""handwritten"", ""text"": ""2) печенінський""}, {""bbox"": [2, 1333, 223, 1509], ""type"": ""handwritten"", ""text"": ""іва-""}, {""bbox"": [560, 1342, 1097, 1539], ""type"": ""handwritten"", ""text"": ""3) пером""}, {""bbox"": [597, 1537, 1251, 1718], ""type"": ""handwritten"", ""text"": ""4) генетичні""}, {""bbox"": [607, 1716, 1433, 1968], ""type"": ""handwritten"", ""text"": ""5) шутокам""}, {""bbox"": [259, 1909, 1722, 2163], ""type"": ""handwritten"", ""text"": ""1. Коридор - коридору""}, {""bbox"": [392, 2082, 1736, 2320], ""type"": ""handwritten"", ""text"": ""квадрат - квадратна""}, {""bbox"": [403, 2261, 1457, 2455], ""type"": ""handwritten"", ""text"": ""Тема - переписка""}, {""bbox"": [419, 2426, 1239, 2675], ""type"": ""handwritten"", ""text"": ""Тілок - ліску""}, {""bbox"": [0, 2640, 193, 2800], ""type"": ""handwritten"", ""text"": ""зача""}, {""bbox"": [446, 2616, 1588, 2851], ""type"": ""handwritten"", ""text"": ""Світлець - Світлецько""}, {""bbox"": [462, 2810, 1813, 3046], ""type"": ""handwritten"", ""text"": ""чорноземи - чорноземну""}, {""bbox"": [413, 3008, 1310, 3161], ""type"": ""handwritten"", ""text"": ""клен - клена""}, {""bbox"": [396, 3132, 1333, 3365], ""type"": ""handwritten"", ""text"": ""Рубай - Рубано""}, {""bbox"": [386, 3302, 1562, 3541], ""type"": ""handwritten"", ""text"": ""Домбас - Донбасу""}, {""bbox"": [391, 3494, 1438, 3666], ""type"": ""handwritten"", ""text"": ""гопак - гопака""}, {""bbox"": [391, 3659, 1752, 3877], ""type"": ""handwritten"", ""text"": ""косинус - посинула""}]"
97183784-6690-5788-8ff1-656dd9cf9d25.jpg,"[{""bbox"": [429, 446, 1653, 614], ""type"": ""handwritten"", ""text"": ""Історичні форми соціальних""}, {""bbox"": [199, 571, 910, 677], ""type"": ""handwritten"", ""text"": ""спільнот людей:""}, {""bbox"": [184, 655, 1452, 791], ""type"": ""handwritten"", ""text"": ""4) Рід - це колектив родичів.""}, {""bbox"": [5, 764, 113, 853], ""type"": ""handwritten"", ""text"": ""як""}, {""bbox"": [171, 742, 1656, 900], ""type"": ""handwritten"", ""text"": ""2) Плем'я - це об'єднання кількох""}, {""bbox"": [10, 864, 129, 955], ""type"": ""handwritten"", ""text"": ""ння""}, {""bbox"": [156, 852, 460, 1004], ""type"": ""handwritten"", ""text"": ""родів.""}, {""bbox"": [5, 968, 121, 1066], ""type"": ""handwritten"", ""text"": ""ця""}, {""bbox"": [168, 929, 1809, 1104], ""type"": ""handwritten"", ""text"": ""родів.""}, {""bbox"": [197, 1071, 1014, 1171], ""type"": ""handwritten"", ""text"": ""Агітика спільність""}, {""bbox"": [176, 1145, 1641, 1290], ""type"": ""handwritten"", ""text"": ""4) Назція - ~~від~~{від} стійка і найбільш""}, {""bbox"": [151, 1262, 1167, 1399], ""type"": ""handwritten"", ""text"": ""розвинена спільність""}, {""bbox"": [155, 1368, 1636, 1515], ""type"": ""handwritten"", ""text"": ""5/ Народ - це етнічна сукуп-""}, {""bbox"": [149, 1494, 796, 1607], ""type"": ""handwritten"", ""text"": ""ність людей""}, {""bbox"": [159, 1578, 1545, 1724], ""type"": ""handwritten"", ""text"": ""Етнос - великі групи людей""}, {""bbox"": [163, 1700, 1560, 1836], ""type"": ""handwritten"", ""text"": ""що виділяються на основі:""}, {""bbox"": [164, 1798, 1561, 1945], ""type"": ""handwritten"", ""text"": ""спільності культури, мови,""}, {""bbox"": [161, 1904, 1523, 2059], ""type"": ""handwritten"", ""text"": ""відомості нерозривності""}, {""bbox"": [164, 2031, 1204, 2183], ""type"": ""handwritten"", ""text"": ""історичної долі""}, {""bbox"": [258, 2184, 901, 2340], ""type"": ""handwritten"", ""text"": ""Види націй""}, {""bbox"": [114, 2298, 1836, 2456], ""type"": ""handwritten"", ""text"": ""Політична - спільнота громадян""}, {""bbox"": [122, 2417, 1825, 2583], ""type"": ""handwritten"", ""text"": ""ревної держави - політична поді-""}]"
07d8b7fe-beb0-58c8-8fd8-71b863a62225.jpg,"[{""bbox"": [903, 2, 1934, 77], ""type"": ""printed"", ""text"": ""корисним або небезпечним для ор-""}, {""bbox"": [6, 68, 709, 139], ""type"": ""printed"", ""text"": ""процеси відмінність""}, {""bbox"": [894, 42, 1934, 146], ""type"": ""printed"", ""text"": ""порушуються процеси виділення у разі вель-""}, {""bbox"": [906, 108, 1397, 172], ""type"": ""printed"", ""text"": ""ків? 4. Як порушуються і""}, {""bbox"": [902, 136, 1394, 204], ""type"": ""printed"", ""text"": ""синдрому здавлювання?""}, {""bbox"": [1878, 214, 1964, 280], ""type"": ""printed"", ""text"": ""111""}, {""bbox"": [287, 723, 1956, 941], ""type"": ""handwritten"", ""text"": ""4. Під час шкідливих удавлюваних процеси""}, {""bbox"": [270, 842, 1998, 1064], ""type"": ""handwritten"", ""text"": ""4. Під час швидкого удару молотка""}, {""bbox"": [260, 991, 1784, 1183], ""type"": ""handwritten"", ""text"": ""кров починається продукції розпаду тканин""}, {""bbox"": [277, 1113, 1997, 1307], ""type"": ""handwritten"", ""text"": ""(міоглобін, креатинін, селенома), що сприяє""}, {""bbox"": [5, 1225, 234, 1322], ""type"": ""handwritten"", ""text"": ""тому""}, {""bbox"": [286, 1232, 1999, 1436], ""type"": ""handwritten"", ""text"": ""(могильні, кремені, солом'яні),""}, {""bbox"": [10, 1341, 211, 1428], ""type"": ""handwritten"", ""text"": ""~~Сім'я~~""}, {""bbox"": [276, 1373, 1828, 1557], ""type"": ""handwritten"", ""text"": ""гостру погоду, яку""}, {""bbox"": [0, 2591, 81, 2675], ""type"": ""handwritten"", ""text"": ""к.""}, {""bbox"": [3, 2715, 207, 2832], ""type"": ""handwritten"", ""text"": ""идімну""}, {""bbox"": [3, 2842, 196, 2949], ""type"": ""handwritten"", ""text"": ""люди,""}]"
9ab6fe9c-604f-5a8f-9122-44fac3a19733.jpg,"[{""bbox"": [577, 230, 1897, 431], ""type"": ""handwritten"", ""text"": ""Двадцяте січня""}, {""bbox"": [577, 385, 1871, 521], ""type"": ""handwritten"", ""text"": ""виконання робота""}, {""bbox"": [146, 450, 2811, 667], ""type"": ""handwritten"", ""text"": ""Викладаць розвиток""}, {""bbox"": [147, 621, 2621, 853], ""type"": ""handwritten"", ""text"": ""- це різри і мозознавства, що""}, {""bbox"": [165, 801, 2991, 1026], ""type"": ""handwritten"", ""text"": ""займатися теорією та практикою""}, {""bbox"": [219, 987, 2746, 1202], ""type"": ""handwritten"", ""text"": ""сторожня шоколадка (шоколадно-кофейна)""}, {""bbox"": [877, 1183, 2417, 1378], ""type"": ""handwritten"", ""text"": ""Тар Слобожанів""}, {""bbox"": [132, 1351, 2186, 1578], ""type"": ""handwritten"", ""text"": ""фізикохімічний склад""}, {""bbox"": [124, 1554, 1725, 1739], ""type"": ""handwritten"", ""text"": ""Етичологічний""}, {""bbox"": [152, 1729, 2190, 1948], ""type"": ""handwritten"", ""text"": ""Зворотній кінцевий""}, {""bbox"": [195, 1885, 2939, 2136], ""type"": ""handwritten"", ""text"": ""опомастися, одрізатися""}, {""bbox"": [183, 2086, 2694, 2320], ""type"": ""handwritten"", ""text"": ""ортохарічний перекладний""}, {""bbox"": [197, 2293, 1937, 2467], ""type"": ""handwritten"", ""text"": ""від ознак хрупкості""}, {""bbox"": [170, 2449, 1981, 2646], ""type"": ""handwritten"", ""text"": ""електричний струм""}, {""bbox"": [180, 2626, 2636, 2834], ""type"": ""handwritten"", ""text"": ""мовцями сучасних озерах світу""}, {""bbox"": [147, 2792, 3111, 3028], ""type"": ""handwritten"", ""text"": ""2) - токсичного солярного розчинника""}, {""bbox"": [155, 2989, 2761, 3206], ""type"": ""handwritten"", ""text"": ""мова (1.305. (дм-20) діподкува""}, {""bbox"": [161, 3160, 3120, 3403], ""type"": ""handwritten"", ""text"": ""розміру попереднього і с-тощого""}, {""bbox"": [179, 3352, 2515, 3577], ""type"": ""handwritten"", ""text"": ""окорени прого славянини""}, {""bbox"": [193, 3539, 2554, 3774], ""type"": ""handwritten"", ""text"": ""української мови (сучасна)""}, {""bbox"": [192, 3731, 2520, 3949], ""type"": ""handwritten"", ""text"": ""1920-1980 рр. Але в цей час""}]"
d28943b8-f79d-5fe2-99f4-9f427c6e34ff.jpg,"[{""bbox"": [226, 107, 1730, 228], ""type"": ""handwritten"", ""text"": ""мізмом обхоплення вуст або носа потертіного,""}, {""bbox"": [226, 221, 1730, 367], ""type"": ""handwritten"", ""text"": ""давлення або змішаний обсяг відсіку регулювань-""}, {""bbox"": [158, 360, 376, 441], ""type"": ""handwritten"", ""text"": ""ника;""}, {""bbox"": [226, 465, 1730, 596], ""type"": ""handwritten"", ""text"": ""загадко по новій виконання швидкого дихання""}, {""bbox"": [87, 588, 1428, 723], ""type"": ""handwritten"", ""text"": ""• відсутність рахування власних цінностей.""}, {""bbox"": [103, 711, 1293, 828], ""type"": ""handwritten"", ""text"": ""Четверте квітня""}, {""bbox"": [126, 841, 444, 947], ""type"": ""handwritten"", ""text"": ""дисциплі""}, {""bbox"": [106, 946, 541, 1039], ""type"": ""handwritten"", ""text"": ""- комерційні""}]"
4574b0a5-fb06-5a4e-a0b2-6b3fe582b9bd.jpg,"[{""bbox"": [1048, 149, 2607, 375], ""type"": ""handwritten"", ""text"": ""Вісімнадцяте листопада""}, {""bbox"": [1381, 313, 2593, 542], ""type"": ""handwritten"", ""text"": ""Домашня робота""}, {""bbox"": [1682, 509, 2004, 678], ""type"": ""handwritten"", ""text"": ""N436""}, {""bbox"": [281, 666, 2564, 971], ""type"": ""handwritten"", ""text"": ""Оскільки AB || CD, то відстань від""}, {""bbox"": [133, 885, 2473, 1196], ""type"": ""handwritten"", ""text"": ""сторони кута пропорційні відрізки""}, {""bbox"": [974, 1103, 2135, 1434], ""type"": ""handwritten"", ""text"": ""звідси AC = (BD * OA) / OB""}, {""bbox"": [309, 1115, 795, 1482], ""type"": ""formula"", ""text"": ""\\frac{OA}{OB} = \\frac{AC}{BD}""}, {""bbox"": [260, 1473, 2817, 1750], ""type"": ""formula"", ""text"": ""Оскільки OB = 6 см, BD = 9 см; OA = 4 см, то""}, {""bbox"": [280, 1708, 1280, 1970], ""type"": ""formula"", ""text"": ""AC = \\frac{9 \\cdot 4}{6} = \\frac{36}{6} = 6""}, {""bbox"": [1344, 1881, 1602, 2063], ""type"": ""handwritten"", ""text"": ""№ 38""}, {""bbox"": [347, 2065, 2800, 2311], ""type"": ""handwritten"", ""text"": ""BD = 6 см, а AC = 12 см (в 2 рази більше),""}, {""bbox"": [166, 2257, 2611, 2529], ""type"": ""handwritten"", ""text"": ""то AO таньх в 2 рази більше чим OB,""}, {""bbox"": [219, 2516, 854, 2664], ""type"": ""formula"", ""text"": ""8 \\cdot 2 = 16 см""}, {""bbox"": [1270, 2704, 1597, 2914], ""type"": ""handwritten"", ""text"": ""N442""}, {""bbox"": [1077, 2876, 2318, 3158], ""type"": ""handwritten"", ""text"": ""Дано відрізки l, n, m.""}, {""bbox"": [924, 3095, 2025, 3316], ""type"": ""handwritten"", ""text"": ""Оскільки x = m/n, то""}, {""bbox"": [128, 2839, 1201, 3686], ""type"": ""graph"", ""text"": """"}, {""bbox"": [1419, 3310, 2307, 3586], ""type"": ""formula"", ""text"": ""\\frac{n}{l} = \\frac{x}{m} \\quad l \\quad \\frac{l}{n} = \\frac{m}{x}""}]"
500996ab-a1ee-55ac-b830-a417bf57a3d2.jpg,"[{""bbox"": [306, 35, 1134, 179], ""type"": ""handwritten"", ""text"": ""Дванадцяте лютого""}, {""bbox"": [204, 137, 963, 273], ""type"": ""handwritten"", ""text"": ""Класна робота""}, {""bbox"": [118, 199, 1497, 379], ""type"": ""handwritten"", ""text"": ""Класна робота""}, {""bbox"": [55, 334, 1606, 503], ""type"": ""handwritten"", ""text"": ""коопераційні програми з градієнсним""}, {""bbox"": [44, 507, 577, 609], ""type"": ""handwritten"", ""text"": ""компактном""}, {""bbox"": [84, 616, 247, 717], ""type"": ""handwritten"", ""text"": ""~~1~~""}, {""bbox"": [89, 697, 1700, 871], ""type"": ""handwritten"", ""text"": ""root.geometry('<рядок параметрів>')""}, {""bbox"": [64, 827, 1624, 992], ""type"": ""handwritten"", ""text"": ""- змінення розмірів і положення вірна""}, {""bbox"": [84, 957, 1695, 1123], ""type"": ""handwritten"", ""text"": ""root ['by'] = 'x' колір > 'z' змінення кольору""}, {""bbox"": [80, 1110, 294, 1213], ""type"": ""handwritten"", ""text"": ""вікна""}, {""bbox"": [111, 1205, 994, 1337], ""type"": ""handwritten"", ""text"": ""from tkinter import""}, {""bbox"": [78, 1327, 637, 1468], ""type"": ""formula"", ""text"": ""m_{обт} = TR(1)""}, {""bbox"": [85, 1444, 1570, 1599], ""type"": ""handwritten"", ""text"": ""root. tituli (Мій перший практикум)""}, {""bbox"": [86, 1567, 1668, 1729], ""type"": ""handwritten"", ""text"": ""root. geometry ( '600x400+200+100' )""}, {""bbox"": [77, 1696, 1025, 1848], ""type"": ""handwritten"", ""text"": ""root ['b d'] = 'yellow'""}, {""bbox"": [97, 1879, 727, 2033], ""type"": ""handwritten"", ""text"": ""Завдання 6.1.1""}, {""bbox"": [93, 2006, 1001, 2144], ""type"": ""handwritten"", ""text"": ""From thirteen import""}, {""bbox"": [93, 2127, 628, 2259], ""type"": ""handwritten"", ""text"": ""root = TR(1)""}, {""bbox"": [95, 2364, 1630, 2463], ""type"": ""handwritten"", ""text"": ""root geometry (1400 x 350 + 200 + 100)""}, {""bbox"": [103, 2429, 870, 2522], ""type"": ""handwritten"", ""text"": ""root [ibg] = іреді""}]"
ab4a0f63-eb5a-5d60-bc2c-f3e482375cf1.jpg,"[{""bbox"": [363, 289, 1492, 537], ""type"": ""formula"", ""text"": ""б) y = x^2, де x > 0""}, {""bbox"": [380, 504, 1434, 920], ""type"": ""table"", ""text"": ""x | 0 | 1 | 2 | 3""}, {""bbox"": [1258, 1588, 1637, 1776], ""type"": ""handwritten"", ""text"": ""N 406""}, {""bbox"": [435, 1793, 2335, 2055], ""type"": ""handwritten"", ""text"": ""y = x^2 - квадратична функція""}, {""bbox"": [569, 1944, 1616, 2162], ""type"": ""handwritten"", ""text"": ""Трафік паробула""}, {""bbox"": [600, 2133, 2054, 2511], ""type"": ""formula"", ""text"": ""x | -3 | -2 | -1 | 0 | 1 | 2 | 3""}, {""bbox"": [645, 2498, 2195, 2694], ""type"": ""handwritten"", ""text"": ""y = 3x + 1 - лінійна функція""}, {""bbox"": [668, 2655, 1213, 2948], ""type"": ""formula"", ""text"": ""\\begin{array}{c|cc} & x & 0 & 1 \\\\ \\hline y & x & 0 & 1 \\\\ y & 4 & 1 & 4 \\end{array}""}, {""bbox"": [151, 3837, 740, 3998], ""type"": ""printed"", ""text"": ""34""}]"
060d7b29-7c95-55ee-bc57-346ea5c41c10.jpg,"[{""bbox"": [381, 68, 2792, 350], ""type"": ""handwritten"", ""text"": ""Найвищий виннавець сучом: робіння мімістрів.""}, {""bbox"": [486, 300, 3192, 586], ""type"": ""handwritten"", ""text"": ""Решіт : (мінімізм (76%), буддизм (16%) і християнство""}, {""bbox"": [554, 526, 1825, 736], ""type"": ""handwritten"", ""text"": ""Варіанта: віка = 100 літами""}, {""bbox"": [491, 733, 2349, 989], ""type"": ""handwritten"", ""text"": ""Імператор Абігайль з 7 асм 1989р.""}, {""bbox"": [487, 934, 2909, 1191], ""type"": ""handwritten"", ""text"": ""Мені подобається Японія, тому що там""}, {""bbox"": [367, 1185, 2809, 1414], ""type"": ""handwritten"", ""text"": ""дивовижно поєднуються давні традиції т""}, {""bbox"": [330, 1385, 3172, 1615], ""type"": ""handwritten"", ""text"": ""у літрасцялам життя. Мене захоплює його культура,""}, {""bbox"": [320, 1587, 3269, 1837], ""type"": ""handwritten"", ""text"": ""повою до деталей. Ятьсячі вільно знаходити крау""}, {""bbox"": [300, 1825, 3254, 2086], ""type"": ""handwritten"", ""text"": ""в пристих релах, цілують природу та гармонію,""}, {""bbox"": [287, 2032, 3071, 2310], ""type"": ""handwritten"", ""text"": ""і це робить країну виглидовою та надихаючою.""}]"
5e1ac17d-4acd-5f47-b40b-d829cf1af6a4.jpg,"[{""bbox"": [3856, 33, 4092, 166], ""type"": ""handwritten"", ""text"": ""14.""}, {""bbox"": [319, 37, 675, 223], ""type"": ""handwritten"", ""text"": ""1. в""}, {""bbox"": [314, 226, 731, 419], ""type"": ""handwritten"", ""text"": ""2. г""}, {""bbox"": [309, 408, 740, 630], ""type"": ""handwritten"", ""text"": ""3. б""}, {""bbox"": [321, 637, 741, 867], ""type"": ""handwritten"", ""text"": ""4. а""}, {""bbox"": [325, 843, 724, 1056], ""type"": ""handwritten"", ""text"": ""5. б""}, {""bbox"": [319, 1072, 659, 1297], ""type"": ""handwritten"", ""text"": ""6. г""}, {""bbox"": [297, 1297, 890, 1515], ""type"": ""handwritten"", ""text"": ""7. г. В""}, {""bbox"": [537, 1535, 858, 1703], ""type"": ""handwritten"", ""text"": ""2. А""}, {""bbox"": [519, 1784, 862, 1974], ""type"": ""handwritten"", ""text"": ""3. Г""}, {""bbox"": [494, 1997, 825, 2196], ""type"": ""handwritten"", ""text"": ""4. Б""}, {""bbox"": [260, 2187, 1414, 2483], ""type"": ""handwritten"", ""text"": ""8. В Г Б А""}, {""bbox"": [254, 2433, 1236, 2747], ""type"": ""handwritten"", ""text"": ""9. 1 ~~А~~ Б""}, {""bbox"": [570, 2673, 1259, 2940], ""type"": ""handwritten"", ""text"": ""2. А Г""}, {""bbox"": [544, 2924, 1178, 3072], ""type"": ""handwritten"", ""text"": ""2 В А""}]"
4c5d63d9-1110-531c-b2fa-e93b9bba4121.jpg,"[{""bbox"": [915, 49, 2133, 259], ""type"": ""handwritten"", ""text"": ""Двадцять друге квітня""}, {""bbox"": [1052, 246, 2097, 441], ""type"": ""handwritten"", ""text"": ""Домашня робота""}, {""bbox"": [1357, 423, 1934, 635], ""type"": ""handwritten"", ""text"": ""Вправа 321""}, {""bbox"": [813, 593, 3375, 824], ""type"": ""handwritten"", ""text"": ""на Софійку хлюпнула мелодія, хвилюююча, легка. Славко легков""}]"
1fea3754-fb07-56c3-a574-82c82a7a3ff4.jpg,"[{""bbox"": [431, 589, 2365, 920], ""type"": ""formula"", ""text"": ""4) 1. \\frac{18}{\\sqrt{3}} = \\frac{18 \\cdot \\sqrt{9}}{\\sqrt{3} \\cdot \\sqrt{3}} = \\frac{18 \\cdot \\sqrt{3}}{3} = 6\\sqrt{3}""}, {""bbox"": [455, 852, 2367, 1189], ""type"": ""formula"", ""text"": ""2. \\frac{5}{\\sqrt{16}} = \\frac{5 \\cdot \\sqrt{15}}{\\sqrt{15} \\cdot \\sqrt{15}} = \\frac{5 \\sqrt{15}}{3} = \\frac{\\sqrt{15}}{3}""}, {""bbox"": [452, 1169, 2357, 1529], ""type"": ""formula"", ""text"": ""3. \\frac{20}{7\\sqrt{10}} = \\frac{20}{7\\sqrt{10}} \\cdot \\frac{\\sqrt{10}}{\\sqrt{10}} = \\frac{20^2 \\sqrt{10}}{7 \\cdot 10^1} = \\frac{2\\sqrt{10}}{7}""}]"
b96aeccd-7ec1-5b35-b362-c0ab85db07dc.jpg,"[{""bbox"": [1160, 298, 1773, 566], ""type"": ""handwritten"", ""text"": ""Вправа 2""}, {""bbox"": [151, 501, 514, 735], ""type"": ""handwritten"", ""text"": ""Дано""}, {""bbox"": [1126, 521, 2926, 774], ""type"": ""formula"", ""text"": ""Q_1 = Tm = 2,3 \\cdot 10^6 \\cdot 50 \\cdot 10^3 = 115 \\cdot 10^9""}, {""bbox"": [1090, 718, 2910, 960], ""type"": ""formula"", ""text"": ""Q_2 = c m (t_1 - t_2) = 4200 \\cdot 50 \\cdot 10^3""}, {""bbox"": [115, 777, 984, 945], ""type"": ""formula"", ""text"": ""m = 50 г = 50 \\cdot 10^{-3} кг""}, {""bbox"": [132, 955, 668, 1146], ""type"": ""formula"", ""text"": ""t_1 = 100^\\circ C""}, {""bbox"": [1088, 946, 2447, 1159], ""type"": ""formula"", ""text"": ""\\cdot (100 - 60) = 8,4 \\cdot 10^3 Дж""}, {""bbox"": [165, 1152, 709, 1335], ""type"": ""formula"", ""text"": ""t_2 = 600^\\circ C""}, {""bbox"": [1158, 1150, 2879, 1367], ""type"": ""handwritten"", ""text"": ""Загальна кількість тенісисти:""}, {""bbox"": [1104, 1320, 2916, 1583], ""type"": ""handwritten"", ""text"": ""Q = Q₁ + Q₂ = (115 + 8,4) · 10³ ≈ 123""}, {""bbox"": [167, 1341, 1038, 1638], ""type"": ""formula"", ""text"": ""br = 2,3 \\cdot 10^6 \\frac{Дж}{кг}""}, {""bbox"": [169, 1598, 893, 1852], ""type"": ""formula"", ""text"": ""C = 4200 \\frac{Дж}{кг \\cdot ^\\circ C}""}, {""bbox"": [250, 1848, 514, 2039], ""type"": ""formula"", ""text"": ""Q - ?""}, {""bbox"": [1185, 2043, 1736, 2280], ""type"": ""handwritten"", ""text"": ""Вправа 3""}, {""bbox"": [277, 2261, 734, 2452], ""type"": ""handwritten"", ""text"": ""Дано:""}, {""bbox"": [1093, 2239, 1891, 2475], ""type"": ""handwritten"", ""text"": ""Розв'язання:""}, {""bbox"": [1115, 2410, 2935, 2653], ""type"": ""formula"", ""text"": ""Q = r m = 2,3 \\cdot 2,5 \\cdot 10^6 = 5,75 \\cdot 10^6""}, {""bbox"": [227, 2444, 962, 2676], ""type"": ""formula"", ""text"": ""m = 2,5 \\cdot 106 \\frac{Дж}{Н \\cdot м}""}, {""bbox"": [1234, 2602, 2946, 2888], ""type"": ""handwritten"", ""text"": ""Відповідь: 5,775 · 10⁶ Дж/кг""}, {""bbox"": [220, 2653, 968, 2889], ""type"": ""formula"", ""text"": ""r = 2, 3 \\frac{Н_2О}{Кл}""}, {""bbox"": [274, 2865, 537, 3041], ""type"": ""formula"", ""text"": ""Q - ?""}]"
92107779-a9bb-59ef-80f0-e0b074acbbc5.jpg,"[{""bbox"": [380, 378, 3399, 691], ""type"": ""handwritten"", ""text"": ""лоромів, нам ви були до Ол-""}, {""bbox"": [394, 624, 2457, 882], ""type"": ""handwritten"", ""text"": ""ді була кримінального""}, {""bbox"": [665, 762, 3722, 1055], ""type"": ""handwritten"", ""text"": ""за нього ви втікали з Огнеполі,""}, {""bbox"": [460, 963, 3518, 1286], ""type"": ""handwritten"", ""text"": ""А за нього не сміються""}, {""bbox"": [460, 1192, 3517, 1507], ""type"": ""handwritten"", ""text"": ""(я як вирушаю до ~~того~~ котра""}, {""bbox"": [419, 1483, 719, 1675], ""type"": ""handwritten"", ""text"": ""на""}, {""bbox"": [464, 1623, 3408, 1915], ""type"": ""handwritten"", ""text"": ""чи вам було інточно?""}, {""bbox"": [562, 1834, 3620, 2156], ""type"": ""handwritten"", ""text"": ""як було але болячого що-буд""}, {""bbox"": [397, 2139, 1612, 2376], ""type"": ""handwritten"", ""text"": ""Було більше""}, {""bbox"": [562, 2272, 3621, 2622], ""type"": ""handwritten"", ""text"": ""як шкодять ім в про цій""}]"
defa144a-9bd4-56f5-b951-c23607449449.jpg,[]
052068c9-4ed7-5f3a-8951-c37a606a5af7.jpg,"[{""bbox"": [844, 44, 2182, 336], ""type"": ""handwritten"", ""text"": ""Третє лютого""}, {""bbox"": [542, 272, 2058, 578], ""type"": ""handwritten"", ""text"": ""Електричне поле""}, {""bbox"": [296, 506, 2167, 805], ""type"": ""handwritten"", ""text"": ""властивості та робота""}, {""bbox"": [209, 725, 580, 1013], ""type"": ""handwritten"", ""text"": ""1) Б""}, {""bbox"": [932, 758, 1348, 1036], ""type"": ""handwritten"", ""text"": ""4) А""}, {""bbox"": [1565, 809, 1926, 1077], ""type"": ""handwritten"", ""text"": ""7) В""}, {""bbox"": [170, 968, 580, 1251], ""type"": ""handwritten"", ""text"": ""2) А""}, {""bbox"": [916, 999, 1337, 1285], ""type"": ""handwritten"", ""text"": ""б) А""}, {""bbox"": [1612, 1050, 2003, 1270], ""type"": ""handwritten"", ""text"": ""8) B""}, {""bbox"": [167, 1205, 572, 1466], ""type"": ""handwritten"", ""text"": ""3) Б""}, {""bbox"": [873, 1277, 1288, 1520], ""type"": ""handwritten"", ""text"": ""6) В""}, {""bbox"": [1594, 1275, 2016, 1529], ""type"": ""handwritten"", ""text"": ""9) B""}]"
65fd757d-857d-53dc-8c51-f875a2553497.jpg,"[{""bbox"": [1125, 197, 2118, 501], ""type"": ""handwritten"", ""text"": ""Дванадцяте грудня""}, {""bbox"": [1196, 433, 2373, 695], ""type"": ""handwritten"", ""text"": ""Домашня робота""}, {""bbox"": [1575, 644, 1895, 846], ""type"": ""handwritten"", ""text"": ""№ 135""}, {""bbox"": [191, 847, 1269, 1261], ""type"": ""formula"", ""text"": ""1) \\begin{array}{c|c|c|c} x & -3 & -0,5 & 2,5 \\\\ \\hline y & 9 & 0,3 & 6,3 \\end{array}""}, {""bbox"": [1518, 873, 2299, 1278], ""type"": ""table"", ""text"": ""x | -2 | 2,2""}, {""bbox"": [174, 1385, 1590, 1546], ""type"": ""formula"", ""text"": ""3) y = 1, якщо x = 2, x = -2, x = 3""}, {""bbox"": [243, 1572, 1692, 1736], ""type"": ""formula"", ""text"": ""y \\geq 1, якщо x = -2, x = -0,5, x = 0""}, {""bbox"": [1250, 1716, 1560, 1911], ""type"": ""handwritten"", ""text"": ""№ 13.7""}, {""bbox"": [170, 1948, 1295, 2116], ""type"": ""formula"", ""text"": ""y = x^2, якщо -2 ≤ x ≤ 3.""}, {""bbox"": [160, 2097, 1744, 2584], ""type"": ""table"", ""text"": ""x | -2 | -1 | 0 | 1 | 2 | 3""}, {""bbox"": [1887, 1927, 3017, 3562], ""type"": ""graph"", ""text"": """"}, {""bbox"": [1475, 3775, 1844, 4000], ""type"": ""handwritten"", ""text"": ""№ 139.""}]"
5eabbc4e-1439-5f92-ab93-bc5416357737.jpg,"[{""bbox"": [452, 252, 3450, 569], ""type"": ""handwritten"", ""text"": ""перій часно. згадував день приїзду.""}, {""bbox"": [351, 477, 3343, 760], ""type"": ""handwritten"", ""text"": ""Історія мови відображає історичні""}, {""bbox"": [350, 702, 3298, 983], ""type"": ""handwritten"", ""text"": ""Займов хлопець років дванадцяти.""}, {""bbox"": [351, 915, 3331, 1202], ""type"": ""handwritten"", ""text"": ""Дорога до Харкова була невеличка.""}, {""bbox"": [351, 1124, 3346, 1411], ""type"": ""handwritten"", ""text"": ""У мене неминуче бажання прочитати""}, {""bbox"": [160, 1375, 2033, 1649], ""type"": ""handwritten"", ""text"": ""твори Олеся Гончара.""}, {""bbox"": [553, 1492, 3548, 1903], ""type"": ""handwritten"", ""text"": ""Олеся Гончара.""}]"
14fce619-19e9-569d-89ff-6a48c7a4f22b.jpg,"[{""bbox"": [232, 29, 1543, 159], ""type"": ""handwritten"", ""text"": ""8. Густота населення України - 70 осіб/км2""}, {""bbox"": [667, 156, 1110, 247], ""type"": ""handwritten"", ""text"": ""за 59 2 е. 155""}, {""bbox"": [251, 238, 1508, 357], ""type"": ""handwritten"", ""text"": ""Найбільшу росі відіграє екологічний чинник.""}, {""bbox"": [242, 341, 1491, 463], ""type"": ""handwritten"", ""text"": ""У зв'язку з вибухом АЕС у Чорнобильські все""}, {""bbox"": [208, 437, 1595, 557], ""type"": ""handwritten"", ""text"": ""ніселяння з того регіону було переселено. Саме""}, {""bbox"": [211, 537, 1609, 651], ""type"": ""handwritten"", ""text"": ""тому у Північній частині країни найменша""}, {""bbox"": [202, 641, 1582, 747], ""type"": ""handwritten"", ""text"": ""густота населення, а на Заході найбільша.""}, {""bbox"": [707, 752, 1092, 837], ""type"": ""handwritten"", ""text"": ""Зад. 3 с. 255""}, {""bbox"": [292, 837, 1683, 957], ""type"": ""handwritten"", ""text"": ""Населеним пунктом називають такі поселення""}, {""bbox"": [217, 948, 1687, 1068], ""type"": ""handwritten"", ""text"": ""викликали як осередки розвитку ремесел та торгівлі""}, {""bbox"": [207, 1052, 1686, 1177], ""type"": ""handwritten"", ""text"": ""оборотні пункти пізніше звільняються за кількіст-""}, {""bbox"": [205, 1160, 1687, 1277], ""type"": ""handwritten"", ""text"": ""населення вони ставали центральними культурами освіт-""}, {""bbox"": [209, 1269, 1578, 1387], ""type"": ""handwritten"", ""text"": ""докуналої та оборонної промисловості різних""}, {""bbox"": [213, 1391, 1048, 1509], ""type"": ""handwritten"", ""text"": ""музей сором послуг.""}, {""bbox"": [277, 1490, 1671, 1622], ""type"": ""handwritten"", ""text"": ""Населений пункт - місця концентрації людей""}, {""bbox"": [202, 1604, 1687, 1748], ""type"": ""handwritten"", ""text"": ""разом із житловою, виробничою та обслуговува-""}, {""bbox"": [198, 1721, 1687, 1856], ""type"": ""handwritten"", ""text"": ""кою забудовою й окуту репами мінаміфталі""}, {""bbox"": [737, 1845, 1303, 1960], ""type"": ""handwritten"", ""text"": ""за вд 4 с. 255""}, {""bbox"": [240, 1996, 585, 2075], ""type"": ""handwritten"", ""text"": ""1913 - 34, 2""}, {""bbox"": [246, 2107, 664, 2201], ""type"": ""formula"", ""text"": ""1940 - 31,3""}]"
dd95254a-5099-5b24-807f-3166bff736af.jpg,"[{""bbox"": [143, 956, 2558, 1205], ""type"": ""handwritten"", ""text"": ""3. ~~Волінські~~ і синтетичні матеріали""}, {""bbox"": [149, 1135, 2609, 1381], ""type"": ""handwritten"", ""text"": ""стали невід'ємними атрибутом сучасного життя. Вони -""}, {""bbox"": [124, 1311, 2497, 1556], ""type"": ""handwritten"", ""text"": ""ченття. Вони займають провідне місце""}, {""bbox"": [108, 1478, 2714, 1745], ""type"": ""handwritten"", ""text"": ""в побуті, будівництві, промисловому вико-""}, {""bbox"": [108, 1663, 2736, 1926], ""type"": ""handwritten"", ""text"": ""різноманітними висо-""}, {""bbox"": [110, 1846, 1907, 2054], ""type"": ""handwritten"", ""text"": ""електроної та іншій частках.""}]"
f88baa22-9e53-545a-af6c-d6c49ba35657.jpg,"[{""bbox"": [3431, 2, 3994, 127], ""type"": ""handwritten"", ""text"": ""~~йду~~ Спрямован""}, {""bbox"": [3468, 151, 4032, 295], ""type"": ""handwritten"", ""text"": ""щоб доб""}, {""bbox"": [3485, 305, 4031, 451], ""type"": ""handwritten"", ""text"": ""За селом""}, {""bbox"": [1524, 382, 2336, 505], ""type"": ""handwritten"", ""text"": ""Одинадцяте лютого""}, {""bbox"": [3459, 464, 4030, 610], ""type"": ""handwritten"", ""text"": ""~~А~~ хмарчиками""}, {""bbox"": [1345, 504, 2418, 677], ""type"": ""handwritten"", ""text"": ""Домашня робота""}, {""bbox"": [3452, 648, 4030, 757], ""type"": ""handwritten"", ""text"": ""ночки, та тих""}, {""bbox"": [1865, 685, 2300, 854], ""type"": ""handwritten"", ""text"": ""Вправа 206""}, {""bbox"": [3456, 795, 4031, 931], ""type"": ""handwritten"", ""text"": ""ховтіють п.с""}, {""bbox"": [531, 868, 3350, 1067], ""type"": ""handwritten"", ""text"": ""А влісі озера. А на березі курінь. А в в. курінь - си-""}, {""bbox"": [3478, 966, 4032, 1100], ""type"": ""handwritten"", ""text"": ""шороді плавали""}, {""bbox"": [463, 1048, 3423, 1258], ""type"": ""handwritten"", ""text"": ""А поруч багаття. І казакок із юшкою. А ~~круг~~ кругом - ні душі""}, {""bbox"": [457, 1222, 3374, 1439], ""type"": ""handwritten"", ""text"": ""2. Погнісінько як людина. Високо здібнає груди, схропує сонно,""}, {""bbox"": [418, 1401, 3373, 1609], ""type"": ""handwritten"", ""text"": ""стійчиво... стійчиво похмуре об камінь хвильками, посмучиться тихо,""}, {""bbox"": [388, 1641, 1207, 1763], ""type"": ""handwritten"", ""text"": ""сонко, розкішсенню.""}, {""bbox"": [365, 1751, 3181, 1979], ""type"": ""handwritten"", ""text"": ""3 А яка вода в Остані! Лагідна, ласкава, мікро-мовкова!""}, {""bbox"": [1642, 1986, 2125, 2153], ""type"": ""handwritten"", ""text"": ""Вправа 208""}, {""bbox"": [459, 2159, 3179, 2356], ""type"": ""handwritten"", ""text"": ""Неповні регечини: Надворі - ясна хоча б одна ніч (звоскладне).""}, {""bbox"": [279, 2349, 2929, 2555], ""type"": ""handwritten"", ""text"": ""Вже де-не-де і димок із димар~~я~~я і звоськинає!""}]"
1e6f8da7-84bf-516e-a4a7-d1cea06b6526.jpg,"[{""bbox"": [88, 61, 432, 142], ""type"": ""handwritten"", ""text"": ""2. Агрегатії""}, {""bbox"": [103, 148, 427, 254], ""type"": ""handwritten"", ""text"": ""3. Нинішнім""}, {""bbox"": [94, 267, 347, 352], ""type"": ""handwritten"", ""text"": ""4. Вели.""}, {""bbox"": [172, 369, 655, 500], ""type"": ""handwritten"", ""text"": ""Будова серця""}, {""bbox"": [87, 493, 370, 591], ""type"": ""handwritten"", ""text"": ""1. Химери""}, {""bbox"": [84, 611, 366, 711], ""type"": ""handwritten"", ""text"": ""2. Шари""}, {""bbox"": [97, 721, 409, 820], ""type"": ""handwritten"", ""text"": ""3. ~~К~~Клініки""}, {""bbox"": [189, 799, 1688, 950], ""type"": ""handwritten"", ""text"": ""Функція серця: забезпечення руху крові; забезпечен-""}, {""bbox"": [96, 922, 1441, 1059], ""type"": ""handwritten"", ""text"": ""скороченням серцевого нізга (кліопарда).""}, {""bbox"": [200, 1046, 1251, 1175], ""type"": ""handwritten"", ""text"": ""Властивості серцевого м'яза.""}, {""bbox"": [89, 1192, 590, 1337], ""type"": ""handwritten"", ""text"": ""1. Збудливість.""}, {""bbox"": [91, 1324, 601, 1440], ""type"": ""handwritten"", ""text"": ""2. провідність""}, {""bbox"": [104, 1444, 674, 1572], ""type"": ""handwritten"", ""text"": ""3. скоротливість""}, {""bbox"": [90, 1566, 633, 1690], ""type"": ""handwritten"", ""text"": ""4. Автоматизм""}, {""bbox"": [258, 1679, 1128, 1815], ""type"": ""handwritten"", ""text"": ""Фази чергового шкну:""}, {""bbox"": [76, 1787, 1489, 1961], ""type"": ""handwritten"", ""text"": ""1. ~~кількість~~ системи передсирця (0, 1 с.)""}, {""bbox"": [98, 1929, 1214, 2099], ""type"": ""handwritten"", ""text"": ""2. Система шлунковив (0,3с.)""}, {""bbox"": [106, 2037, 1567, 2235], ""type"": ""handwritten"", ""text"": ""2. Спілка шкідливих (0,4 с).""}, {""bbox"": [137, 2207, 1315, 2361], ""type"": ""handwritten"", ""text"": ""Один цикл триває 0,8 секунди.""}]"
99c408e3-b079-5abc-b98e-c2e35de1c25d.jpg,"[{""bbox"": [963, 3, 1924, 151], ""type"": ""handwritten"", ""text"": ""Шістте травня""}, {""bbox"": [1006, 133, 2137, 392], ""type"": ""handwritten"", ""text"": ""Домашня робота""}, {""bbox"": [740, 373, 1893, 584], ""type"": ""handwritten"", ""text"": ""Країни Африки""}, {""bbox"": [45, 615, 1068, 796], ""type"": ""handwritten"", ""text"": ""S - 30,3 млн км²""}, {""bbox"": [19, 841, 1662, 1020], ""type"": ""handwritten"", ""text"": ""Населення ≈ 960 млн. осб.""}, {""bbox"": [29, 1053, 2150, 1275], ""type"": ""handwritten"", ""text"": ""Всі країни були колоніальними""}, {""bbox"": [60, 1252, 2817, 1481], ""type"": ""handwritten"", ""text"": ""Більшість країни - республіки, з монархії""}, {""bbox"": [1345, 1486, 1915, 1680], ""type"": ""handwritten"", ""text"": ""- унітатарні""}, {""bbox"": [1354, 1693, 2044, 1871], ""type"": ""handwritten"", ""text"": ""- федераційні""}, {""bbox"": [93, 1863, 3019, 2098], ""type"": ""handwritten"", ""text"": ""Мінеральні ресурси: : нафта, аммози, міді, ашал.""}, {""bbox"": [112, 2086, 2039, 2308], ""type"": ""handwritten"", ""text"": ""Територія умови і ресурси - кустей""}, {""bbox"": [136, 2263, 3024, 2494], ""type"": ""handwritten"", ""text"": ""тівнійша Африка - експорт - нафта, цитрусові, аливи, фінік""}, {""bbox"": [123, 2462, 3002, 2691], ""type"": ""handwritten"", ""text"": ""Західна Африка - експорт - какао, афохіс, папра, аммоди""}, {""bbox"": [145, 2656, 2995, 2892], ""type"": ""handwritten"", ""text"": ""Центральна Африка - експорт - чійні деревини, корис. кон.""}, {""bbox"": [155, 2845, 2752, 3086], ""type"": ""handwritten"", ""text"": ""Східна Африка - експорт - кава, бавовна, тютюн""}, {""bbox"": [159, 3047, 2670, 3275], ""type"": ""handwritten"", ""text"": ""Південна Африка - експорт - мінеральні ресурси""}, {""bbox"": [211, 3215, 3024, 3460], ""type"": ""handwritten"", ""text"": ""Видатні місця: піраміди (Єгипет), руїни м. Кор-""}, {""bbox"": [211, 3410, 2963, 3649], ""type"": ""handwritten"", ""text"": ""француз, Палець-фортепіаніст Гійом Букту, Національно-""}, {""bbox"": [235, 3652, 1520, 3820], ""type"": ""handwritten"", ""text"": ""ний парк Сфеністі""}]"
edd41178-78ed-5e89-bf38-d152db0b3e59.jpg,"[{""bbox"": [214, 252, 2556, 456], ""type"": ""handwritten"", ""text"": ""токсичність аніліну. Широко застосовується""}, {""bbox"": [219, 412, 2532, 630], ""type"": ""handwritten"", ""text"": ""у фарбуванні бавовняних тканин, хутра.""}, {""bbox"": [328, 599, 2578, 793], ""type"": ""handwritten"", ""text"": ""Броміацетовий залізний використовується""}, {""bbox"": [256, 760, 2526, 966], ""type"": ""handwritten"", ""text"": ""як барвник для бавовни, шовку, паперу,""}, {""bbox"": [238, 929, 2422, 1130], ""type"": ""handwritten"", ""text"": ""деревини (барвник малостійкий до дії""}, {""bbox"": [256, 1099, 2520, 1294], ""type"": ""handwritten"", ""text"": ""світла та вологих обробок). В медицині""}, {""bbox"": [250, 1261, 2523, 1488], ""type"": ""handwritten"", ""text"": ""розчин броміанетововою зеленою викорис-""}, {""bbox"": [251, 1456, 2361, 1649], ""type"": ""handwritten"", ""text"": ""поводиться у якості антисептичного""}, {""bbox"": [254, 1638, 1313, 1813], ""type"": ""handwritten"", ""text"": ""лікарського засобу.""}, {""bbox"": [378, 1794, 2517, 1981], ""type"": ""handwritten"", ""text"": ""Метилиновий синій застосовується""}, {""bbox"": [254, 1942, 2576, 2175], ""type"": ""handwritten"", ""text"": ""для фарбування бавовни, шерсті, шовку""}, {""bbox"": [264, 2134, 2468, 2339], ""type"": ""handwritten"", ""text"": ""в яскраво-блакитний колір, але фарба""}, {""bbox"": [276, 2303, 2427, 2519], ""type"": ""handwritten"", ""text"": ""слабостійка до світла. Метиленовий""}, {""bbox"": [264, 2472, 2523, 2694], ""type"": ""handwritten"", ""text"": ""синій використовується в кості акти-""}, {""bbox"": [268, 2656, 2707, 2889], ""type"": ""handwritten"", ""text"": ""сентика, аетидота при отруєнні цианідами.""}, {""bbox"": [268, 2860, 1967, 3069], ""type"": ""handwritten"", ""text"": ""нарним газом та сірководнем.""}]"
722f3510-1231-5e82-8803-a5bd9658337f.jpg,"[{""bbox"": [288, 284, 1748, 472], ""type"": ""handwritten"", ""text"": ""Етнічна спільнота - Спільнота""}, {""bbox"": [307, 416, 1770, 583], ""type"": ""handwritten"", ""text"": ""з єдиною мовою і селянсь-""}, {""bbox"": [345, 531, 831, 644], ""type"": ""handwritten"", ""text"": ""домістю""}, {""bbox"": [709, 605, 1556, 789], ""type"": ""handwritten"", ""text"": ""завдання 11 (ст 272)""}, {""bbox"": [275, 717, 1610, 921], ""type"": ""handwritten"", ""text"": ""~~1)~~ Напрям - складається із""}, {""bbox"": [288, 869, 1688, 1037], ""type"": ""handwritten"", ""text"": ""діяльних етносів, зведених""}, {""bbox"": [280, 997, 1722, 1161], ""type"": ""handwritten"", ""text"": ""з одним історичного долю.""}, {""bbox"": [301, 1133, 1711, 1332], ""type"": ""handwritten"", ""text"": ""Етнос - це стійка сукупність""}, {""bbox"": [230, 1282, 1805, 1456], ""type"": ""handwritten"", ""text"": ""людей, яка історично склалася""}, {""bbox"": [229, 1400, 1525, 1572], ""type"": ""handwritten"", ""text"": ""на певних територіях.""}, {""bbox"": [646, 1521, 1111, 1673], ""type"": ""handwritten"", ""text"": ""завдання 2""}, {""bbox"": [264, 1614, 1776, 1809], ""type"": ""handwritten"", ""text"": ""Нині існують такі нові сім'ї:""}, {""bbox"": [274, 1770, 1160, 1924], ""type"": ""handwritten"", ""text"": ""індосвіропеліська""}, {""bbox"": [263, 1885, 1280, 2031], ""type"": ""handwritten"", ""text"": ""сино-тибетська""}, {""bbox"": [263, 2044, 1029, 2179], ""type"": ""handwritten"", ""text"": ""адріозігілова""}, {""bbox"": [294, 2167, 883, 2280], ""type"": ""handwritten"", ""text"": ""алтайська""}, {""bbox"": [267, 2273, 1560, 2447], ""type"": ""handwritten"", ""text"": ""Українці належать до""}, {""bbox"": [251, 2408, 1718, 2578], ""type"": ""handwritten"", ""text"": ""індивідуальної мовної""}, {""bbox"": [253, 2551, 742, 2697], ""type"": ""handwritten"", ""text"": ""родити.""}]"
fed1ee07-03b4-5220-833f-a1e0e0ea8eed.jpg,"[{""bbox"": [346, 314, 727, 536], ""type"": ""handwritten"", ""text"": ""12) a""}, {""bbox"": [356, 550, 686, 814], ""type"": ""handwritten"", ""text"": ""13) a""}, {""bbox"": [343, 849, 704, 1058], ""type"": ""handwritten"", ""text"": ""14) a""}, {""bbox"": [320, 1093, 653, 1348], ""type"": ""handwritten"", ""text"": ""15) a""}, {""bbox"": [311, 1375, 711, 1601], ""type"": ""handwritten"", ""text"": ""16) б.""}, {""bbox"": [331, 1665, 3229, 1988], ""type"": ""handwritten"", ""text"": ""17) Пити комікливих засобів захисту людей:""}, {""bbox"": [510, 1991, 1259, 2171], ""type"": ""handwritten"", ""text"": ""о сковеліца.""}, {""bbox"": [475, 2236, 2297, 2471], ""type"": ""handwritten"", ""text"": ""о промисловості України.""}, {""bbox"": [451, 2498, 2224, 2752], ""type"": ""handwritten"", ""text"": ""о найпростіші українська - гідро""}, {""bbox"": [527, 2719, 2486, 3049], ""type"": ""handwritten"", ""text"": ""кривини (відкритий та перекривний).""}]"
50df26eb-ecf7-5008-8003-615329dda2cd.jpg,"[{""bbox"": [535, 188, 1259, 328], ""type"": ""handwritten"", ""text"": ""Сімнадцяте лютого""}, {""bbox"": [417, 295, 1271, 450], ""type"": ""handwritten"", ""text"": ""Контрольна робота""}, {""bbox"": [259, 424, 680, 548], ""type"": ""handwritten"", ""text"": ""Варіант""}, {""bbox"": [240, 540, 423, 670], ""type"": ""handwritten"", ""text"": ""1) Б""}, {""bbox"": [231, 642, 434, 782], ""type"": ""handwritten"", ""text"": ""2) б""}, {""bbox"": [229, 758, 434, 895], ""type"": ""handwritten"", ""text"": ""3) Б""}, {""bbox"": [224, 885, 405, 1016], ""type"": ""handwritten"", ""text"": ""4) А""}, {""bbox"": [218, 1004, 399, 1134], ""type"": ""handwritten"", ""text"": ""5) А""}, {""bbox"": [210, 1125, 360, 1250], ""type"": ""handwritten"", ""text"": ""6/B""}, {""bbox"": [210, 1247, 495, 1359], ""type"": ""handwritten"", ""text"": ""8) 1) В""}, {""bbox"": [323, 1356, 526, 1489], ""type"": ""handwritten"", ""text"": ""2) А""}, {""bbox"": [326, 1449, 533, 1596], ""type"": ""handwritten"", ""text"": ""3) Г""}, {""bbox"": [323, 1573, 527, 1711], ""type"": ""handwritten"", ""text"": ""4) Б""}, {""bbox"": [200, 1700, 1605, 1854], ""type"": ""handwritten"", ""text"": ""8) 1) Делікатні - це тварини і рослини що""}, {""bbox"": [212, 1816, 1725, 1981], ""type"": ""handwritten"", ""text"": ""збереглися на певних територіях.""}, {""bbox"": [184, 1932, 1806, 2105], ""type"": ""handwritten"", ""text"": ""2) Брунт-вересній пущаний розрізний""}, {""bbox"": [187, 2065, 1284, 2227], ""type"": ""handwritten"", ""text"": ""мор землі (літосфери)""}, {""bbox"": [170, 2187, 1782, 2346], ""type"": ""handwritten"", ""text"": ""3) Борщук, куниця, кабан, їжак, білка,""}, {""bbox"": [203, 2298, 1579, 2479], ""type"": ""handwritten"", ""text"": ""вовк, лось, бобер, заєць, лисиця.""}]"
b5209011-6e43-5ee6-893b-ce6869ee3a88.jpg,"[{""bbox"": [1410, 317, 2643, 659], ""type"": ""handwritten"", ""text"": ""Тридцяте січня""}, {""bbox"": [1643, 574, 2909, 876], ""type"": ""handwritten"", ""text"": ""Домашня робота""}, {""bbox"": [565, 795, 3548, 1112], ""type"": ""handwritten"", ""text"": ""Іншукрована скелетна, непокидувана,""}, {""bbox"": [199, 1066, 2111, 1347], ""type"": ""handwritten"", ""text"": ""петлюрівська серцева.""}, {""bbox"": [179, 1289, 2493, 1570], ""type"": ""handwritten"", ""text"": ""2. Будівля скелетного м'яза""}, {""bbox"": [164, 1277, 988, 1610], ""type"": ""handwritten"", ""text"": ""2. вузька""}, {""bbox"": [1640, 1585, 2512, 1739], ""type"": ""handwritten"", ""text"": ""1 - сухожильний""}, {""bbox"": [1622, 1702, 2731, 1867], ""type"": ""handwritten"", ""text"": ""2 - хлібороб. черевце""}, {""bbox"": [1628, 1831, 2834, 1988], ""type"": ""handwritten"", ""text"": ""3. - м'язові пучки""}, {""bbox"": [1630, 1939, 2899, 2087], ""type"": ""handwritten"", ""text"": ""3. Захист""}, {""bbox"": [1641, 2053, 2880, 2202], ""type"": ""handwritten"", ""text"": ""5 - м'яцьки""}, {""bbox"": [180, 1583, 1403, 2680], ""type"": ""image"", ""text"": """"}, {""bbox"": [1638, 2174, 2704, 2334], ""type"": ""handwritten"", ""text"": ""в - мінеральні""}, {""bbox"": [1639, 2293, 2889, 2546], ""type"": ""handwritten"", ""text"": ""1. - противіріврізним""}]"
c3442eb5-e4fe-5eb1-9d7b-cbb1c703a991.jpg,"[{""bbox"": [455, 33, 3474, 379], ""type"": ""handwritten"", ""text"": ""Ні, екскрети (наприклад, сеча) часто слу-""}, {""bbox"": [456, 337, 3477, 577], ""type"": ""handwritten"", ""text"": ""психічними ознаками: тварини мігчають""}, {""bbox"": [455, 597, 3476, 907], ""type"": ""handwritten"", ""text"": ""мити територію або приваблюють пар""}, {""bbox"": [355, 880, 3195, 1188], ""type"": ""handwritten"", ""text"": ""рів за допомогою запаху феромонів.""}, {""bbox"": [555, 1099, 3577, 1418], ""type"": ""handwritten"", ""text"": ""Органи виділення людини та продукти:""}, {""bbox"": [455, 1396, 3477, 1714], ""type"": ""handwritten"", ""text"": ""рідини: сировина, підлишок солей та""}, {""bbox"": [410, 1636, 756, 1962], ""type"": ""handwritten"", ""text"": ""води.""}, {""bbox"": [458, 1871, 3476, 2254], ""type"": ""handwritten"", ""text"": ""Листі: вуглекислий газ (CO2) і водяна""}, {""bbox"": [447, 2201, 919, 2448], ""type"": ""handwritten"", ""text"": ""почта.""}, {""bbox"": [455, 2340, 3477, 2824], ""type"": ""handwritten"", ""text"": ""Місця (річ): вода, самі тропічі основини""}]"
c37cf07d-205a-5e6c-973b-8604785ab9ec.jpg,"[{""bbox"": [384, 210, 1365, 438], ""type"": ""handwritten"", ""text"": ""8) в, а, б, г""}, {""bbox"": [354, 375, 2186, 612], ""type"": ""handwritten"", ""text"": ""9) 1 - б; 2 - г; 3 - а; 4 - в""}, {""bbox"": [364, 555, 2711, 786], ""type"": ""handwritten"", ""text"": ""10) НАФТА - міжнародна органі-""}, {""bbox"": [354, 770, 2000, 963], ""type"": ""handwritten"", ""text"": ""зміст в Пів. Америці""}, {""bbox"": [354, 931, 2605, 1161], ""type"": ""handwritten"", ""text"": ""11) Третя січня звичевне число -""}, {""bbox"": [336, 1121, 2670, 1343], ""type"": ""handwritten"", ""text"": ""найбільша тропічна магіс-""}, {""bbox"": [329, 1329, 1366, 1513], ""type"": ""handwritten"", ""text"": ""Граль Бразилії.""}, {""bbox"": [333, 1492, 2625, 1703], ""type"": ""handwritten"", ""text"": ""12) верхівки зпеченої третерії -""}, {""bbox"": [297, 1671, 2662, 1880], ""type"": ""handwritten"", ""text"": ""~~в~~ дерисьви, де витікає реєстру-""}, {""bbox"": [283, 1854, 2656, 2063], ""type"": ""handwritten"", ""text"": ""вати кораблі, бо там дешевше,""}, {""bbox"": [296, 2042, 2224, 2233], ""type"": ""handwritten"", ""text"": ""менше податків і претензій""}, {""bbox"": [308, 2241, 971, 2390], ""type"": ""handwritten"", ""text"": ""правила.""}, {""bbox"": [268, 2385, 2659, 2602], ""type"": ""handwritten"", ""text"": ""13) 1) Стадія свідомості - розпаливальна""}, {""bbox"": [347, 2570, 2343, 2777], ""type"": ""handwritten"", ""text"": ""в Шве- Сором, відома як""}, {""bbox"": [328, 2748, 2615, 2969], ""type"": ""handwritten"", ""text"": ""символ свободи й демократії,""}, {""bbox"": [355, 2926, 2456, 3145], ""type"": ""handwritten"", ""text"": ""податкових слід від Франції.""}, {""bbox"": [286, 3088, 2714, 3322], ""type"": ""handwritten"", ""text"": ""2) Гранд-каньйон - розісмований""}, {""bbox"": [350, 3274, 2383, 3486], ""type"": ""handwritten"", ""text"": ""у місці Аризона, один з""}, {""bbox"": [288, 3432, 2599, 3678], ""type"": ""handwritten"", ""text"": ""найбільших кольорів у світі,""}, {""bbox"": [271, 3610, 2361, 3834], ""type"": ""handwritten"", ""text"": ""сівереній річкою Колорадо.""}]"
15b01904-3e29-5816-abc2-574e00458aea.jpg,"[{""bbox"": [599, 1379, 1241, 1526], ""type"": ""handwritten"", ""text"": ""Десяте лютого""}, {""bbox"": [565, 1509, 1285, 1676], ""type"": ""handwritten"", ""text"": ""Домашня робота""}, {""bbox"": [144, 1555, 2901, 1848], ""type"": ""handwritten"", ""text"": ""Домашня робота""}, {""bbox"": [202, 1717, 2903, 1977], ""type"": ""handwritten"", ""text"": ""1. Образ Красимир Комитеки \""Сто тисяч\""""}, {""bbox"": [190, 1872, 2937, 2132], ""type"": ""handwritten"", ""text"": ""найбільше виснаження якого - загалом.""}, {""bbox"": [161, 2025, 2918, 2282], ""type"": ""handwritten"", ""text"": ""в його розумінні складається з двох поняття - грамати і землі,""}, {""bbox"": [139, 2179, 2960, 2431], ""type"": ""handwritten"", ""text"": ""всі думки його і мрії, розмови і вчинки базуються на них,""}, {""bbox"": [120, 2344, 3000, 2585], ""type"": ""handwritten"", ""text"": ""ви думки його і яри, розмовляв він""}, {""bbox"": [163, 2514, 2811, 2761], ""type"": ""handwritten"", ""text"": ""мо душу з тебе вимагає: хліб з і щас і час чайть\"".""}]"
1857446a-5a5e-53df-9bea-8d439f766b2a.jpg,"[{""bbox"": [428, 107, 791, 330], ""type"": ""handwritten"", ""text"": ""2) a""}, {""bbox"": [471, 330, 842, 592], ""type"": ""handwritten"", ""text"": ""2) в""}, {""bbox"": [455, 596, 818, 835], ""type"": ""handwritten"", ""text"": ""3) г""}, {""bbox"": [472, 849, 854, 1136], ""type"": ""handwritten"", ""text"": ""4) a""}, {""bbox"": [500, 1129, 874, 1361], ""type"": ""handwritten"", ""text"": ""5) a""}, {""bbox"": [486, 1364, 851, 1641], ""type"": ""handwritten"", ""text"": ""6) a""}, {""bbox"": [500, 1631, 874, 1906], ""type"": ""handwritten"", ""text"": ""7) в""}, {""bbox"": [546, 1887, 933, 2141], ""type"": ""handwritten"", ""text"": ""8) в""}, {""bbox"": [553, 2139, 954, 2405], ""type"": ""handwritten"", ""text"": ""д) в""}, {""bbox"": [534, 2344, 1047, 2647], ""type"": ""handwritten"", ""text"": ""до в""}, {""bbox"": [529, 2619, 926, 2918], ""type"": ""handwritten"", ""text"": ""~~88)~~ 8)""}, {""bbox"": [568, 2898, 990, 3144], ""type"": ""handwritten"", ""text"": ""12) в""}, {""bbox"": [552, 3147, 996, 3401], ""type"": ""handwritten"", ""text"": ""В) а""}, {""bbox"": [557, 3373, 1096, 3635], ""type"": ""handwritten"", ""text"": ""14) б""}, {""bbox"": [600, 3605, 1053, 3867], ""type"": ""handwritten"", ""text"": ""15) б""}]"
ebcb201e-e897-53c7-b5f7-5024a33ed378.jpg,"[{""bbox"": [20, 48, 1863, 193], ""type"": ""handwritten"", ""text"": ""розвивати екологічну свідомість, наголошуючи""}, {""bbox"": [12, 174, 1819, 333], ""type"": ""handwritten"", ""text"": ""на впливі температури на емоційно та""}, {""bbox"": [18, 325, 661, 420], ""type"": ""handwritten"", ""text"": ""кінець Землі.""}, {""bbox"": [58, 439, 1938, 609], ""type"": ""handwritten"", ""text"": ""Більша частина джунглів на Землі є теплови-""}, {""bbox"": [15, 605, 623, 731], ""type"": ""handwritten"", ""text"": ""ми дитинства.""}, {""bbox"": [35, 709, 1901, 878], ""type"": ""handwritten"", ""text"": ""Болад 80% усієї екотрофографії в нашій країні""}, {""bbox"": [20, 852, 1718, 1001], ""type"": ""handwritten"", ""text"": ""виробляються на теплових електростанціях.""}, {""bbox"": [35, 984, 1315, 1133], ""type"": ""handwritten"", ""text"": ""Рівень зафіксовання атмосферні:""}, {""bbox"": [26, 1124, 712, 1249], ""type"": ""handwritten"", ""text"": ""- вугілля = 100%""}, {""bbox"": [25, 1261, 668, 1376], ""type"": ""handwritten"", ""text"": ""- маржу = 60%""}, {""bbox"": [25, 1383, 888, 1517], ""type"": ""handwritten"", ""text"": ""- природний газ = 29%""}, {""bbox"": [60, 1513, 823, 1639], ""type"": ""handwritten"", ""text"": ""Види зафіксованих""}, {""bbox"": [28, 1652, 447, 1738], ""type"": ""handwritten"", ""text"": ""• кінцеве;""}, {""bbox"": [25, 1780, 1206, 1914], ""type"": ""handwritten"", ""text"": ""• похичне забруднення повітря;""}, {""bbox"": [36, 1899, 1139, 2025], ""type"": ""handwritten"", ""text"": ""• тепла забруднення повітря;""}, {""bbox"": [44, 2015, 1776, 2184], ""type"": ""handwritten"", ""text"": ""• покишене забруднення риб та водойми від""}, {""bbox"": [109, 2168, 699, 2280], ""type"": ""handwritten"", ""text"": ""зміну колірва)""}, {""bbox"": [47, 2281, 1632, 2429], ""type"": ""handwritten"", ""text"": ""• звукове забруднення від автотранспорту;""}, {""bbox"": [42, 2398, 1737, 2553], ""type"": ""handwritten"", ""text"": ""• екологічні проблеми використання петлюрівських""}, {""bbox"": [109, 2536, 734, 2659], ""type"": ""handwritten"", ""text"": ""факцій на ТЕС.""}]"
435e94ff-044c-52de-b6ba-bdac4f209b67.jpg,"[{""bbox"": [1121, 202, 2544, 399], ""type"": ""handwritten"", ""text"": ""Двадцять п'яте листопада""}, {""bbox"": [1454, 344, 2485, 532], ""type"": ""handwritten"", ""text"": ""Домашня робота""}, {""bbox"": [301, 493, 2661, 722], ""type"": ""handwritten"", ""text"": ""Володимир Сосюра. Коротко про поета.""}, {""bbox"": [232, 636, 2721, 859], ""type"": ""handwritten"", ""text"": ""Патріотичні, інтигні, пейзажні листки""}, {""bbox"": [244, 784, 2496, 1017], ""type"": ""handwritten"", ""text"": ""йому творів. Мовов до Батьківщини""}, {""bbox"": [226, 955, 2414, 1158], ""type"": ""handwritten"", ""text"": ""як важливий складник життя людини""}, {""bbox"": [233, 1097, 2557, 1312], ""type"": ""handwritten"", ""text"": ""(\""Любіть Україну!\"") . ТЛ: громадянська лірика""}, {""bbox"": [328, 1253, 2599, 1454], ""type"": ""handwritten"", ""text"": ""Що його батька який був кресляр за""}, {""bbox"": [264, 1387, 2796, 1606], ""type"": ""handwritten"", ""text"": ""цього його батька хлопець був""}, {""bbox"": [262, 1562, 949, 1755], ""type"": ""handwritten"", ""text"": ""подякають.""}, {""bbox"": [489, 1764, 2349, 2057], ""type"": ""handwritten"", ""text"": ""незгальна ← Україна → сонце""}, {""bbox"": [1, 1871, 218, 1993], ""type"": ""handwritten"", ""text"": ""Клас""}, {""bbox"": [339, 1937, 2497, 2171], ""type"": ""handwritten"", ""text"": ""незначна - ~~біологічна~~""}, {""bbox"": [764, 2075, 1944, 2263], ""type"": ""handwritten"", ""text"": ""сильно непалючим""}, {""bbox"": [302, 2206, 2771, 2425], ""type"": ""handwritten"", ""text"": ""5. Хоровреним, незалежним та незалежним.""}, {""bbox"": [329, 2363, 2637, 2572], ""type"": ""handwritten"", ""text"": ""любити Україну всім своїм серцем, й""}, {""bbox"": [259, 2545, 1292, 2724], ""type"": ""handwritten"", ""text"": ""закликати інших""}, {""bbox"": [318, 2615, 2054, 2846], ""type"": ""handwritten"", ""text"": ""закликати. минуле""}, {""bbox"": [327, 2778, 2727, 3006], ""type"": ""handwritten"", ""text"": ""6. Обереже щодо слухових""}, {""bbox"": [318, 2959, 1082, 3126], ""type"": ""handwritten"", ""text"": ""Легкий землі.""}, {""bbox"": [1, 3001, 269, 3194], ""type"": ""handwritten"", ""text"": ""фермод""}, {""bbox"": [327, 3059, 2532, 3273], ""type"": ""handwritten"", ""text"": ""8. Для того щоб людина розуміла, що""}, {""bbox"": [271, 3204, 2540, 3412], ""type"": ""handwritten"", ""text"": ""потрібно ще рази""}, {""bbox"": [414, 3350, 2660, 3587], ""type"": ""handwritten"", ""text"": ""Тринадцяте лірика-твори, у яких""}]"
5afe97d9-b028-57d3-8d90-5bf34a9dd2aa.jpg,"[{""bbox"": [514, 2, 1084, 93], ""type"": ""handwritten"", ""text"": ""Двадцято дев'яте січня""}, {""bbox"": [488, 59, 858, 147], ""type"": ""handwritten"", ""text"": ""Класна робота""}, {""bbox"": [512, 115, 1448, 235], ""type"": ""handwritten"", ""text"": ""Закон Кулона. Розв'язування задач""}, {""bbox"": [604, 190, 832, 261], ""type"": ""handwritten"", ""text"": ""Вправа 1""}, {""bbox"": [70, 210, 253, 281], ""type"": ""handwritten"", ""text"": ""Дано:""}, {""bbox"": [517, 236, 806, 323], ""type"": ""handwritten"", ""text"": ""Розв'язання""}, {""bbox"": [23, 326, 316, 432], ""type"": ""formula"", ""text"": ""q_1 = 20 \\text{ кг}""}, {""bbox"": [516, 350, 904, 435], ""type"": ""formula"", ""text"": ""F = k \\frac{q_1 q_2}{r^2}""}, {""bbox"": [28, 454, 348, 546], ""type"": ""formula"", ""text"": ""q_2 = -30 Кл""}, {""bbox"": [517, 450, 991, 575], ""type"": ""formula"", ""text"": ""k = 9 \\cdot 10^9 \\frac{U \\cdot m^2}{\\chi m^2}""}, {""bbox"": [18, 580, 479, 651], ""type"": ""formula"", ""text"": ""l = 30 км = 3 \\cdot 10^4""}, {""bbox"": [522, 566, 1773, 712], ""type"": ""formula"", ""text"": ""F = 9 \\cdot 10^9 \\frac{20 \\cdot 30}{(3 \\cdot 10^4)^2} = \\frac{600 \\cdot 10^9}{10^8} = 6000 Н""}, {""bbox"": [97, 690, 210, 769], ""type"": ""formula"", ""text"": ""F - ?""}, {""bbox"": [504, 714, 1029, 824], ""type"": ""handwritten"", ""text"": ""Відповідь: 6000 Н""}, {""bbox"": [810, 859, 1051, 944], ""type"": ""handwritten"", ""text"": ""Вправа 2""}, {""bbox"": [55, 967, 233, 1035], ""type"": ""handwritten"", ""text"": ""Дано:""}, {""bbox"": [568, 973, 880, 1061], ""type"": ""handwritten"", ""text"": ""Розв'язання""}, {""bbox"": [585, 1092, 912, 1184], ""type"": ""formula"", ""text"": ""F = k \\frac{q_1 q_2}{r^2}""}, {""bbox"": [19, 1089, 283, 1192], ""type"": ""formula"", ""text"": ""q_1 = 1K_1""}, {""bbox"": [585, 1187, 1499, 1300], ""type"": ""formula"", ""text"": ""r^2 = k \\frac{q_1 q_2}{r} = 9 \\cdot 10^9 \\frac{1 + 1}{9 \\cdot 10^9} = 10^6""}, {""bbox"": [29, 1211, 541, 1306], ""type"": ""formula"", ""text"": ""F = g \\rho H = g \\cdot 10^3""}, {""bbox"": [583, 1337, 1276, 1424], ""type"": ""formula"", ""text"": ""r = \\sqrt{10^6} = 10^3 = 1000 м""}, {""bbox"": [23, 1351, 291, 1457], ""type"": ""formula"", ""text"": ""q_2 = 1 кг""}, {""bbox"": [74, 1472, 218, 1557], ""type"": ""formula"", ""text"": ""2 - ?""}, {""bbox"": [595, 1477, 1054, 1573], ""type"": ""handwritten"", ""text"": ""Відповідь: 1000м""}, {""bbox"": [762, 1621, 1020, 1702], ""type"": ""handwritten"", ""text"": ""Вправа 3""}, {""bbox"": [374, 1753, 743, 1839], ""type"": ""handwritten"", ""text"": ""Розв'язання""}, {""bbox"": [45, 1768, 243, 1840], ""type"": ""handwritten"", ""text"": ""Дано:""}, {""bbox"": [22, 1909, 224, 1980], ""type"": ""formula"", ""text"": ""v = 3 м""}, {""bbox"": [386, 1886, 730, 1988], ""type"": ""formula"", ""text"": ""q_1 = q_2 = q""}, {""bbox"": [376, 1997, 778, 2114], ""type"": ""formula"", ""text"": ""F = k \\frac{q_1 q_2}{r^2}""}, {""bbox"": [20, 2021, 337, 2124], ""type"": ""formula"", ""text"": ""F = 0,444""}, {""bbox"": [371, 2137, 700, 2246], ""type"": ""formula"", ""text"": ""F = k \\frac{q_1 q_2}{r^2}""}, {""bbox"": [50, 2313, 374, 2423], ""type"": ""formula"", ""text"": ""kq^2 = Fг^2""}, {""bbox"": [44, 2333, 1456, 2565], ""type"": ""formula"", ""text"": ""kq^2 = F_{el} \\n q^2 = \\frac{F_{el} \\cdot k}{k} = \\frac{F_{el}}{k} = \\sqrt{\\frac{0,4}{10^9}} = \\sqrt{\\frac{0,4}{10^9}} = 4 \\cdot 10^{-10}""}]"
555fde63-5903-5962-8976-d76559248573.jpg,"[{""bbox"": [1007, 72, 1966, 286], ""type"": ""handwritten"", ""text"": ""Тринадцяте січня""}, {""bbox"": [1089, 241, 1857, 398], ""type"": ""handwritten"", ""text"": ""Домашня робота""}, {""bbox"": [1344, 389, 1629, 522], ""type"": ""handwritten"", ""text"": ""№ 15.3""}, {""bbox"": [210, 505, 1270, 771], ""type"": ""formula"", ""text"": ""\\frac{AP}{PC} = \\frac{AB}{BC} ; \\frac{5}{PC} = \\frac{1}{2} ;""}, {""bbox"": [229, 790, 792, 919], ""type"": ""formula"", ""text"": ""1. PE = 5 \\cdot 2;""}, {""bbox"": [237, 935, 831, 1099], ""type"": ""formula"", ""text"": ""PC = 10 см.""}, {""bbox"": [1299, 1120, 1614, 1334], ""type"": ""handwritten"", ""text"": ""№ 15.5""}, {""bbox"": [169, 1368, 1541, 1616], ""type"": ""formula"", ""text"": ""\\frac{LA}{AN} = \\frac{ML}{MN} ; \\frac{LA}{AN} = \\frac{4}{16} = 1 : 4.""}, {""bbox"": [56, 1586, 1262, 2416], ""type"": ""graph"", ""text"": """"}, {""bbox"": [1199, 2356, 1532, 2507], ""type"": ""handwritten"", ""text"": ""№ 15.7""}, {""bbox"": [121, 2510, 1868, 2749], ""type"": ""formula"", ""text"": ""1) AB \\angle ABC \\text{ і } \\frac{MP}{PD} = \\frac{MK}{DK}, \\text{ то } PD \\angle DK.""}, {""bbox"": [125, 2747, 1402, 2954], ""type"": ""handwritten"", ""text"": ""2) за умовою BD = 3 см.""}, {""bbox"": [123, 2937, 1825, 3167], ""type"": ""formula"", ""text"": ""3) \\frac{6}{8} = \\frac{3}{\\Delta K}; 6 \\cdot \\Delta K = 24; \\Delta K = 4 \\text{ сім.}""}, {""bbox"": [113, 3181, 964, 3343], ""type"": ""formula"", ""text"": ""4) PK = 3 + 4 = 7 см.""}, {""bbox"": [133, 3405, 835, 3586], ""type"": ""handwritten"", ""text"": ""Відповідь: 7 см""}]"
c75a79da-ba0b-5e6f-9d0f-1732e1910456.jpg,"[{""bbox"": [104, 73, 1145, 193], ""type"": ""handwritten"", ""text"": ""8. Розв'яжіть рівняння:""}, {""bbox"": [194, 189, 942, 296], ""type"": ""formula"", ""text"": ""\\sqrt{17 + 2x - 3x^2} = x + 1""}, {""bbox"": [196, 286, 1133, 433], ""type"": ""formula"", ""text"": ""(\\sqrt{17 + 2x - 3x^2})^2 = (x + 1)^2""}, {""bbox"": [257, 447, 1093, 562], ""type"": ""formula"", ""text"": ""17 + 2x - 3x^2 = x^2 + 2x + 1""}, {""bbox"": [250, 579, 1217, 708], ""type"": ""formula"", ""text"": ""-3x^2 - x^2 + 2x - 2x = -17 + 1""}, {""bbox"": [258, 723, 708, 827], ""type"": ""formula"", ""text"": ""-4x^2 = -16""}, {""bbox"": [380, 840, 613, 953], ""type"": ""formula"", ""text"": ""x^2 = 4""}, {""bbox"": [301, 1008, 918, 1109], ""type"": ""formula"", ""text"": ""x_1 = 2 ; x_2 = -2""}, {""bbox"": [135, 1123, 1393, 1260], ""type"": ""handwritten"", ""text"": ""Перевіримо порівні на вірність:""}, {""bbox"": [171, 1242, 910, 1362], ""type"": ""formula"", ""text"": ""\\sqrt{17 + 2 \\cdot 2 - 3 \\cdot 2^2} = 2 + 1""}, {""bbox"": [1073, 1239, 1970, 1365], ""type"": ""formula"", ""text"": ""\\sqrt{17 + 2 \\cdot (-2) - 3 \\cdot (-2)^2} = 2 + 1""}, {""bbox"": [270, 1382, 554, 1470], ""type"": ""formula"", ""text"": ""\\sqrt{9} = 3""}, {""bbox"": [1276, 1378, 1589, 1472], ""type"": ""handwritten"", ""text"": ""√25 = 3""}, {""bbox"": [340, 1471, 528, 1538], ""type"": ""formula"", ""text"": ""3 = 3""}, {""bbox"": [1354, 1474, 1571, 1540], ""type"": ""handwritten"", ""text"": ""5 ≠ 3""}, {""bbox"": [150, 1582, 781, 1717], ""type"": ""handwritten"", ""text"": ""Відповідь: x = 2""}]"
cab9e50b-4442-5006-86b3-9fa616fbc1bd.jpg,"[{""bbox"": [597, 177, 1044, 335], ""type"": ""handwritten"", ""text"": ""1. a""}, {""bbox"": [598, 417, 1054, 650], ""type"": ""handwritten"", ""text"": ""2. в""}, {""bbox"": [619, 734, 1050, 958], ""type"": ""handwritten"", ""text"": ""3. a""}, {""bbox"": [599, 1032, 1079, 1262], ""type"": ""handwritten"", ""text"": ""4. в""}, {""bbox"": [640, 1326, 1104, 1574], ""type"": ""handwritten"", ""text"": ""5. б""}, {""bbox"": [633, 1695, 1080, 1898], ""type"": ""handwritten"", ""text"": ""6. a""}, {""bbox"": [641, 2025, 1102, 2213], ""type"": ""handwritten"", ""text"": ""7. a""}, {""bbox"": [685, 2343, 1105, 2530], ""type"": ""handwritten"", ""text"": ""8. a""}, {""bbox"": [684, 2554, 1546, 2869], ""type"": ""handwritten"", ""text"": ""9. в, б, б, а""}, {""bbox"": [671, 2958, 1143, 3150], ""type"": ""handwritten"", ""text"": ""10. a""}, {""bbox"": [675, 3290, 1160, 3489], ""type"": ""handwritten"", ""text"": ""11. a""}, {""bbox"": [697, 3550, 1179, 3800], ""type"": ""handwritten"", ""text"": ""11. a""}]"
cab6a855-d6ae-5d1c-a6f2-814bfb4c8c64.jpg,"[{""bbox"": [555, 483, 3576, 812], ""type"": ""handwritten"", ""text"": ""троє яриди вкусило похуку""}, {""bbox"": [454, 696, 3477, 1036], ""type"": ""handwritten"", ""text"": ""вологі на зразі потім холодний син""}, {""bbox"": [454, 896, 3477, 1245], ""type"": ""handwritten"", ""text"": ""володіти на звірі та інші""}, {""bbox"": [353, 1104, 3376, 1451], ""type"": ""handwritten"", ""text"": ""Оскільки швидкість сучасних були""}, {""bbox"": [353, 1317, 3376, 1682], ""type"": ""handwritten"", ""text"": ""Олекси Шевченко сучасність""}]"
172ded73-72b7-50cd-ac5f-1fb6e90a9496.jpg,"[{""bbox"": [251, 1043, 2028, 1160], ""type"": ""printed"", ""text"": ""170 І. Спишіть речення, розкриваючи дужки. Доведіть, що всі ці ці речення є узагальнюю-""}, {""bbox"": [260, 1104, 1337, 1192], ""type"": ""printed"", ""text"": ""170 І. Спишіть речення, розкриваючи дужки. Доберіть""}, {""bbox"": [273, 1196, 1796, 1318], ""type"": ""printed"", ""text"": ""1. Вовка пастухом (не)ставлять 2. (Не)хвали коня, поки з дор-""}, {""bbox"": [2244, 1265, 3024, 1353], ""type"": ""printed"", ""text"": ""1. Ми - яскраві особистості. Ос-""}, {""bbox"": [1004, 1431, 1373, 1574], ""type"": ""handwritten"", ""text"": ""вправа 170""}, {""bbox"": [438, 1519, 1944, 1693], ""type"": ""handwritten"", ""text"": ""1. Вовка пошуємо не сповіяємь-""}, {""bbox"": [432, 1631, 2424, 1820], ""type"": ""handwritten"", ""text"": ""1. Боюся потупитися не вийшло""}, {""bbox"": [411, 1755, 2338, 1929], ""type"": ""handwritten"", ""text"": ""3. Як ало почніть, то дощів не просять""}, {""bbox"": [405, 1871, 2381, 2067], ""type"": ""handwritten"", ""text"": ""4. П'єменаймо в серці кожне громо, крокоте""}, {""bbox"": [405, 2017, 1127, 2161], ""type"": ""handwritten"", ""text"": ""диво, коли мове.""}, {""bbox"": [389, 2102, 2452, 2304], ""type"": ""handwritten"", ""text"": ""5. Любіть правдину, і непоринну, і саме завжди-""}, {""bbox"": [377, 2274, 959, 2409], ""type"": ""handwritten"", ""text"": ""чилього дня.""}, {""bbox"": [356, 2344, 2440, 2546], ""type"": ""handwritten"", ""text"": ""6. Дивитися і не подивитися, дишати і не нади-""}, {""bbox"": [363, 2509, 2458, 2698], ""type"": ""handwritten"", ""text"": ""шення чинників, гарячим і похудіння повітрям.""}]"
83fb89dc-812a-5be8-9405-7847a23e46dc.jpg,"[{""bbox"": [306, 202, 2382, 644], ""type"": ""handwritten"", ""text"": ""12. Дано: Розв'язання:""}, {""bbox"": [408, 593, 1348, 833], ""type"": ""formula"", ""text"": ""n = 3,2 \\cdot 10^{23}""}, {""bbox"": [1458, 643, 1954, 889], ""type"": ""formula"", ""text"": ""q = n \\cdot e""}, {""bbox"": [403, 876, 1337, 1109], ""type"": ""formula"", ""text"": ""e = 1,6 \\cdot 10^{-19} Кл""}, {""bbox"": [1489, 888, 3538, 1292], ""type"": ""formula"", ""text"": ""n = \\frac{q}{e} = \\frac{32 \\cdot 10^{-9}}{1,6 \\cdot 10^{-19}} = 2 \\cdot 10^{11}""}, {""bbox"": [401, 1099, 870, 1407], ""type"": ""formula"", ""text"": ""y - ?""}, {""bbox"": [1525, 1239, 2835, 1627], ""type"": ""handwritten"", ""text"": ""Відповідь: 2 · 10¹¹""}]"
f4d6f199-7aee-5419-9a23-131957acc3a6.jpg,"[{""bbox"": [531, 42, 988, 135], ""type"": ""handwritten"", ""text"": ""Сьоме квітня""}, {""bbox"": [497, 150, 1030, 258], ""type"": ""handwritten"", ""text"": ""Домашня робота""}, {""bbox"": [422, 256, 1524, 387], ""type"": ""handwritten"", ""text"": ""Густота населення світу й України""}, {""bbox"": [172, 364, 1659, 488], ""type"": ""handwritten"", ""text"": ""Густота населення - це показник кількості жителів-""}, {""bbox"": [113, 474, 1665, 600], ""type"": ""handwritten"", ""text"": ""ного киселення, що припадає на одиницю площі""}, {""bbox"": [134, 580, 1056, 692], ""type"": ""handwritten"", ""text"": ""(1 км²) певної території:""}, {""bbox"": [244, 684, 1654, 818], ""type"": ""handwritten"", ""text"": ""Густота населення розраховують за формулою:""}, {""bbox"": [205, 804, 636, 903], ""type"": ""formula"", ""text"": ""r = n : n, де""}, {""bbox"": [153, 919, 1178, 1025], ""type"": ""handwritten"", ""text"": ""Г - густота населення (осіб/км²)""}, {""bbox"": [151, 1036, 1083, 1132], ""type"": ""handwritten"", ""text"": ""Н - кількості населення (осіб)""}, {""bbox"": [146, 1142, 1014, 1259], ""type"": ""handwritten"", ""text"": ""П - площа території. (км²)""}, {""bbox"": [672, 1283, 925, 1371], ""type"": ""handwritten"", ""text"": ""Задача 1""}, {""bbox"": [116, 1388, 780, 1491], ""type"": ""formula"", ""text"": ""1) 100% - 70% = 30%""}, {""bbox"": [125, 1514, 878, 1609], ""type"": ""formula"", ""text"": ""2) 100% - 10 млн осіб""}, {""bbox"": [208, 1647, 844, 1730], ""type"": ""formula"", ""text"": ""30% - x млн осіб""}, {""bbox"": [202, 1769, 1033, 1933], ""type"": ""formula"", ""text"": ""x = \\frac{30 \\cdot 10}{100} = 3 \\text{ млн осіб}""}, {""bbox"": [118, 2024, 481, 2121], ""type"": ""formula"", ""text"": ""3) r = n : n""}, {""bbox"": [196, 2119, 1457, 2260], ""type"": ""handwritten"", ""text"": ""3 млн. осіб : 60 тис. км² = 50 осіб км²""}]"
c16ac84e-1a17-54a2-a5db-3421e9870ad1.jpg,"[{""bbox"": [882, 199, 1945, 382], ""type"": ""handwritten"", ""text"": ""Домашня робота""}, {""bbox"": [6, 258, 254, 382], ""type"": ""handwritten"", ""text"": ""12.01""}, {""bbox"": [1183, 387, 1559, 525], ""type"": ""handwritten"", ""text"": ""N 13.6""}, {""bbox"": [316, 511, 2445, 771], ""type"": ""formula"", ""text"": ""1) \\cos(\\alpha + \\frac{\\pi}{6}) = \\cos\\alpha \\cos\\frac{\\pi}{6} - \\sin\\alpha \\sin\\frac{\\pi}{6} =""}, {""bbox"": [303, 727, 1328, 952], ""type"": ""formula"", ""text"": ""cos 2 = \\frac{\\sqrt{3}}{2} - sin 2 \\frac{1}{2}""}, {""bbox"": [311, 967, 2473, 1223], ""type"": ""formula"", ""text"": ""2) sin(2 - \\frac{\\pi}{3}) = sin2 cos \\frac{\\pi}{3} - sin \\frac{\\pi}{3} cos 2 =""}, {""bbox"": [312, 1248, 1415, 1466], ""type"": ""formula"", ""text"": ""= \\sin \\alpha \\cdot \\frac{1}{2} - \\cos \\alpha \\cdot \\frac{\\sqrt{3}}{2}""}, {""bbox"": [316, 1527, 2740, 1743], ""type"": ""handwritten"", ""text"": ""3) cos(45° - α) = cos 45° cos α + sin 45° sin α =""}, {""bbox"": [301, 1814, 1255, 2054], ""type"": ""formula"", ""text"": ""= \\frac{\\sqrt{2}}{2} (\\cos 2t + \\sin 2t)""}, {""bbox"": [294, 2062, 2736, 2278], ""type"": ""handwritten"", ""text"": ""4) sin(α + 60°) = sinα cos60° + sin60° cosα =""}, {""bbox"": [317, 2304, 1352, 2572], ""type"": ""formula"", ""text"": ""= \\frac{\\sin \\alpha}{2} + \\cos \\alpha \\frac{\\sqrt{3}}{2}""}, {""bbox"": [1214, 2554, 1509, 2719], ""type"": ""handwritten"", ""text"": ""№ 13.8""}, {""bbox"": [316, 2724, 2538, 2943], ""type"": ""handwritten"", ""text"": ""1) cos(π/2 - x) = cos π/2 cos x + sin π/2 sin x =""}, {""bbox"": [308, 2937, 845, 3097], ""type"": ""formula"", ""text"": ""= sin x +""}, {""bbox"": [305, 3205, 1477, 3397], ""type"": ""formula"", ""text"": ""2) \\sin(\\frac{3\\pi}{2} + x) = -\\cos x""}, {""bbox"": [295, 3392, 2091, 3618], ""type"": ""formula"", ""text"": ""sin 3π/2 cos α + sin α cos 3π/2 = -cos α""}, {""bbox"": [295, 3633, 1271, 3793], ""type"": ""formula"", ""text"": ""- cos x + 0 = - cos x""}, {""bbox"": [313, 3779, 1079, 3926], ""type"": ""handwritten"", ""text"": ""- cos d = - cos d""}]"
6440b626-9bee-5f44-9dac-951de7044424.jpg,"[{""bbox"": [138, 159, 1362, 374], ""type"": ""formula"", ""text"": ""a) x^4 - 3x^2 - 4 = 0""}, {""bbox"": [211, 328, 1637, 576], ""type"": ""formula"", ""text"": ""Заміна: x' = t, t = 0""}, {""bbox"": [499, 524, 1355, 739], ""type"": ""formula"", ""text"": ""t^2 - 3t - 4 = 0""}, {""bbox"": [374, 716, 1820, 968], ""type"": ""formula"", ""text"": ""D = (-3)^2 - 4 \\cdot 1 \\cdot (-4) = 25""}, {""bbox"": [258, 929, 1300, 1257], ""type"": ""formula"", ""text"": ""t_{1,2} = \\frac{3 - 5}{2 \\cdot 1} = \\frac{-4}{2}""}, {""bbox"": [423, 1201, 2760, 1478], ""type"": ""formula"", ""text"": ""t_1 = 4 \\quad t_2 = 1 \\quad x^2 = 4 \\quad x^2 = 2 \\quad x = \\pm 2 \\quad x = \\pm 1""}, {""bbox"": [192, 1404, 1585, 1644], ""type"": ""formula"", ""text"": ""8) x^4 - 10x^2 + 9 = 0""}, {""bbox"": [305, 1616, 1617, 1829], ""type"": ""formula"", ""text"": ""Заміна: x^2 = t, t \\geq 0""}, {""bbox"": [405, 1802, 1417, 2024], ""type"": ""formula"", ""text"": ""t^2 - 10t + 9 = 0""}, {""bbox"": [405, 2004, 1206, 2199], ""type"": ""formula"", ""text"": ""\\begin{cases} t_1 + t_2 = 10 \\end{cases}""}, {""bbox"": [400, 2173, 1111, 2394], ""type"": ""formula"", ""text"": ""t_1 \\cdot t_2 = 9""}, {""bbox"": [848, 2357, 1429, 2583], ""type"": ""handwritten"", ""text"": ""або t₂ = 9""}, {""bbox"": [1097, 2580, 1626, 2773], ""type"": ""handwritten"", ""text"": ""або x² = 9""}, {""bbox"": [430, 2620, 893, 2782], ""type"": ""formula"", ""text"": ""x^4 = 10""}, {""bbox"": [1200, 2792, 1611, 2949], ""type"": ""formula"", ""text"": ""x = \\pm 3""}, {""bbox"": [448, 2807, 943, 2958], ""type"": ""formula"", ""text"": ""x = \\pm 1""}, {""bbox"": [256, 2947, 1461, 3179], ""type"": ""formula"", ""text"": ""b) x^4 - 7x^2 + 12 = 0""}, {""bbox"": [305, 3151, 1569, 3356], ""type"": ""handwritten"", ""text"": ""Заміна : x^2 = t, t ≥ 0""}, {""bbox"": [361, 3318, 1283, 3527], ""type"": ""formula"", ""text"": ""t^2 - 7t + 12 = 0""}, {""bbox"": [1696, 3474, 2710, 3700], ""type"": ""formula"", ""text"": ""x^1 = 4 або x^2 = 3""}, {""bbox"": [370, 3508, 1077, 3706], ""type"": ""formula"", ""text"": ""t_1 + t_2 = 12""}, {""bbox"": [374, 3676, 1419, 3913], ""type"": ""formula"", ""text"": ""t_1 = 4 \\quad \\text{або} \\quad t_2 = 3""}, {""bbox"": [2288, 3698, 2782, 3898], ""type"": ""formula"", ""text"": ""x = \\pm 1""}, {""bbox"": [1599, 3719, 2132, 3906], ""type"": ""formula"", ""text"": ""x = \\pm 2""}]"
8fe7dd6d-ec76-538a-a07a-1d30573dbec0.jpg,"[{""bbox"": [216, 387, 2616, 655], ""type"": ""handwritten"", ""text"": ""1. Мультиплексія - це комбінування""}, {""bbox"": [211, 565, 2524, 805], ""type"": ""handwritten"", ""text"": ""де відбувалися""}, {""bbox"": [206, 715, 2629, 979], ""type"": ""handwritten"", ""text"": ""інформації на одному кольорі,""}, {""bbox"": [216, 887, 2752, 1156], ""type"": ""handwritten"", ""text"": ""популяція текстильної, звірної""}, {""bbox"": [219, 1053, 2569, 1311], ""type"": ""handwritten"", ""text"": ""і прорицаної або, останнім""}, {""bbox"": [244, 1213, 2963, 1491], ""type"": ""handwritten"", ""text"": ""дого, останнім""}, {""bbox"": [135, 1388, 2579, 1663], ""type"": ""handwritten"", ""text"": ""2. - тексти, рухомі і нерухомі""}, {""bbox"": [155, 1570, 2507, 1830], ""type"": ""handwritten"", ""text"": ""уягітник зображена оцвіта""}, {""bbox"": [193, 1759, 1738, 1958], ""type"": ""handwritten"", ""text"": ""та відго одержати.""}, {""bbox"": [92, 1919, 2525, 2173], ""type"": ""handwritten"", ""text"": ""3. саганок (нагибуха), струм""}, {""bbox"": [126, 2112, 2274, 2340], ""type"": ""handwritten"", ""text"": ""того, перетворений на""}, {""bbox"": [142, 2292, 2445, 2516], ""type"": ""handwritten"", ""text"": ""вівому проміжному чену.""}, {""bbox"": [85, 2475, 2135, 2679], ""type"": ""handwritten"", ""text"": ""4. диктантний листок""}, {""bbox"": [129, 2634, 2667, 2884], ""type"": ""handwritten"", ""text"": ""магакама іннердименсіональний""}, {""bbox"": [79, 2833, 2738, 3087], ""type"": ""handwritten"", ""text"": ""показання якого може зміню-""}, {""bbox"": [61, 3034, 2529, 3287], ""type"": ""handwritten"", ""text"": ""вони тільки перекинуто""}, {""bbox"": [91, 3212, 3020, 3490], ""type"": ""handwritten"", ""text"": ""та мати тільки екіпажу тяжкій""}, {""bbox"": [65, 3430, 670, 3632], ""type"": ""handwritten"", ""text"": ""5. PPT""}]"
728d28d0-1c0a-53eb-8cd1-5d2123cf0a90.jpg,"[{""bbox"": [46, 251, 112, 285], ""type"": ""handwritten"", ""text"": ""8) a;""}, {""bbox"": [45, 294, 111, 332], ""type"": ""handwritten"", ""text"": ""2) г;""}, {""bbox"": [48, 333, 110, 372], ""type"": ""handwritten"", ""text"": ""3) б;""}, {""bbox"": [46, 361, 493, 424], ""type"": ""handwritten"", ""text"": ""4) 1 - a; 2 - в; 3 - б; 4 - д;""}, {""bbox"": [49, 420, 182, 456], ""type"": ""handwritten"", ""text"": ""5) Дано:""}, {""bbox"": [50, 458, 345, 506], ""type"": ""handwritten"", ""text"": ""Δ ABC - правильний""}, {""bbox"": [51, 503, 402, 546], ""type"": ""formula"", ""text"": ""AB = BC = AC = 2\\sqrt{3} см""}, {""bbox"": [50, 556, 243, 589], ""type"": ""formula"", ""text"": ""MH = \\sqrt{61} см""}, {""bbox"": [57, 591, 346, 635], ""type"": ""handwritten"", ""text"": ""Знайти: MD - ?""}, {""bbox"": [41, 643, 245, 692], ""type"": ""handwritten"", ""text"": ""Розв'язання:""}, {""bbox"": [46, 679, 663, 733], ""type"": ""formula"", ""text"": ""MD^2 = MH^2 + DH^2 \\Rightarrow MD = \\sqrt{MH^2 + DH^2}""}, {""bbox"": [46, 732, 679, 793], ""type"": ""handwritten"", ""text"": ""Дано: r; r = √3/6 a, де a - сторона""}, {""bbox"": [44, 778, 545, 829], ""type"": ""formula"", ""text"": ""ОH = 2 = \\frac{\\sqrt{3}}{2} \\cdot 2\\sqrt{3} = 1, тоді""}, {""bbox"": [48, 815, 606, 880], ""type"": ""formula"", ""text"": ""MD = \\sqrt{(6)^2 + 1^2} = \\sqrt{6 + 1} = \\sqrt{7} \\text{ см}""}, {""bbox"": [47, 931, 174, 971], ""type"": ""handwritten"", ""text"": ""Дано:""}, {""bbox"": [24, 989, 248, 1031], ""type"": ""formula"", ""text"": ""AK = 4\\sqrt{2} см""}, {""bbox"": [398, 900, 642, 1131], ""type"": ""graph"", ""text"": """"}, {""bbox"": [26, 1033, 372, 1084], ""type"": ""formula"", ""text"": ""∠ABH = ∠ACH = 45°""}, {""bbox"": [18, 1097, 224, 1140], ""type"": ""formula"", ""text"": ""∠BAC = 60°""}, {""bbox"": [17, 1137, 317, 1191], ""type"": ""handwritten"", ""text"": ""Знайти: BC - ?""}]"
eed1b246-adc9-5e9a-9ff8-f4d5122c5552.jpg,"[{""bbox"": [972, 140, 1728, 315], ""type"": ""handwritten"", ""text"": ""Третє квітня""}, {""bbox"": [939, 289, 1959, 455], ""type"": ""handwritten"", ""text"": ""Домашня робота""}, {""bbox"": [1349, 437, 1879, 600], ""type"": ""handwritten"", ""text"": ""Вправа 445""}, {""bbox"": [340, 564, 2925, 774], ""type"": ""handwritten"", ""text"": ""Верба - одне з найпоширеніших дерев в Україні,""}, {""bbox"": [203, 717, 2916, 912], ""type"": ""handwritten"", ""text"": ""одне із найулюбленіших в народі. Нею обсаджува-""}, {""bbox"": [168, 850, 2858, 1062], ""type"": ""handwritten"", ""text"": ""ми ставки, береги річок, дороги і в цьому наші""}, {""bbox"": [185, 1011, 2921, 1219], ""type"": ""handwritten"", ""text"": ""шредки багати безпосередньо господарську доціль-""}, {""bbox"": [184, 1154, 2961, 1356], ""type"": ""handwritten"", ""text"": ""ність : верби укріплюють береги, стримують зсу-""}, {""bbox"": [183, 1294, 2830, 1504], ""type"": ""handwritten"", ""text"": ""ви, а в посушливих місцевостях зустрічають""}, {""bbox"": [177, 1452, 2956, 1659], ""type"": ""handwritten"", ""text"": ""міщані заноси. У всіх місцевостях України""}, {""bbox"": [155, 1603, 2923, 1817], ""type"": ""handwritten"", ""text"": ""колись були поширенішими тини із верболозу, а""}, {""bbox"": [145, 1758, 2791, 1971], ""type"": ""handwritten"", ""text"": ""то й вербовий живопис. Згадаймо пісеннє""}, {""bbox"": [186, 1915, 3026, 2143], ""type"": ""handwritten"", ""text"": ""В кінці греблі мусила бути, що я посадила.""}, {""bbox"": [120, 2081, 2999, 2293], ""type"": ""handwritten"", ""text"": ""До речі, для цього досить вбити в землю вер-""}, {""bbox"": [92, 2229, 2978, 2462], ""type"": ""handwritten"", ""text"": ""бовий кілок чи пруток. Звичай насаджувати""}, {""bbox"": [97, 2404, 2439, 2618], ""type"": ""handwritten"", ""text"": ""верби відомий із глибокої давнини.""}, {""bbox"": [195, 2549, 3033, 2797], ""type"": ""handwritten"", ""text"": ""Народна мудрість давно зауважена: де рос-""}, {""bbox"": [62, 2734, 3071, 2975], ""type"": ""handwritten"", ""text"": ""туть верби, таєм гисті дощерела води. „Дій у полі""}, {""bbox"": [69, 2913, 3114, 3143], ""type"": ""handwritten"", ""text"": ""вербичанька таєм стосала криничанька. Або: ай""}, {""bbox"": [60, 3073, 3034, 3327], ""type"": ""handwritten"", ""text"": ""на городі під вербою стоїть коподать із водою\"".""}, {""bbox"": [107, 3268, 3059, 3533], ""type"": ""handwritten"", ""text"": ""Верба над ставом - традиційна прикмета""}, {""bbox"": [50, 3486, 1206, 3715], ""type"": ""handwritten"", ""text"": ""українського села.""}]"
2a8a7785-2a06-5b1c-92af-35397c96bdd0.jpg,"[{""bbox"": [390, 366, 3004, 601], ""type"": ""handwritten"", ""text"": ""Третє, \""яким був третій місяць\""""}, {""bbox"": [422, 554, 2719, 764], ""type"": ""handwritten"", ""text"": ""Практичний шляхуливського в""}, {""bbox"": [297, 724, 2942, 948], ""type"": ""handwritten"", ""text"": ""однією найпопулярнішими плем""}, {""bbox"": [294, 904, 2740, 1123], ""type"": ""handwritten"", ""text"": ""для домішування з фазами,""}, {""bbox"": [285, 1068, 2947, 1295], ""type"": ""handwritten"", ""text"": ""обмільки нові технології продукту""}, {""bbox"": [261, 1262, 2759, 1478], ""type"": ""handwritten"", ""text"": ""школа Панківська радянська""}, {""bbox"": [253, 1430, 3116, 1670], ""type"": ""handwritten"", ""text"": ""змінити коліс життя, вони""}, {""bbox"": [253, 1611, 3139, 1856], ""type"": ""handwritten"", ""text"": ""та навколишніх середовищ. Одно""}, {""bbox"": [236, 1807, 2818, 2034], ""type"": ""handwritten"", ""text"": ""з основою напрямлень розвитку""}, {""bbox"": [256, 1987, 3178, 2230], ""type"": ""handwritten"", ""text"": ""електричного приладу. Електроди""}, {""bbox"": [236, 2177, 2888, 2419], ""type"": ""handwritten"", ""text"": ""сполучальний висловлювальний полувирний""}, {""bbox"": [204, 2381, 2655, 2621], ""type"": ""handwritten"", ""text"": ""завдяки митрополиту Довгучуків,""}, {""bbox"": [179, 2584, 2618, 2822], ""type"": ""handwritten"", ""text"": ""Ми просуваємося на пристані""}, {""bbox"": [180, 2786, 3125, 3039], ""type"": ""handwritten"", ""text"": ""віднайді шоститисяч польців, вивезли""}, {""bbox"": [202, 2999, 3113, 3259], ""type"": ""handwritten"", ""text"": ""небріжними скупченням. Експро""}, {""bbox"": [196, 3215, 3218, 3479], ""type"": ""handwritten"", ""text"": ""дворники після сніжкові, але""}, {""bbox"": [204, 3425, 3302, 3702], ""type"": ""handwritten"", ""text"": ""й екологічно безпечні, освітлені,""}, {""bbox"": [174, 3641, 3330, 3952], ""type"": ""handwritten"", ""text"": ""ні видавництво швидкісного виїзду.""}, {""bbox"": [143, 3899, 3286, 4197], ""type"": ""handwritten"", ""text"": ""Крім того, воно є домідом""}, {""bbox"": [132, 4146, 3041, 4436], ""type"": ""handwritten"", ""text"": ""кількість солісульфатів, пісок,""}]"
fbc3669d-f293-51de-9719-8101fde850a9.jpg,"[{""bbox"": [911, 209, 1689, 423], ""type"": ""handwritten"", ""text"": ""Одинадцяте жовтня""}, {""bbox"": [747, 378, 1527, 609], ""type"": ""handwritten"", ""text"": ""Класна робота""}, {""bbox"": [327, 525, 2602, 831], ""type"": ""handwritten"", ""text"": ""Плавання людини. Огляд будови травної системи""}, {""bbox"": [188, 734, 2757, 1036], ""type"": ""handwritten"", ""text"": ""Проведення людей. Видобуток природних""}, {""bbox"": [186, 946, 654, 1173], ""type"": ""handwritten"", ""text"": ""речовин.""}, {""bbox"": [906, 1143, 2044, 1376], ""type"": ""handwritten"", ""text"": ""Основні процеси травлення""}, {""bbox"": [262, 1308, 1278, 1595], ""type"": ""handwritten"", ""text"": ""Фізична обробка інсі.""}, {""bbox"": [151, 1544, 1398, 1789], ""type"": ""handwritten"", ""text"": ""2. Хімічні перетворення ідеї.""}, {""bbox"": [146, 1758, 1218, 1991], ""type"": ""handwritten"", ""text"": ""3. Всмоктування їжі.""}, {""bbox"": [145, 1911, 1102, 2173], ""type"": ""handwritten"", ""text"": ""4. Перелішень їхні.""}, {""bbox"": [141, 2173, 1144, 2390], ""type"": ""handwritten"", ""text"": ""5. Видалення решток.""}, {""bbox"": [858, 2325, 1710, 2576], ""type"": ""handwritten"", ""text"": ""План травлення""}, {""bbox"": [174, 2580, 986, 2751], ""type"": ""handwritten"", ""text"": ""1. автолітична,""}, {""bbox"": [257, 2821, 925, 3027], ""type"": ""handwritten"", ""text"": ""прохідними.""}, {""bbox"": [283, 2999, 1049, 3239], ""type"": ""handwritten"", ""text"": ""примітивне.""}, {""bbox"": [284, 3237, 1056, 3390], ""type"": ""handwritten"", ""text"": ""символічне.""}]"
b706c539-06b2-5ac9-82cd-ca5b9396ee04.jpg,"[{""bbox"": [368, 92, 3374, 390], ""type"": ""handwritten"", ""text"": ""Печінка / кишечник: товсті пішлянти, ванк-""}, {""bbox"": [457, 419, 950, 565], ""type"": ""handwritten"", ""text"": ""метані.""}, {""bbox"": [369, 586, 2325, 858], ""type"": ""handwritten"", ""text"": ""3. Як економиться вода?""}, {""bbox"": [375, 803, 3354, 1080], ""type"": ""handwritten"", ""text"": ""- Реабсорбції : у ніж~~е~~{к}кових канальцях""}, {""bbox"": [432, 1025, 3372, 1343], ""type"": ""handwritten"", ""text"": ""вода вимокнується з первинної сечі""}, {""bbox"": [475, 1297, 1554, 1581], ""type"": ""handwritten"", ""text"": ""назад у кров""}, {""bbox"": [471, 1502, 3452, 1808], ""type"": ""handwritten"", ""text"": ""Концентрована сеча: завдяки вторинним""}, {""bbox"": [455, 1738, 3477, 2052], ""type"": ""handwritten"", ""text"": ""тварини виводять шкірними в""}, {""bbox"": [456, 2006, 3477, 2277], ""type"": ""handwritten"", ""text"": ""Покриви: шілова шкіра, луски або""}, {""bbox"": [555, 2226, 3578, 2555], ""type"": ""handwritten"", ""text"": ""частин захищають від випарування.""}]"
e69f5074-9919-5692-84c0-dece835711cf.jpg,"[{""bbox"": [272, 1799, 1289, 1929], ""type"": ""handwritten"", ""text"": ""у- (вже був у цьому реченні)""}, {""bbox"": [258, 1914, 2115, 2052], ""type"": ""handwritten"", ""text"": ""значення: а - сполучник, сурядний, проміжковий""}, {""bbox"": [597, 2035, 2451, 2188], ""type"": ""handwritten"", ""text"": ""на-прийменими, узимо з їм давальною відмінку""}, {""bbox"": [253, 2180, 1976, 2315], ""type"": ""handwritten"", ""text"": ""учення: що - множник, підрядна, одиничний""}, {""bbox"": [242, 2329, 1314, 2444], ""type"": ""handwritten"", ""text"": ""5 речення: на + прийменник""}, {""bbox"": [645, 2430, 2498, 2591], ""type"": ""handwritten"", ""text"": ""в - прийменник, ужито з ім. давальнао відмінку""}, {""bbox"": [648, 2580, 2192, 2723], ""type"": ""handwritten"", ""text"": ""і - сполучник, відчальний, повнорозмовний.""}, {""bbox"": [639, 2724, 1757, 2871], ""type"": ""handwritten"", ""text"": ""в світі був у цьому році""}, {""bbox"": [258, 2850, 2605, 3015], ""type"": ""handwritten"", ""text"": ""в реченн~~я~~я: в - прийменник, уживано з ім. давальною відмінку.""}, {""bbox"": [597, 2997, 2509, 3161], ""type"": ""handwritten"", ""text"": ""із-приміщенням, умісто з ім- родовою відмінну.""}]"
ef80bd7e-eca7-5bab-9d19-d417a099de80.jpg,"[{""bbox"": [767, 462, 2209, 662], ""type"": ""annotation"", ""text"": ""Гострую. Заводкові листки""}, {""bbox"": [581, 602, 2022, 787], ""type"": ""annotation"", ""text"": ""Накреслимо робота № 6""}, {""bbox"": [561, 719, 2587, 976], ""type"": ""annotation"", ""text"": ""Вивчення етапів ембріогенезу хордових""}, {""bbox"": [1359, 923, 2614, 1079], ""type"": ""annotation"", ""text"": ""похідних""}, {""bbox"": [571, 909, 2597, 1104], ""type"": ""annotation"", ""text"": ""твоєю, вивченою, похідних""}, {""bbox"": [618, 1042, 2554, 1247], ""type"": ""handwritten"", ""text"": ""тварин,""}, {""bbox"": [0, 1155, 333, 1259], ""type"": ""handwritten"", ""text"": ""до яких""}, {""bbox"": [496, 1194, 2646, 1405], ""type"": ""handwritten"", ""text"": ""Мета: розвитку""}, {""bbox"": [22, 1311, 427, 1424], ""type"": ""handwritten"", ""text"": ""медичні""}, {""bbox"": [461, 1357, 2585, 1553], ""type"": ""handwritten"", ""text"": ""повити заломлені закономірності ембріонезу""}, {""bbox"": [5, 1450, 417, 1557], ""type"": ""handwritten"", ""text"": ""ні гаєш-""}, {""bbox"": [466, 1589, 862, 1711], ""type"": ""handwritten"", ""text"": ""холодових.""}, {""bbox"": [476, 1840, 2573, 2022], ""type"": ""handwritten"", ""text"": ""1. 1) Дроблення ( послідовне мікотипічних поділів""}, {""bbox"": [0, 1907, 387, 2028], ""type"": ""handwritten"", ""text"": ""мільйона.""}, {""bbox"": [466, 2012, 2468, 2184], ""type"": ""handwritten"", ""text"": ""зимоти або партеногенетичної яєцеклітичної""}, {""bbox"": [77, 2090, 326, 2178], ""type"": ""handwritten"", ""text"": ""тим,""}, {""bbox"": [580, 2175, 1415, 2334], ""type"": ""handwritten"", ""text"": ""Проблеми змоги""}, {""bbox"": [0, 2251, 314, 2367], ""type"": ""handwritten"", ""text"": ""у, але""}, {""bbox"": [495, 2339, 1139, 2502], ""type"": ""handwritten"", ""text"": ""2) Асфальтація""}, {""bbox"": [489, 2495, 1295, 2675], ""type"": ""handwritten"", ""text"": ""3) Стадія нейвум""}, {""bbox"": [491, 2663, 2180, 2836], ""type"": ""handwritten"", ""text"": ""4) ~~внаслідок~~ лісопо й фрагментації.""}, {""bbox"": [459, 2812, 2647, 2999], ""type"": ""handwritten"", ""text"": ""2. Ектоморфні - нервово, клітини, фови.""}, {""bbox"": [496, 2990, 2496, 3181], ""type"": ""handwritten"", ""text"": ""елементи органів чуття, зовнішній""}, {""bbox"": [439, 3142, 2753, 3354], ""type"": ""handwritten"", ""text"": ""мов похвальб (епідебеліс инкіфіс) та инкіфіс""}, {""bbox"": [444, 3318, 2516, 3528], ""type"": ""handwritten"", ""text"": ""заходи, передача й задні килики, зовнішні)""}, {""bbox"": [448, 3488, 2009, 3686], ""type"": ""handwritten"", ""text"": ""забо заговорили таю.""}]"
251ddee6-e8e2-58a3-91c2-eb4970a2648d.jpg,"[{""bbox"": [1015, 741, 1346, 880], ""type"": ""handwritten"", ""text"": ""№ 551""}, {""bbox"": [393, 833, 2433, 1054], ""type"": ""handwritten"", ""text"": ""Дано: у Δ ABC AB = 6 см, BC = 12 см, ∠C = 60°,""}, {""bbox"": [7, 1027, 1165, 1189], ""type"": ""handwritten"", ""text"": ""80° - (90° + Знайти: AC""}, {""bbox"": [444, 1181, 1091, 1339], ""type"": ""handwritten"", ""text"": ""Розв'язання:""}, {""bbox"": [3, 1205, 339, 1366], ""type"": ""handwritten"", ""text"": ""вийто""}, {""bbox"": [1114, 1298, 1541, 1421], ""type"": ""handwritten"", ""text"": ""~~AB = BC~~""}, {""bbox"": [1204, 1410, 2715, 1709], ""type"": ""formula"", ""text"": ""\\frac{AB}{BC} = \\frac{AL}{LC} = \\frac{6}{12} = \\frac{AL}{LC} = 36 \\text{ см}""}, {""bbox"": [344, 1295, 1151, 1832], ""type"": ""graph"", ""text"": """"}, {""bbox"": [1180, 1697, 2714, 1882], ""type"": ""formula"", ""text"": ""AL = 3 см, AC = AL + LC = 3 + 6 = 9 см""}, {""bbox"": [424, 1904, 1264, 2074], ""type"": ""handwritten"", ""text"": ""Відповідь: 9 см.""}, {""bbox"": [1268, 2152, 1550, 2269], ""type"": ""handwritten"", ""text"": ""555""}, {""bbox"": [460, 2254, 2660, 2476], ""type"": ""handwritten"", ""text"": ""Дано: ABC - Δ рівнобедрений, AC = AB = 9 см,""}, {""bbox"": [430, 2474, 1038, 2600], ""type"": ""formula"", ""text"": ""(L: LB = 5 : 2""}, {""bbox"": [472, 2587, 1286, 2770], ""type"": ""handwritten"", ""text"": ""Знайти: P_ABC""}, {""bbox"": [469, 2751, 1301, 2914], ""type"": ""handwritten"", ""text"": ""Розв'язання:""}, {""bbox"": [993, 2847, 2297, 3026], ""type"": ""handwritten"", ""text"": ""Нехай BC = x, то AC = x - 9""}, {""bbox"": [1122, 2999, 2500, 3250], ""type"": ""formula"", ""text"": ""\\frac{AL}{AB} = \\frac{CL}{LB} ; \\frac{x}{x - 9} \\frac{x - 9}{x} = \\frac{2}{5} ;""}, {""bbox"": [386, 2893, 1081, 3418], ""type"": ""graph"", ""text"": """"}, {""bbox"": [7, 3199, 215, 3316], ""type"": ""handwritten"", ""text"": "", то""}, {""bbox"": [1091, 3242, 2596, 3395], ""type"": ""formula"", ""text"": ""5x - 45 = 2x; 3x = 45; x = 15 см;""}, {""bbox"": [3, 3339, 254, 3461], ""type"": ""handwritten"", ""text"": ""10 P C =""}, {""bbox"": [987, 3367, 2819, 3550], ""type"": ""formula"", ""text"": ""= 15 - 9 = 6 см; BC = AB = 15; P_{\\Delta ABC} = AB + BC + AC =""}, {""bbox"": [441, 3513, 1161, 3611], ""type"": ""formula"", ""text"": ""= 15 + 15 + 6 = 36 см""}, {""bbox"": [588, 3585, 1327, 3691], ""type"": ""handwritten"", ""text"": ""Відповідь: 36 см""}]"
c0028a37-c5ac-55d5-abd4-011442eae20a.jpg,"[{""bbox"": [644, 83, 830, 224], ""type"": ""handwritten"", ""text"": ""1. С.""}, {""bbox"": [641, 241, 868, 439], ""type"": ""handwritten"", ""text"": ""2. в.""}, {""bbox"": [648, 454, 848, 612], ""type"": ""handwritten"", ""text"": ""3. в.""}, {""bbox"": [646, 684, 850, 820], ""type"": ""handwritten"", ""text"": ""4. С.""}, {""bbox"": [659, 874, 898, 1026], ""type"": ""handwritten"", ""text"": ""5. a.""}, {""bbox"": [651, 1035, 886, 1206], ""type"": ""handwritten"", ""text"": ""6. б.""}, {""bbox"": [662, 1270, 888, 1400], ""type"": ""handwritten"", ""text"": ""7. a.""}, {""bbox"": [655, 1425, 1131, 1608], ""type"": ""handwritten"", ""text"": ""8. a, б, в.""}, {""bbox"": [663, 1661, 957, 1804], ""type"": ""handwritten"", ""text"": ""9. a.""}, {""bbox"": [675, 1780, 957, 1983], ""type"": ""handwritten"", ""text"": ""10. б.""}, {""bbox"": [671, 1980, 883, 2183], ""type"": ""handwritten"", ""text"": ""11. в""}, {""bbox"": [664, 2187, 868, 2383], ""type"": ""handwritten"", ""text"": ""12. в""}, {""bbox"": [670, 2431, 894, 2569], ""type"": ""handwritten"", ""text"": ""13. г""}, {""bbox"": [653, 2581, 882, 2765], ""type"": ""handwritten"", ""text"": ""14. в""}, {""bbox"": [672, 2824, 900, 2966], ""type"": ""handwritten"", ""text"": ""15. г""}, {""bbox"": [680, 3035, 901, 3162], ""type"": ""handwritten"", ""text"": ""16,5""}, {""bbox"": [686, 3174, 915, 3352], ""type"": ""handwritten"", ""text"": ""17. в""}, {""bbox"": [692, 3360, 1411, 3569], ""type"": ""handwritten"", ""text"": ""18. а, в, г, б.""}, {""bbox"": [681, 3548, 949, 3729], ""type"": ""handwritten"", ""text"": ""19. в.""}, {""bbox"": [682, 3779, 925, 3916], ""type"": ""handwritten"", ""text"": ""20. г""}]"
49d70be4-af77-558b-af69-8ea6386d95fb.jpg,"[{""bbox"": [1114, 414, 2571, 792], ""type"": ""handwritten"", ""text"": ""Дванадцяте січня""}, {""bbox"": [1070, 696, 2611, 1026], ""type"": ""handwritten"", ""text"": ""Домашня робота""}, {""bbox"": [259, 935, 3327, 1292], ""type"": ""handwritten"", ""text"": ""Внутрішнє середовище організму складаєть-""}, {""bbox"": [154, 1228, 3225, 1496], ""type"": ""handwritten"", ""text"": ""а з трьох основних компонентів: кров,""}, {""bbox"": [154, 1440, 3224, 1730], ""type"": ""handwritten"", ""text"": ""тлора, тханнина, рідина. І її складні""}, {""bbox"": [154, 1665, 3224, 2009], ""type"": ""handwritten"", ""text"": ""внутрішнього середовища організму тіс-""}, {""bbox"": [154, 1907, 3225, 2259], ""type"": ""handwritten"", ""text"": ""взаємов'язані, адже впливають на хім""}, {""bbox"": [257, 2130, 3327, 2538], ""type"": ""handwritten"", ""text"": ""заглиб'язані, сугна складають""}]"
f0070b31-c35d-56ca-8176-27b8d3c7247c.jpg,"[{""bbox"": [325, 68, 2926, 338], ""type"": ""handwritten"", ""text"": ""відкрило нові можливості для""}, {""bbox"": [320, 236, 3191, 539], ""type"": ""handwritten"", ""text"": ""досягнувши мільйонів дол""}, {""bbox"": [346, 441, 3164, 772], ""type"": ""handwritten"", ""text"": ""Комітет охорони (ЕСА) на""}, {""bbox"": [291, 629, 2966, 934], ""type"": ""handwritten"", ""text"": ""Кімнот-оспільна працюють""}, {""bbox"": [278, 816, 3241, 1122], ""type"": ""handwritten"", ""text"": ""над програмою повідом""}, {""bbox"": [283, 1007, 3312, 1342], ""type"": ""handwritten"", ""text"": ""з сільським тілесер і Мор-""}, {""bbox"": [285, 1241, 3139, 1543], ""type"": ""handwritten"", ""text"": ""шворювання, міграції населення,""}, {""bbox"": [270, 1460, 2613, 1726], ""type"": ""handwritten"", ""text"": ""сумі розміркою мови""}, {""bbox"": [305, 1679, 2539, 1922], ""type"": ""handwritten"", ""text"": ""шотландський сподарський""}, {""bbox"": [519, 1859, 3463, 2191], ""type"": ""handwritten"", ""text"": ""Майбутнє пошуковий, перебува-""}, {""bbox"": [234, 2109, 3111, 2388], ""type"": ""handwritten"", ""text"": ""можливість послідовності інших""}, {""bbox"": [242, 2323, 3087, 2605], ""type"": ""handwritten"", ""text"": ""плоскість, потім як м'ясо""}, {""bbox"": [244, 2532, 3399, 2852], ""type"": ""handwritten"", ""text"": ""навколі, навколо як сонце""}, {""bbox"": [241, 2776, 3052, 3102], ""type"": ""handwritten"", ""text"": ""тінням, зоїрено у формі""}, {""bbox"": [222, 3006, 3209, 3325], ""type"": ""handwritten"", ""text"": ""протягом, шоколадово, та""}, {""bbox"": [201, 3228, 3235, 3550], ""type"": ""handwritten"", ""text"": ""шляхового стилю, що виник ся""}, {""bbox"": [185, 3460, 3321, 3817], ""type"": ""handwritten"", ""text"": ""символічному освітлінні пам'ятного""}, {""bbox"": [169, 3694, 3172, 4087], ""type"": ""handwritten"", ""text"": ""протизу на розрізання його""}, {""bbox"": [164, 3915, 3425, 4360], ""type"": ""handwritten"", ""text"": ""прогнозу по розвитку""}, {""bbox"": [139, 4324, 1053, 4616], ""type"": ""handwritten"", ""text"": ""в цілому.""}]"
a6f4e8f6-f124-5d87-8bd6-c29267fa2a37.jpg,"[{""bbox"": [775, 68, 2343, 349], ""type"": ""handwritten"", ""text"": ""Відшарування шлакоподібна""}, {""bbox"": [782, 219, 2332, 477], ""type"": ""handwritten"", ""text"": ""Віллядудяк""}, {""bbox"": [1302, 347, 2633, 616], ""type"": ""formula"", ""text"": ""AD = 4 см; BC = 2 см""}, {""bbox"": [1310, 516, 2619, 791], ""type"": ""formula"", ""text"": ""Тоді EF = \\frac{4 + 2}{2} = 3 (см)""}, {""bbox"": [165, 386, 1383, 1047], ""type"": ""graph"", ""text"": """"}, {""bbox"": [1230, 967, 1759, 1166], ""type"": ""handwritten"", ""text"": ""№ 438""}, {""bbox"": [1347, 1142, 2409, 1313], ""type"": ""formula"", ""text"": ""1) EF = 14 см.""}, {""bbox"": [202, 1026, 1308, 1521], ""type"": ""graph"", ""text"": """"}, {""bbox"": [1337, 1305, 2617, 1497], ""type"": ""handwritten"", ""text"": ""2) позначаємо ВС =""}, {""bbox"": [175, 1624, 2748, 1857], ""type"": ""formula"", ""text"": ""3) Маємо \\frac{AD + BC}{2} = \\frac{7x + 2x}{2} = 2x + 4""}, {""bbox"": [166, 1816, 2428, 2004], ""type"": ""formula"", ""text"": ""2) 2 + 2 = 28, 2^2) = 26, 21 = 15 (см)""}, {""bbox"": [187, 1955, 2821, 2174], ""type"": ""formula"", ""text"": ""4) Отже, BLC = 13 (од.; AP = 1322 = 13 (од.)""}, {""bbox"": [201, 2139, 2233, 2374], ""type"": ""handwritten"", ""text"": ""Відповідь: 13 год; 75 сек.""}, {""bbox"": [1276, 2298, 1767, 2484], ""type"": ""handwritten"", ""text"": ""В 442""}, {""bbox"": [908, 2501, 2599, 2705], ""type"": ""formula"", ""text"": ""D) Дано: \\angle K = \\angle KC \\cdot \\angle KE =""}, {""bbox"": [221, 2671, 3024, 2926], ""type"": ""formula"", ""text"": ""2 : 3 : 2 : 1) ІІІ розчин 0,10 к/к = 10-2 моль/л =""}, {""bbox"": [170, 2877, 3024, 3153], ""type"": ""handwritten"", ""text"": ""2) Використовуючи результа загала""}, {""bbox"": [185, 3062, 2950, 3313], ""type"": ""handwritten"", ""text"": ""№ 3334 Маємо AD = 2 * 1,5 = 2(321 + 2) г)""}, {""bbox"": [208, 3302, 2370, 3495], ""type"": ""formula"", ""text"": ""= 40x; BC = 22 \\cdot \\sqrt{11} = 22x = 44""}, {""bbox"": [228, 3417, 2930, 3654], ""type"": ""handwritten"", ""text"": ""3) тоді AB : BC = 10x : 4x = 10/4 = 5/2 = 5 : 2""}]"
b5db1d37-867d-507e-8c9a-2b9d8667ce57.jpg,"[{""bbox"": [514, 233, 1941, 508], ""type"": ""formula"", ""text"": ""CH3 - CH2 - CH - CH - COOH""}, {""bbox"": [1319, 523, 1523, 697], ""type"": ""handwritten"", ""text"": ""CH2""}, {""bbox"": [1294, 684, 1522, 887], ""type"": ""handwritten"", ""text"": ""CH3""}, {""bbox"": [699, 910, 2270, 1091], ""type"": ""handwritten"", ""text"": ""2 - етил - 3 - метилбутен-2""}, {""bbox"": [1048, 1110, 1263, 1294], ""type"": ""handwritten"", ""text"": ""CH3""}, {""bbox"": [610, 1266, 1966, 1477], ""type"": ""formula"", ""text"": ""CH3 - CH - CH - CH - COOH""}, {""bbox"": [641, 1655, 2200, 1843], ""type"": ""handwritten"", ""text"": ""3 - метил - 2-хлорпропанової""}, {""bbox"": [1269, 1838, 1594, 1985], ""type"": ""handwritten"", ""text"": ""N 132""}, {""bbox"": [1754, 2007, 2505, 2235], ""type"": ""handwritten"", ""text"": ""в) CH3""}, {""bbox"": [454, 2549, 1414, 2738], ""type"": ""handwritten"", ""text"": ""деметилфранолової""}, {""bbox"": [1926, 2832, 2984, 3044], ""type"": ""handwritten"", ""text"": ""3 - Метил - 2 - хлоропентановий""}, {""bbox"": [467, 2903, 1856, 3177], ""type"": ""handwritten"", ""text"": ""CH3 - CH2 - CH - CH - COOH""}, {""bbox"": [1173, 3215, 1433, 3381], ""type"": ""handwritten"", ""text"": ""CH2""}, {""bbox"": [457, 3498, 1672, 3709], ""type"": ""handwritten"", ""text"": ""2 - метил - 3 - метилциклопропан""}]"
812989c1-79d3-5672-abb5-7e03cde94288.jpg,"[{""bbox"": [168, 66, 1535, 190], ""type"": ""formula"", ""text"": ""Q_1 = 2300000 \\cdot 0,05 = 115000 \\text{ грн}""}, {""bbox"": [254, 203, 1611, 323], ""type"": ""formula"", ""text"": ""d_2 = 4200 \\cdot 0,05 (100 - 60) = 8400 \\text{ Д.}""}, {""bbox"": [1173, 325, 1487, 422], ""type"": ""handwritten"", ""text"": ""400 Вне""}, {""bbox"": [186, 338, 1111, 446], ""type"": ""formula"", ""text"": ""Q = 115000 + 8400 = 123""}, {""bbox"": [206, 452, 1032, 598], ""type"": ""handwritten"", ""text"": ""Відповідь: 123 400 грн""}, {""bbox"": [689, 582, 1019, 737], ""type"": ""handwritten"", ""text"": ""Задача 3""}, {""bbox"": [170, 731, 386, 850], ""type"": ""handwritten"", ""text"": ""Дано""}, {""bbox"": [133, 866, 449, 996], ""type"": ""formula"", ""text"": ""t_1 = 0^{\\circ}C""}]"
7e98a014-ec2d-57bf-991e-7b6ed5b9b67c.jpg,"[{""bbox"": [395, 192, 2475, 421], ""type"": ""handwritten"", ""text"": ""Лексикографія - це розділ лексикології, що досліджує""}, {""bbox"": [343, 310, 2624, 549], ""type"": ""handwritten"", ""text"": ""теорією та практичною створенням словників (словникорія)""}, {""bbox"": [334, 464, 2196, 686], ""type"": ""handwritten"", ""text"": ""1556 р. - перший словник, лавринів дидакт""}, {""bbox"": [379, 633, 1314, 796], ""type"": ""handwritten"", ""text"": ""1627 р - Помір Керенщини""}, {""bbox"": [356, 704, 2306, 937], ""type"": ""handwritten"", ""text"": ""1727р - Помір вершини""}, {""bbox"": [1061, 1146, 1845, 1312], ""type"": ""handwritten"", ""text"": ""Тринадцяте січня""}, {""bbox"": [1111, 1288, 1813, 1438], ""type"": ""handwritten"", ""text"": ""Домашня робота""}, {""bbox"": [485, 1412, 2580, 1611], ""type"": ""handwritten"", ""text"": ""Основні типи словників, особливості підбору та""}, {""bbox"": [281, 1565, 2525, 1761], ""type"": ""handwritten"", ""text"": ""Відмінність словникових станей у різних словниках""}, {""bbox"": [415, 1728, 1335, 1899], ""type"": ""handwritten"", ""text"": ""Орфографічний словник.""}, {""bbox"": [259, 1821, 2855, 2066], ""type"": ""handwritten"", ""text"": ""Коридорд, кладролта, пилола, пілу, Сілікуд, гірмодіум, ялло, Дудька,""}, {""bbox"": [262, 1995, 2734, 2217], ""type"": ""handwritten"", ""text"": ""Доповнити, готала, нашуло, вонну, можу, камінь, млинкала.""}, {""bbox"": [443, 2167, 1648, 2360], ""type"": ""handwritten"", ""text"": ""Гулагоміле - середній рід.""}, {""bbox"": [457, 2306, 1399, 2496], ""type"": ""handwritten"", ""text"": ""Восі - хіноїй рід.""}, {""bbox"": [466, 2459, 1587, 2664], ""type"": ""handwritten"", ""text"": ""Тиромісу - середній р.д.""}, {""bbox"": [491, 2626, 1508, 2813], ""type"": ""handwritten"", ""text"": ""Соте - середній рід.""}, {""bbox"": [467, 2767, 1394, 2946], ""type"": ""handwritten"", ""text"": ""Мачоні - середній р.д.""}, {""bbox"": [302, 2887, 2404, 3141], ""type"": ""handwritten"", ""text"": ""Генний, генетично, генетичний, генотип, геном.""}]"
914c4c2f-2353-57dd-bc21-04571ff7d744.jpg,"[{""bbox"": [36, 39, 2384, 266], ""type"": ""handwritten"", ""text"": ""наче вплинув на небесному килимі вигадливі""}, {""bbox"": [50, 232, 877, 398], ""type"": ""handwritten"", ""text"": ""візерунки - сузір'я.""}, {""bbox"": [127, 333, 2389, 529], ""type"": ""handwritten"", ""text"": ""З давніх - давен люди насправді думали, що""}, {""bbox"": [36, 478, 2342, 650], ""type"": ""handwritten"", ""text"": ""загадкові зоряні фігури розміщені на небі ~~не~~""}, {""bbox"": [28, 599, 2371, 784], ""type"": ""handwritten"", ""text"": ""неспроста. Уєва манювала різні божества, які""}, {""bbox"": [26, 730, 2401, 913], ""type"": ""handwritten"", ""text"": ""знайшли собі пристанависько на небі. Зазвичай""}, {""bbox"": [27, 861, 2289, 1038], ""type"": ""handwritten"", ""text"": ""це були люди, але деяким могли надувати""}, {""bbox"": [22, 986, 2291, 1172], ""type"": ""handwritten"", ""text"": ""подоби священних тварин: звірів, птахів, колах.""}, {""bbox"": [24, 1123, 2404, 1299], ""type"": ""handwritten"", ""text"": ""А може, сузір'я - то міфічні герої-титани, яких""}, {""bbox"": [21, 1245, 2356, 1432], ""type"": ""handwritten"", ""text"": ""головний Бог Зевс поселив справдавка на небі?""}, {""bbox"": [18, 1382, 2346, 1562], ""type"": ""handwritten"", ""text"": ""Так з'явилися сузір'я легендарного героя Герасія""}, {""bbox"": [20, 1515, 2282, 1688], ""type"": ""handwritten"", ""text"": ""і нездоланного багатоборця Геркулеса, красуні""}, {""bbox"": [19, 1642, 2368, 1829], ""type"": ""handwritten"", ""text"": ""Кассіонеї та її доньки Андромеди, сузір'я Кита""}, {""bbox"": [20, 1779, 2259, 1955], ""type"": ""handwritten"", ""text"": ""і Дракона, Орла і Лебедя, Малої і Великої ~~Д~~""}, {""bbox"": [29, 1935, 559, 2084], ""type"": ""handwritten"", ""text"": ""Ведмедичі.""}, {""bbox"": [91, 2029, 2433, 2234], ""type"": ""handwritten"", ""text"": ""Кожен народ по-своєму заселяв небо. Ще предки""}, {""bbox"": [22, 2174, 2322, 2370], ""type"": ""handwritten"", ""text"": ""грецьких звіздарів зробили такий поділ неба""}, {""bbox"": [16, 2308, 2406, 2515], ""type"": ""handwritten"", ""text"": ""на сузір'я, яким і донині послуговують астронав-""}, {""bbox"": [7, 2530, 177, 2619], ""type"": ""handwritten"", ""text"": ""ти.""}]"
4f057027-68bf-5386-b41f-1f5224e440ab.jpg,"[{""bbox"": [1231, 161, 1609, 319], ""type"": ""handwritten"", ""text"": ""N 13.12""}, {""bbox"": [166, 340, 2473, 565], ""type"": ""formula"", ""text"": ""1) \\sin(\\alpha + \\beta) - \\sin \\alpha \\cos \\beta = \\sin \\alpha \\cos \\beta +""}, {""bbox"": [160, 541, 2321, 748], ""type"": ""formula"", ""text"": ""+ \\sin \\alpha \\beta \\cos \\alpha - \\sin \\alpha \\cos \\beta = \\sin \\alpha \\beta \\cos \\alpha""}, {""bbox"": [176, 710, 2417, 951], ""type"": ""formula"", ""text"": ""2) \\cos(\\alpha - \\frac{\\pi}{3}) - \\frac{1}{2} \\cos \\alpha = \\cos \\alpha \\cos \\frac{\\pi}{3} +""}, {""bbox"": [164, 914, 2835, 1156], ""type"": ""formula"", ""text"": ""+ sin 2 \\cdot sin \\frac{\\pi}{3} - \\frac{1}{2} cos 2 = \\frac{1}{2} cos 2 = cos \\frac{\\pi}{3} \\pm \\frac{1}{2} cos 2 +""}, {""bbox"": [177, 1125, 1914, 1355], ""type"": ""formula"", ""text"": ""= \\frac{\\sqrt{3}}{2} \\sin 2 - \\frac{1}{2} \\cos 2 = \\frac{\\sqrt{3}}{2} \\sin 2""}]"
b67a07b4-da09-562d-9824-b886eb0b36fa.jpg,"[{""bbox"": [1929, 509, 2793, 713], ""type"": ""handwritten"", ""text"": ""5 травня""}, {""bbox"": [1772, 704, 3321, 969], ""type"": ""handwritten"", ""text"": ""Класна робота""}, {""bbox"": [1452, 935, 3560, 1233], ""type"": ""handwritten"", ""text"": ""Тестовий контроль""}, {""bbox"": [372, 1184, 713, 1361], ""type"": ""handwritten"", ""text"": ""1. В""}, {""bbox"": [1064, 1228, 1487, 1406], ""type"": ""handwritten"", ""text"": ""6. Б""}, {""bbox"": [1793, 1254, 2567, 1460], ""type"": ""handwritten"", ""text"": ""11. А 16. А""}, {""bbox"": [319, 1446, 692, 1647], ""type"": ""handwritten"", ""text"": ""2. Б""}, {""bbox"": [1046, 1488, 1544, 1659], ""type"": ""handwritten"", ""text"": ""7. б""}, {""bbox"": [1753, 1497, 2181, 1699], ""type"": ""handwritten"", ""text"": ""12. Б""}, {""bbox"": [1014, 1755, 1356, 1940], ""type"": ""handwritten"", ""text"": ""8. B""}, {""bbox"": [1715, 1762, 2160, 1962], ""type"": ""handwritten"", ""text"": ""13. В""}, {""bbox"": [993, 2040, 1394, 2241], ""type"": ""handwritten"", ""text"": ""9. А""}, {""bbox"": [1706, 2036, 2189, 2250], ""type"": ""handwritten"", ""text"": ""14. А""}, {""bbox"": [1670, 2333, 2386, 2568], ""type"": ""formula"", ""text"": ""15. ~~а~~ в""}]"
7eb51d2e-ee03-5d51-afcd-c7e30f59f19c.jpg,"[{""bbox"": [739, 0, 2479, 227], ""type"": ""handwritten"", ""text"": ""Аркіл у міжнародний""}, {""bbox"": [29, 151, 2839, 423], ""type"": ""handwritten"", ""text"": ""перебуває поміжна першої світової""}, {""bbox"": [36, 352, 2490, 601], ""type"": ""handwritten"", ""text"": ""для Японії - 1978 р в Японії""}, {""bbox"": [35, 543, 2624, 793], ""type"": ""handwritten"", ""text"": ""відбутись стихійні повернення""}, {""bbox"": [35, 737, 3063, 1015], ""type"": ""handwritten"", ""text"": ""рути зростання цін на зем- \""землі\"" були""}, {""bbox"": [14, 938, 2751, 1209], ""type"": ""handwritten"", ""text"": ""рисований було би: - молочні соціальні""}, {""bbox"": [11, 1136, 2609, 1406], ""type"": ""handwritten"", ""text"": ""заборудження пори зростання""}, {""bbox"": [33, 1354, 2324, 1615], ""type"": ""handwritten"", ""text"": ""цін як гуманістичні норми""}, {""bbox"": [42, 1573, 2617, 1819], ""type"": ""handwritten"", ""text"": ""спокульнинський цвіт на ден""}, {""bbox"": [70, 1770, 2603, 2021], ""type"": ""handwritten"", ""text"": ""опорною процедурою""}, {""bbox"": [82, 1972, 2666, 2234], ""type"": ""handwritten"", ""text"": ""многість. ~~об~~ функ і обернена""}, {""bbox"": [95, 2175, 2761, 2456], ""type"": ""handwritten"", ""text"": ""ого рух ламіль або безперева""}, {""bbox"": [83, 2381, 2816, 2679], ""type"": ""handwritten"", ""text"": ""поникнена в корі. У будинкі-""}, {""bbox"": [24, 2604, 3013, 2892], ""type"": ""handwritten"", ""text"": ""квітні 1919 рік національна""}, {""bbox"": [17, 2813, 2641, 3116], ""type"": ""handwritten"", ""text"": ""добре. шкілім кружечком в""}, {""bbox"": [13, 3022, 2891, 3369], ""type"": ""handwritten"", ""text"": ""років. Скільки""}, {""bbox"": [2, 3261, 2439, 3605], ""type"": ""handwritten"", ""text"": ""також робота""}, {""bbox"": [0, 3514, 2424, 3849], ""type"": ""handwritten"", ""text"": ""модуляціям тонів""}, {""bbox"": [3, 3727, 3063, 4106], ""type"": ""handwritten"", ""text"": ""життя зруйнує грунт - мерій""}]"
683bd345-fc09-5bf0-8c84-33947ff393cb.jpg,"[{""bbox"": [683, 175, 1190, 305], ""type"": ""handwritten"", ""text"": ""8 Дано""}, {""bbox"": [791, 305, 1134, 455], ""type"": ""formula"", ""text"": ""0 \\in O_x""}, {""bbox"": [1530, 490, 3126, 665], ""type"": ""formula"", ""text"": ""AO = \\sqrt{(x+2)^2 + 7 + 25} = \\sqrt{x^2 + 4x + 4 + 32}""}, {""bbox"": [697, 505, 1315, 697], ""type"": ""formula"", ""text"": ""A(-2; -2; 5)""}, {""bbox"": [693, 693, 1244, 853], ""type"": ""formula"", ""text"": ""B(4; -3; 2)""}, {""bbox"": [1552, 696, 2412, 855], ""type"": ""formula"", ""text"": ""15 = \\sqrt{x^2 + 4x + 33}""}, {""bbox"": [666, 849, 1288, 1008], ""type"": ""formula"", ""text"": ""AB = BC""}, {""bbox"": [1474, 849, 3134, 1033], ""type"": ""formula"", ""text"": ""BO_1^2 = \\sqrt{x^2 - 8x + 16 + 9 + 1} = \\sqrt{x^2 - 8x + 26}""}, {""bbox"": [721, 1031, 964, 1171], ""type"": ""handwritten"", ""text"": ""0 - ?""}, {""bbox"": [1443, 1027, 2089, 1189], ""type"": ""formula"", ""text"": ""AO = BO""}, {""bbox"": [1417, 1211, 2703, 1383], ""type"": ""formula"", ""text"": ""\\sqrt{x^2 + 4x + 33} = \\sqrt{x^2 - 8x + 26}""}, {""bbox"": [1381, 1398, 2844, 1574], ""type"": ""formula"", ""text"": ""x^2 + 4x + 33 = 248x + 26""}, {""bbox"": [1378, 1555, 1949, 1763], ""type"": ""formula"", ""text"": ""12x = -7""}, {""bbox"": [1410, 1748, 1869, 1940], ""type"": ""formula"", ""text"": ""x = -\\frac{7}{12}""}, {""bbox"": [515, 1728, 1161, 2000], ""type"": ""formula"", ""text"": ""O(-\\frac{7}{12}; 0; 0)""}]"
f31dbb7b-1386-560d-9838-c27b7f787456.jpg,"[{""bbox"": [101, 144, 616, 227], ""type"": ""handwritten"", ""text"": ""часу його відтворення.""}, {""bbox"": [1, 211, 73, 275], ""type"": ""handwritten"", ""text"": ""рдаль""}, {""bbox"": [92, 205, 764, 281], ""type"": ""handwritten"", ""text"": ""4) фізичний сигнал - це сигнал,""}, {""bbox"": [92, 264, 845, 334], ""type"": ""handwritten"", ""text"": ""інформаційний параметр якого може""}, {""bbox"": [95, 315, 793, 392], ""type"": ""handwritten"", ""text"": ""змінюватися тільки переривчасто""}, {""bbox"": [1, 367, 66, 420], ""type"": ""handwritten"", ""text"": ""ре-""}, {""bbox"": [95, 370, 732, 440], ""type"": ""handwritten"", ""text"": ""та мати тільки скінченну""}, {""bbox"": [89, 424, 829, 497], ""type"": ""handwritten"", ""text"": ""Сількість значень у заданому""}, {""bbox"": [88, 478, 827, 550], ""type"": ""handwritten"", ""text"": ""діагнози протягом певного спів-""}, {""bbox"": [86, 532, 342, 586], ""type"": ""handwritten"", ""text"": ""рвану часу.""}, {""bbox"": [87, 571, 822, 652], ""type"": ""handwritten"", ""text"": ""б) Кінструкція Windows призначена для""}, {""bbox"": [79, 630, 810, 706], ""type"": ""handwritten"", ""text"": ""створення відеофільмів, що можуть""}, {""bbox"": [75, 684, 821, 759], ""type"": ""handwritten"", ""text"": ""містити відеоформатення, сропографії,""}, {""bbox"": [73, 734, 834, 811], ""type"": ""handwritten"", ""text"": ""двуховий супровід (дикторський текст);""}, {""bbox"": [70, 793, 705, 861], ""type"": ""handwritten"", ""text"": ""рідноманітні на піви (Титри).""}, {""bbox"": [71, 839, 776, 920], ""type"": ""handwritten"", ""text"": ""4) На першому етапі розробляється""}, {""bbox"": [75, 900, 256, 964], ""type"": ""handwritten"", ""text"": ""сценарій;""}, {""bbox"": [71, 951, 724, 1025], ""type"": ""handwritten"", ""text"": ""На другому етапі виконується""}, {""bbox"": [66, 1008, 826, 1091], ""type"": ""handwritten"", ""text"": ""підготовка вирібно-робочої та ведеомає-""}, {""bbox"": [0, 1057, 24, 1088], ""type"": ""handwritten"", ""text"": ""4""}, {""bbox"": [61, 1059, 213, 1118], ""type"": ""handwritten"", ""text"": ""ріалів,""}, {""bbox"": [69, 1108, 733, 1202], ""type"": ""handwritten"", ""text"": ""На третьому етапі використовується""}, {""bbox"": [60, 1166, 470, 1242], ""type"": ""handwritten"", ""text"": ""монтаж відеофільму.""}]"
8f108fd4-5550-5493-93bd-fc43c53068b4.jpg,"[{""bbox"": [89, 0, 2614, 214], ""type"": ""handwritten"", ""text"": ""Лексикографія - розділ лінгвістики, що""}, {""bbox"": [80, 141, 2834, 376], ""type"": ""handwritten"", ""text"": ""займається теорією та практикою створення""}, {""bbox"": [87, 312, 1660, 508], ""type"": ""handwritten"", ""text"": ""словників (словникою).""}, {""bbox"": [89, 480, 1390, 663], ""type"": ""handwritten"", ""text"": ""Орфоепічний - вимова""}, {""bbox"": [89, 623, 2254, 842], ""type"": ""handwritten"", ""text"": ""Орфографічний правильне написання""}, {""bbox"": [89, 793, 1965, 996], ""type"": ""handwritten"", ""text"": ""Морфеми - корінь, суфікс, префікс.""}, {""bbox"": [87, 931, 2441, 1166], ""type"": ""handwritten"", ""text"": ""1596 р. - Іслфвник Лаврентія Зязовія""}, {""bbox"": [95, 1112, 1603, 1307], ""type"": ""handwritten"", ""text"": ""1627р. - Палма Беринди""}, {""bbox"": [70, 1234, 2921, 1492], ""type"": ""handwritten"", ""text"": ""1798 - словник до „Енеїди\"" Г. Кондревського""}, {""bbox"": [88, 1432, 1490, 1643], ""type"": ""handwritten"", ""text"": ""1907-1909 - Б. Біличенка""}, {""bbox"": [594, 1924, 1851, 2106], ""type"": ""handwritten"", ""text"": ""Тринадцяте січня""}, {""bbox"": [769, 2073, 1949, 2274], ""type"": ""handwritten"", ""text"": ""Домашня робота""}, {""bbox"": [106, 2220, 2963, 2456], ""type"": ""handwritten"", ""text"": ""Семенова робота""}, {""bbox"": [102, 2393, 2820, 2618], ""type"": ""handwritten"", ""text"": ""чернозему, киселя, Дуня, Юхим, ганька,""}, {""bbox"": [85, 2558, 2962, 2787], ""type"": ""handwritten"", ""text"": ""комнесос, волшву, люну, коменя, мистопада.""}, {""bbox"": [98, 2862, 2922, 3119], ""type"": ""handwritten"", ""text"": ""Прокопович - чл.; Носі - 20.; Пирумовську - с.""}, {""bbox"": [70, 3042, 1367, 3269], ""type"": ""handwritten"", ""text"": ""Соня-с; Мазьоні-с""}]"
eac9632e-5e52-5c5d-bdc2-89e51f84e7b9.jpg,"[{""bbox"": [555, 25, 2257, 226], ""type"": ""handwritten"", ""text"": ""Домашня робота""}, {""bbox"": [43, 159, 2752, 383], ""type"": ""handwritten"", ""text"": ""Тижневого і тиждень в тиждень у""}, {""bbox"": [42, 304, 2666, 511], ""type"": ""handwritten"", ""text"": ""температура, як (ОН), зіткнення.""}, {""bbox"": [40, 431, 2760, 656], ""type"": ""handwritten"", ""text"": ""Коридор збирають, він не цвіте.""}, {""bbox"": [25, 574, 2796, 803], ""type"": ""handwritten"", ""text"": ""речі ми розрушені коли в""}, {""bbox"": [28, 715, 2767, 951], ""type"": ""handwritten"", ""text"": ""загального, як сон, рум'яної. Пів""}, {""bbox"": [30, 849, 2930, 1101], ""type"": ""handwritten"", ""text"": ""загалом, як собі, та ін. Але""}, {""bbox"": [7, 1008, 2931, 1259], ""type"": ""handwritten"", ""text"": ""дощу та, як із вітром. Дивлячись""}, {""bbox"": [7, 1172, 2890, 1406], ""type"": ""handwritten"", ""text"": ""тільки на землю, де в цілій""}, {""bbox"": [3, 1320, 2960, 1575], ""type"": ""handwritten"", ""text"": ""Немов у дошкі, іде весна. Моя люба""}, {""bbox"": [0, 1484, 2993, 1744], ""type"": ""handwritten"", ""text"": ""для мене, що високопіднято не мож-""}, {""bbox"": [0, 1636, 3007, 1906], ""type"": ""handwritten"", ""text"": ""Природою витончена до слова""}, {""bbox"": [7, 1785, 3009, 2055], ""type"": ""handwritten"", ""text"": ""Природо-культурний""}, {""bbox"": [2, 1947, 3008, 2232], ""type"": ""handwritten"", ""text"": ""мов до солідарного - дружного, по-""}, {""bbox"": [0, 2170, 1681, 2435], ""type"": ""handwritten"", ""text"": ""митося у світі.""}]"
cdba39de-3427-5382-b406-c27a0e52ff63.jpg,"[{""bbox"": [1098, 215, 2524, 477], ""type"": ""handwritten"", ""text"": ""Тридцять перше січня""}, {""bbox"": [1094, 406, 2199, 653], ""type"": ""handwritten"", ""text"": ""Домашня робота""}, {""bbox"": [962, 592, 2309, 869], ""type"": ""handwritten"", ""text"": ""Самостійна робота""}, {""bbox"": [954, 779, 2124, 1049], ""type"": ""handwritten"", ""text"": ""Електричне поле""}, {""bbox"": [1300, 1040, 1709, 1174], ""type"": ""handwritten"", ""text"": ""8 - клас""}, {""bbox"": [157, 1176, 406, 1392], ""type"": ""handwritten"", ""text"": ""1. б""}, {""bbox"": [186, 1452, 427, 1578], ""type"": ""handwritten"", ""text"": ""2 a""}, {""bbox"": [188, 1640, 442, 1775], ""type"": ""handwritten"", ""text"": ""3. а""}, {""bbox"": [192, 1757, 447, 1952], ""type"": ""handwritten"", ""text"": ""4. в""}, {""bbox"": [196, 1944, 421, 2131], ""type"": ""handwritten"", ""text"": ""5. б""}, {""bbox"": [203, 2130, 415, 2328], ""type"": ""handwritten"", ""text"": ""6. в""}, {""bbox"": [209, 2311, 478, 2498], ""type"": ""handwritten"", ""text"": ""7. б""}, {""bbox"": [228, 2542, 473, 2691], ""type"": ""handwritten"", ""text"": ""8. a""}, {""bbox"": [238, 2714, 494, 2853], ""type"": ""handwritten"", ""text"": ""9. a""}, {""bbox"": [235, 2845, 486, 3041], ""type"": ""handwritten"", ""text"": ""10. б""}, {""bbox"": [896, 2998, 1520, 3237], ""type"": ""handwritten"", ""text"": ""Розв'язання""}, {""bbox"": [252, 3032, 715, 3229], ""type"": ""handwritten"", ""text"": ""11 Дано:""}, {""bbox"": [889, 3155, 2828, 3399], ""type"": ""formula"", ""text"": ""q = ne = -10^{18} \\cdot 1,6 \\cdot 10^{-19} Кл = -1,6 \\cdot 10^{-1}""}, {""bbox"": [282, 3220, 717, 3395], ""type"": ""handwritten"", ""text"": ""c = 1017""}, {""bbox"": [834, 3352, 2793, 3597], ""type"": ""handwritten"", ""text"": ""|K_{n}| = -1,6 \\mu Кл, e - заряд електрона""}, {""bbox"": [265, 3434, 515, 3635], ""type"": ""handwritten"", ""text"": ""q - ?""}, {""bbox"": [337, 3536, 2817, 3793], ""type"": ""handwritten"", ""text"": ""Заряд палики - 1,6 мкКл, а у \""хутра\"" +1,6""}, {""bbox"": [372, 3728, 2025, 3960], ""type"": ""handwritten"", ""text"": ""МКК Відповідь: -1,6 млрн""}]"
3e920349-b25e-5705-8d5c-839aed38f6c2.jpg,"[{""bbox"": [1150, 14, 2326, 271], ""type"": ""handwritten"", ""text"": ""Домашня робота""}, {""bbox"": [1530, 224, 1867, 422], ""type"": ""formula"", ""text"": ""№ 135""}, {""bbox"": [76, 425, 1255, 854], ""type"": ""formula"", ""text"": ""1) \\begin{array}{c|c|c|c} x & -3 & -0,5 & 2,5 \\\\ \\hline y & 9 & 0,3 & 6,3 \\end{array}""}, {""bbox"": [1477, 443, 2269, 856], ""type"": ""table"", ""text"": ""x | 1 | -2 | 2,2 | 5""}, {""bbox"": [94, 970, 1560, 1144], ""type"": ""formula"", ""text"": ""3) y > 1, якщо x = 2, x = -2, x = 3""}, {""bbox"": [169, 1166, 1675, 1326], ""type"": ""formula"", ""text"": ""y \\geq 1, якщо x = -2, x = -0,5, x = 0""}, {""bbox"": [1229, 1305, 1549, 1504], ""type"": ""handwritten"", ""text"": ""№ 13.7""}, {""bbox"": [100, 1581, 1285, 1727], ""type"": ""formula"", ""text"": ""y = x^2, якщо -2 ≤ x ≤ 3.""}, {""bbox"": [106, 1698, 1747, 2181], ""type"": ""table"", ""text"": ""x | -2 | -1 | 0 | 1 | 2 | 3""}, {""bbox"": [1900, 1508, 3024, 3041], ""type"": ""graph"", ""text"": """"}, {""bbox"": [1519, 3431, 1870, 3624], ""type"": ""handwritten"", ""text"": ""№ 139.""}]"
12b986a4-7c98-5adb-ad30-4c4e86d4b8cf.jpg,"[{""bbox"": [644, 31, 1829, 256], ""type"": ""handwritten"", ""text"": ""Двадцяте квітня""}, {""bbox"": [456, 199, 1711, 434], ""type"": ""handwritten"", ""text"": ""Домашня робота""}, {""bbox"": [832, 383, 1422, 561], ""type"": ""handwritten"", ""text"": ""N 239 (в)""}, {""bbox"": [136, 536, 1585, 802], ""type"": ""formula"", ""text"": ""H_3PO_4 \\to Ba_3(PO_4)_2""}]"
ce81b071-f963-558d-8c2b-ecf490f32658.jpg,"[{""bbox"": [1026, 292, 1381, 445], ""type"": ""handwritten"", ""text"": ""№ 8.10""}, {""bbox"": [247, 455, 2496, 649], ""type"": ""formula"", ""text"": ""Дано: AB = 3 см; BC = 4 см; AEKB - квадрат""}, {""bbox"": [247, 609, 2339, 808], ""type"": ""handwritten"", ""text"": ""Знайти: (ALK) ⊥ (ABC); ABCD - прямокутник""}, {""bbox"": [1499, 784, 2571, 954], ""type"": ""handwritten"", ""text"": ""KB = 3 см (як квадрат),""}, {""bbox"": [261, 761, 1323, 996], ""type"": ""handwritten"", ""text"": ""Дано:""}, {""bbox"": [1135, 974, 2611, 1135], ""type"": ""handwritten"", ""text"": ""оскільки площини А, то прямі""}, {""bbox"": [926, 1067, 1131, 1191], ""type"": ""handwritten"", ""text"": ""5 см""}, {""bbox"": [1291, 1141, 2491, 1309], ""type"": ""handwritten"", ""text"": ""+ ∆ OAB - перпендикулярні""}, {""bbox"": [230, 985, 1253, 1567], ""type"": ""graph"", ""text"": """"}, {""bbox"": [1163, 1293, 2683, 1469], ""type"": ""handwritten"", ""text"": ""між собою, отже КСВ - прям-""}, {""bbox"": [268, 1531, 2676, 1764], ""type"": ""handwritten"", ""text"": ""мокетичний Δ, CC = √(16 + 9) = 5 см і проведемо його -""}, {""bbox"": [255, 1719, 2553, 1935], ""type"": ""handwritten"", ""text"": ""намо ВД, ВС = 3 (як прямокутник), ВД = 5 (як""}, {""bbox"": [256, 1879, 2884, 2101], ""type"": ""handwritten"", ""text"": ""прямокутний Δ); Δ KOB - прямокутний (бо KB ⊥ (BCD);""}, {""bbox"": [281, 2081, 1452, 2251], ""type"": ""formula"", ""text"": ""KD = \\sqrt{25 + 9} = \\sqrt{34} см""}, {""bbox"": [287, 2237, 1436, 2426], ""type"": ""handwritten"", ""text"": ""Відповідь: 5 ам; 534 ам""}, {""bbox"": [1133, 2440, 1504, 2563], ""type"": ""handwritten"", ""text"": ""№ 8.12""}, {""bbox"": [305, 2606, 1466, 2768], ""type"": ""handwritten"", ""text"": ""Дано: ∠(α; β) = 45°""}, {""bbox"": [303, 2789, 941, 2935], ""type"": ""handwritten"", ""text"": ""Знайти: AC""}, {""bbox"": [290, 2933, 1880, 3125], ""type"": ""handwritten"", ""text"": ""Розв'язання: Оскільки AC ⊥ k, і""}, {""bbox"": [299, 3125, 1762, 3308], ""type"": ""formula"", ""text"": ""CK \\perp k, то \\angle AKC = 45^\\circ; AC -""}, {""bbox"": [1, 3283, 179, 3404], ""type"": ""handwritten"", ""text"": ""101""}, {""bbox"": [276, 3286, 1801, 3477], ""type"": ""handwritten"", ""text"": ""1. (Одна це відстань від А до Х)""}, {""bbox"": [285, 3452, 2623, 3647], ""type"": ""handwritten"", ""text"": ""Тоді ∠ C = 45°; Δ A - рівнобедрений, і оскільки""}, {""bbox"": [272, 3592, 2823, 3775], ""type"": ""handwritten"", ""text"": ""гіпотенуза l = 6√15 см, то AC = 6 см, як і їх відповідь: 6 см.""}]"
012bfc6a-e224-58a6-8b72-b24159292c64.jpg,"[{""bbox"": [7, 269, 204, 413], ""type"": ""handwritten"", ""text"": ""о""}, {""bbox"": [607, 0, 1461, 670], ""type"": ""graph"", ""text"": """"}, {""bbox"": [2, 470, 254, 614], ""type"": ""handwritten"", ""text"": ""I-A""}, {""bbox"": [1158, 832, 2342, 1008], ""type"": ""handwritten"", ""text"": ""Контрольна робота""}, {""bbox"": [568, 957, 698, 1056], ""type"": ""handwritten"", ""text"": ""1. a""}, {""bbox"": [551, 1087, 718, 1179], ""type"": ""handwritten"", ""text"": ""2. г""}, {""bbox"": [550, 1206, 721, 1321], ""type"": ""handwritten"", ""text"": ""3. S""}, {""bbox"": [546, 1382, 686, 1460], ""type"": ""handwritten"", ""text"": ""ча""}, {""bbox"": [540, 1499, 705, 1603], ""type"": ""handwritten"", ""text"": ""5. б.""}, {""bbox"": [538, 1644, 702, 1730], ""type"": ""handwritten"", ""text"": ""6. г""}, {""bbox"": [518, 1755, 1719, 1910], ""type"": ""handwritten"", ""text"": ""7. 1 - в 2 - а 3 - г 4 - б""}, {""bbox"": [495, 1912, 1250, 2062], ""type"": ""handwritten"", ""text"": ""8. В, А, Б, Г, Г.""}, {""bbox"": [504, 2049, 1834, 2195], ""type"": ""handwritten"", ""text"": ""9. 1. - Б 2 - Г 3 - А 4 - В.""}, {""bbox"": [516, 2178, 2293, 2388], ""type"": ""handwritten"", ""text"": ""10. Пасхта - це природна різання""}, {""bbox"": [539, 2337, 2428, 2535], ""type"": ""handwritten"", ""text"": ""від мовного до чорного польору,""}, {""bbox"": [504, 2488, 2457, 2671], ""type"": ""handwritten"", ""text"": ""що зустрічається в геологічних""}, {""bbox"": [503, 2640, 2298, 2827], ""type"": ""handwritten"", ""text"": ""утворених під поверхнею Землі.""}, {""bbox"": [479, 2775, 2536, 2981], ""type"": ""handwritten"", ""text"": ""м. Прага самозахисне мосе - найбільша""}, {""bbox"": [484, 2926, 2527, 3143], ""type"": ""handwritten"", ""text"": ""транспортного шляху та й брязнії""}, {""bbox"": [469, 3095, 2375, 3289], ""type"": ""handwritten"", ""text"": ""мія могла відігравати змогу""}, {""bbox"": [469, 3231, 2464, 3438], ""type"": ""handwritten"", ""text"": ""роль у вивесші й освоєнні тери-""}, {""bbox"": [463, 3416, 1535, 3580], ""type"": ""handwritten"", ""text"": ""морії Амазонії:""}]"
6166f538-7510-5339-9e1d-e0b583cf449f.jpg,"[{""bbox"": [653, 112, 1973, 299], ""type"": ""handwritten"", ""text"": ""Двадцять шосте березня""}, {""bbox"": [485, 241, 1653, 432], ""type"": ""handwritten"", ""text"": ""Домашня робота""}, {""bbox"": [788, 378, 1029, 522], ""type"": ""handwritten"", ""text"": ""№ 2""}, {""bbox"": [120, 513, 2022, 716], ""type"": ""handwritten"", ""text"": ""таких""}, {""bbox"": [114, 681, 2356, 872], ""type"": ""handwritten"", ""text"": ""населення як: народжуваністі, смертна-""}, {""bbox"": [104, 826, 1065, 992], ""type"": ""handwritten"", ""text"": ""ті й міграцій""}, {""bbox"": [680, 954, 881, 1097], ""type"": ""handwritten"", ""text"": ""№ 3""}, {""bbox"": [120, 1102, 1889, 1294], ""type"": ""handwritten"", ""text"": ""І 1899 році населення в Україні""}, {""bbox"": [111, 1293, 1629, 1449], ""type"": ""handwritten"", ""text"": ""становило - 28,8 млн осіб.""}, {""bbox"": [81, 1417, 1917, 1605], ""type"": ""handwritten"", ""text"": ""І 1913 році населення в Україні""}, {""bbox"": [46, 1572, 1683, 1735], ""type"": ""handwritten"", ""text"": ""Становило - 35,2 млн осіб.""}]"
8b0afa40-06bb-5843-8d82-c4dd90e456c1.jpg,"[{""bbox"": [2072, 500, 3409, 985], ""type"": ""handwritten"", ""text"": ""Домашня робота""}, {""bbox"": [428, 558, 1005, 994], ""type"": ""handwritten"", ""text"": ""1. Б""}, {""bbox"": [2200, 840, 2462, 1077], ""type"": ""handwritten"", ""text"": ""~~Ка~~""}, {""bbox"": [2916, 889, 3347, 1193], ""type"": ""handwritten"", ""text"": ""7. А""}, {""bbox"": [427, 975, 852, 1354], ""type"": ""handwritten"", ""text"": ""2. Б""}, {""bbox"": [2910, 1197, 3453, 1522], ""type"": ""handwritten"", ""text"": ""8. ~~А~~ А""}, {""bbox"": [418, 1335, 948, 1726], ""type"": ""handwritten"", ""text"": ""3. В""}, {""bbox"": [2918, 1487, 3385, 1828], ""type"": ""handwritten"", ""text"": ""9. Б""}, {""bbox"": [358, 1698, 903, 2093], ""type"": ""handwritten"", ""text"": ""4. А""}, {""bbox"": [2931, 1839, 3414, 2149], ""type"": ""handwritten"", ""text"": ""10. [""}, {""bbox"": [2930, 2122, 3381, 2439], ""type"": ""handwritten"", ""text"": ""11. Б""}, {""bbox"": [339, 2130, 901, 2525], ""type"": ""handwritten"", ""text"": ""5. А""}, {""bbox"": [2939, 2464, 3637, 2790], ""type"": ""handwritten"", ""text"": ""12. 6√3""}, {""bbox"": [263, 2488, 936, 2905], ""type"": ""handwritten"", ""text"": ""6. А)""}]"
2167e4da-6505-5f5d-8520-d6ab360ff9d3.jpg,"[{""bbox"": [125, 504, 1471, 701], ""type"": ""handwritten"", ""text"": ""раїя; Білорусь, Булуція,""}, {""bbox"": [126, 651, 1312, 795], ""type"": ""handwritten"", ""text"": ""Польща, Словаччина,""}, {""bbox"": [125, 761, 1341, 901], ""type"": ""handwritten"", ""text"": ""Горизуна, Молдова є""}, {""bbox"": [136, 875, 1397, 1019], ""type"": ""handwritten"", ""text"": ""суспільніми державами,""}, {""bbox"": [132, 983, 1774, 1139], ""type"": ""handwritten"", ""text"": ""народи цих країн відносяться""}, {""bbox"": [127, 1084, 1643, 1249], ""type"": ""handwritten"", ""text"": ""до індоєвропейської мовної""}, {""bbox"": [157, 1210, 486, 1326], ""type"": ""handwritten"", ""text"": ""сім'я.""}, {""bbox"": [473, 1299, 1022, 1453], ""type"": ""handwritten"", ""text"": ""Завдання 3""}, {""bbox"": [122, 1416, 1518, 1604], ""type"": ""handwritten"", ""text"": ""Однонаціональна держава""}, {""bbox"": [125, 1506, 1571, 1630], ""type"": ""handwritten"", ""text"": ""відносяться до гіпотез. Вір-""}, {""bbox"": [121, 1650, 1734, 1816], ""type"": ""handwritten"", ""text"": ""ленія, Південна та Північна""}, {""bbox"": [113, 1768, 1063, 1929], ""type"": ""handwritten"", ""text"": ""Корея, Табарія.""}, {""bbox"": [105, 1923, 1598, 2100], ""type"": ""handwritten"", ""text"": ""Болатоназціянальні держави""}, {""bbox"": [107, 2059, 1535, 2234], ""type"": ""handwritten"", ""text"": ""це: Україна, Росія, Німеччина,""}, {""bbox"": [108, 2192, 1267, 2370], ""type"": ""handwritten"", ""text"": ""Ірон; Ірон; Ірон; Ірон; Ірон; Ірон; Ірон; Ірон; Ірон; Ірон; Ірон; Ірон; Ірон; Ірон; Ірон; Ірон; Ірон; Ірон; Ірон; Ірон; Ірон; Ірон; Ірон; Ірон; Ірон; Ірон; Ірон; Ірон; Ірон; Ірон; Ірон; Ірон; Ірон; Ірон; Ірон; Ірон; Ірон; Ірон; Ірон; Ірон;""}]"
0ee54300-0c40-5a7f-90bb-7d738e564a76.jpg,"[{""bbox"": [1343, 35, 1569, 183], ""type"": ""handwritten"", ""text"": ""16) А""}, {""bbox"": [108, 41, 347, 207], ""type"": ""handwritten"", ""text"": ""1) В""}, {""bbox"": [1339, 183, 1591, 348], ""type"": ""handwritten"", ""text"": ""17) Б""}, {""bbox"": [107, 218, 312, 384], ""type"": ""handwritten"", ""text"": ""2) А""}, {""bbox"": [1336, 348, 1593, 517], ""type"": ""handwritten"", ""text"": ""18) В""}, {""bbox"": [99, 395, 355, 557], ""type"": ""handwritten"", ""text"": ""3) Б""}, {""bbox"": [1329, 499, 1751, 695], ""type"": ""handwritten"", ""text"": ""19) Б, Г""}, {""bbox"": [100, 558, 327, 724], ""type"": ""handwritten"", ""text"": ""4) Б""}, {""bbox"": [1334, 679, 1592, 831], ""type"": ""handwritten"", ""text"": ""20) В""}, {""bbox"": [110, 725, 328, 897], ""type"": ""handwritten"", ""text"": ""5) В""}, {""bbox"": [1331, 834, 1600, 1012], ""type"": ""handwritten"", ""text"": ""21) В""}, {""bbox"": [118, 895, 317, 1070], ""type"": ""handwritten"", ""text"": ""6) б""}, {""bbox"": [1329, 1007, 1602, 1165], ""type"": ""handwritten"", ""text"": ""22) В""}, {""bbox"": [119, 1074, 470, 1258], ""type"": ""handwritten"", ""text"": ""7) А, В""}, {""bbox"": [1323, 1174, 1578, 1335], ""type"": ""handwritten"", ""text"": ""23) А""}, {""bbox"": [115, 1234, 463, 1415], ""type"": ""handwritten"", ""text"": ""8) А, Б""}, {""bbox"": [1327, 1330, 1720, 1516], ""type"": ""handwritten"", ""text"": ""24) A, B""}, {""bbox"": [112, 1418, 334, 1582], ""type"": ""handwritten"", ""text"": ""9) А""}, {""bbox"": [100, 1562, 347, 1741], ""type"": ""handwritten"", ""text"": ""10) Б""}, {""bbox"": [98, 1745, 457, 1912], ""type"": ""handwritten"", ""text"": ""11) А, В""}, {""bbox"": [97, 1908, 352, 2123], ""type"": ""handwritten"", ""text"": ""12) Б""}, {""bbox"": [82, 2082, 342, 2276], ""type"": ""handwritten"", ""text"": ""13) Б""}, {""bbox"": [65, 2235, 344, 2418], ""type"": ""handwritten"", ""text"": ""14) Б""}, {""bbox"": [63, 2424, 334, 2593], ""type"": ""handwritten"", ""text"": ""15) В""}]"
2e3b30e8-c613-5716-8403-e41cee116ca4.jpg,"[{""bbox"": [93, 244, 1217, 1171], ""type"": ""graph"", ""text"": """"}, {""bbox"": [909, 1434, 1996, 1624], ""type"": ""handwritten"", ""text"": ""Домашня робота""}, {""bbox"": [1178, 1581, 1483, 1757], ""type"": ""handwritten"", ""text"": ""№ 8.3""}, {""bbox"": [2862, 1609, 3024, 1737], ""type"": ""handwritten"", ""text"": ""Ви""}, {""bbox"": [180, 1796, 2121, 2004], ""type"": ""handwritten"", ""text"": ""1) AB ⊥ m, отже ABC - лінійний кут""}, {""bbox"": [2885, 1967, 3024, 2109], ""type"": ""handwritten"", ""text"": ""12""}, {""bbox"": [207, 2089, 2777, 2277], ""type"": ""handwritten"", ""text"": ""2) m ⊥ (ABC), оскільки m ⊥ AB, m ⊥ BC, AB ∩ BC = B,""}, {""bbox"": [179, 2299, 509, 2435], ""type"": ""handwritten"", ""text"": ""вєм""}, {""bbox"": [951, 2426, 1293, 2582], ""type"": ""handwritten"", ""text"": ""№ 8.7""}, {""bbox"": [2876, 2584, 3020, 2712], ""type"": ""handwritten"", ""text"": ""ск""}, {""bbox"": [159, 2640, 2775, 2894], ""type"": ""handwritten"", ""text"": ""1) BC ⊥ (ABK), бо BC ⊥ AB (як прямокутник) та""}, {""bbox"": [2837, 2771, 3024, 2917], ""type"": ""handwritten"", ""text"": ""1)""}, {""bbox"": [165, 2841, 1873, 3033], ""type"": ""handwritten"", ""text"": ""BC ⊥ BK (як лінійний кут квад)""}, {""bbox"": [2850, 2969, 3024, 3095], ""type"": ""handwritten"", ""text"": ""Т-""}, {""bbox"": [155, 3031, 2786, 3248], ""type"": ""handwritten"", ""text"": ""2) LC || (ABC), оскільки LC ⊥ (ABC) і LC || AB, AB ⊂ (ABC).""}]"
db772a33-847f-51ae-9a22-c7bdec85c0d7.jpg,"[{""bbox"": [515, 175, 2507, 422], ""type"": ""handwritten"", ""text"": ""Домашня робота""}, {""bbox"": [1088, 371, 1746, 556], ""type"": ""handwritten"", ""text"": ""N 13.5""}, {""bbox"": [208, 1092, 1153, 1629], ""type"": ""table"", ""text"": ""x | -3 | -0,5 | 2 | 2,5\ny | 9 | 0,25 | 6,25""}, {""bbox"": [101, 1734, 806, 2011], ""type"": ""handwritten"", ""text"": ""2) y = x^2""}, {""bbox"": [193, 1998, 947, 2561], ""type"": ""table"", ""text"": ""x | 2 | 2,25\nx | 2 | 2,25\n4 | 4 | 5""}, {""bbox"": [94, 2636, 1616, 3290], ""type"": ""table"", ""text"": ""3) | x | -0,5 | 0,5 | 1,25 | -1,25 | -1,5""}]"
9ea12296-dc93-5cd5-8a84-23d3dc55a6e9.jpg,"[{""bbox"": [659, 432, 2830, 664], ""type"": ""handwritten"", ""text"": ""Комарика добора""}, {""bbox"": [1100, 613, 2294, 866], ""type"": ""handwritten"", ""text"": ""Вправа 267""}, {""bbox"": [157, 834, 3124, 1136], ""type"": ""handwritten"", ""text"": ""Знайти, кіпо, усміхногога,""}, {""bbox"": [678, 1088, 3795, 1402], ""type"": ""handwritten"", ""text"": ""лювся, розігріваю, зпідгріваю""}, {""bbox"": [676, 1332, 3780, 1624], ""type"": ""handwritten"", ""text"": ""а, знову, місії, підтримують""}, {""bbox"": [261, 1580, 3274, 1905], ""type"": ""handwritten"", ""text"": ""здалеку, ледве, з'явиться.""}]"
3f0e94da-d247-523a-9278-1a407a6cc828.jpg,"[{""bbox"": [1085, 64, 3268, 290], ""type"": ""handwritten"", ""text"": ""Двадцять друге січня""}, {""bbox"": [1084, 245, 3268, 459], ""type"": ""handwritten"", ""text"": ""Домашня робота.""}, {""bbox"": [455, 425, 3476, 659], ""type"": ""handwritten"", ""text"": ""Вовчата пастуся не спокійно""}, {""bbox"": [394, 616, 3322, 836], ""type"": ""handwritten"", ""text"": ""Не пізнане копа покі згодоці""}, {""bbox"": [394, 811, 3083, 1023], ""type"": ""handwritten"", ""text"": ""не звернення, які ліко""}, {""bbox"": [454, 991, 3476, 1218], ""type"": ""handwritten"", ""text"": ""кождого то дода не прохання""}, {""bbox"": [391, 1164, 3372, 1378], ""type"": ""handwritten"", ""text"": ""Пилетаємо до гурту кожна""}, {""bbox"": [555, 1329, 3515, 1551], ""type"": ""handwritten"", ""text"": ""кого, прохоре диво казається.""}, {""bbox"": [454, 1513, 3476, 1730], ""type"": ""handwritten"", ""text"": ""3. Людське трудове життя рухається""}, {""bbox"": [455, 1700, 3450, 1907], ""type"": ""handwritten"", ""text"": ""і сонячного затишного""}, {""bbox"": [455, 1862, 3476, 2101], ""type"": ""handwritten"", ""text"": ""зня. Дитина і не навчилася""}, {""bbox"": [455, 2063, 3476, 2286], ""type"": ""handwritten"", ""text"": ""димиси і нанадимиса, ~~димиси~~""}, {""bbox"": [458, 2234, 3477, 2448], ""type"": ""handwritten"", ""text"": ""чимпанзі, луначі, і на чергу жаба""}, {""bbox"": [482, 2404, 1460, 2612], ""type"": ""handwritten"", ""text"": ""розітну.""}]"
4a021a5c-f436-5381-a993-f042596b6639.jpg,"[{""bbox"": [829, 509, 2670, 833], ""type"": ""handwritten"", ""text"": ""Тати: „Домедичне донько“""}, {""bbox"": [2818, 600, 3118, 730], ""type"": ""handwritten"", ""text"": ""19.05.22""}, {""bbox"": [115, 799, 353, 938], ""type"": ""handwritten"", ""text"": ""1. а""}, {""bbox"": [119, 972, 319, 1123], ""type"": ""handwritten"", ""text"": ""2. в""}, {""bbox"": [101, 1201, 324, 1339], ""type"": ""handwritten"", ""text"": ""3. a""}, {""bbox"": [105, 1354, 325, 1540], ""type"": ""handwritten"", ""text"": ""4. б""}, {""bbox"": [99, 1557, 303, 1749], ""type"": ""handwritten"", ""text"": ""5. б""}, {""bbox"": [94, 1827, 289, 1957], ""type"": ""handwritten"", ""text"": ""6. a""}, {""bbox"": [100, 2020, 300, 2168], ""type"": ""handwritten"", ""text"": ""7. а""}, {""bbox"": [98, 2227, 308, 2390], ""type"": ""handwritten"", ""text"": ""1. г""}, {""bbox"": [104, 2384, 307, 2573], ""type"": ""handwritten"", ""text"": ""9. б""}, {""bbox"": [107, 2575, 423, 2786], ""type"": ""handwritten"", ""text"": ""10. б""}, {""bbox"": [106, 2791, 407, 2999], ""type"": ""handwritten"", ""text"": ""110""}, {""bbox"": [102, 3007, 592, 3231], ""type"": ""handwritten"", ""text"": ""12. б, в""}]"
f9051dc0-bd73-5f7a-a09a-48b29e41db80.jpg,"[{""bbox"": [1174, 180, 1496, 427], ""type"": ""handwritten"", ""text"": ""CH3""}, {""bbox"": [387, 564, 2529, 870], ""type"": ""handwritten"", ""text"": ""CH3 - CH2 - CH - CH - COOH""}, {""bbox"": [1652, 969, 1905, 1199], ""type"": ""handwritten"", ""text"": ""CH2""}, {""bbox"": [1605, 1191, 1900, 1487], ""type"": ""handwritten"", ""text"": ""CH3""}, {""bbox"": [707, 1560, 3095, 1824], ""type"": ""handwritten"", ""text"": ""2 - етил - 3 - метилбутанової""}, {""bbox"": [1230, 1822, 1533, 2093], ""type"": ""handwritten"", ""text"": ""CH3""}, {""bbox"": [548, 2091, 2618, 2388], ""type"": ""formula"", ""text"": ""CH3 - CH - CH - CH - COOH""}, {""bbox"": [1595, 2359, 1809, 2695], ""type"": ""handwritten"", ""text"": ""1""}, {""bbox"": [619, 2701, 3014, 2991], ""type"": ""handwritten"", ""text"": ""3 - метил - 2-хлорпропанонові""}]"
b8a1dbdf-e4e5-51a1-8948-b972dd0385b5.jpg,"[{""bbox"": [211, 1, 2221, 248], ""type"": ""handwritten"", ""text"": ""2. Гуакамоле - середній рід""}, {""bbox"": [405, 141, 1997, 427], ""type"": ""handwritten"", ""text"": ""Увасі - найвологий рід""}, {""bbox"": [406, 342, 2024, 618], ""type"": ""handwritten"", ""text"": ""Тиранійод - середній рід""}, {""bbox"": [440, 545, 1806, 802], ""type"": ""handwritten"", ""text"": ""Соте - середній рід""}, {""bbox"": [393, 711, 2038, 1016], ""type"": ""handwritten"", ""text"": ""Мацоні - середній рід""}, {""bbox"": [178, 878, 1097, 1089], ""type"": ""handwritten"", ""text"": ""3. 1) гетероциклог""}, {""bbox"": [416, 1095, 1332, 1274], ""type"": ""handwritten"", ""text"": ""2) поглинання""}, {""bbox"": [446, 1246, 987, 1440], ""type"": ""handwritten"", ""text"": ""3) пером""}, {""bbox"": [492, 1447, 1128, 1614], ""type"": ""handwritten"", ""text"": ""4) чешуйчатий""}, {""bbox"": [491, 1614, 1306, 1862], ""type"": ""handwritten"", ""text"": ""5) мутаген""}, {""bbox"": [149, 1805, 1602, 2057], ""type"": ""handwritten"", ""text"": ""1. Коридор - коридору""}, {""bbox"": [272, 1980, 1615, 2213], ""type"": ""handwritten"", ""text"": ""квадрат - квадратна""}, {""bbox"": [284, 2155, 1332, 2347], ""type"": ""handwritten"", ""text"": ""Тема - перелома""}, {""bbox"": [301, 2319, 1116, 2571], ""type"": ""handwritten"", ""text"": ""Пісок - піску""}, {""bbox"": [325, 2500, 1469, 2746], ""type"": ""handwritten"", ""text"": ""Світлість - Світлозню""}, {""bbox"": [341, 2698, 1701, 2937], ""type"": ""handwritten"", ""text"": ""чорнозем - чорноземну""}, {""bbox"": [284, 2904, 1190, 3059], ""type"": ""handwritten"", ""text"": ""клек - клена""}, {""bbox"": [263, 3030, 1204, 3268], ""type"": ""handwritten"", ""text"": ""Рубай - Дубано""}, {""bbox"": [255, 3213, 1431, 3449], ""type"": ""handwritten"", ""text"": ""Домбас - Донбасу""}, {""bbox"": [259, 3406, 1301, 3574], ""type"": ""handwritten"", ""text"": ""горок - горака""}, {""bbox"": [257, 3574, 1624, 3777], ""type"": ""handwritten"", ""text"": ""косинусо- посинуса""}]"
da3bdbcf-6827-5e88-a891-f6818c7938a6.jpg,"[{""bbox"": [767, 43, 3471, 236], ""type"": ""handwritten"", ""text"": ""тій сонцем. Сивий, статтечний, найшанованіший у громаді""}, {""bbox"": [317, 241, 3021, 478], ""type"": ""handwritten"", ""text"": ""вік благословляв чумаків перед дорогою, нелегкою. Гори, ясні""}, {""bbox"": [46, 445, 2750, 660], ""type"": ""handwritten"", ""text"": ""багрянцем, стояли до самого небокраю. Вагончики, ву-""}, {""bbox"": [677, 642, 3381, 865], ""type"": ""handwritten"", ""text"": ""скричикають, похитують нас, колесують ранковою вулицею""}]"
81bf9ff0-a620-5e25-986f-39391f894cf5.jpg,"[{""bbox"": [938, 1026, 1715, 1212], ""type"": ""handwritten"", ""text"": ""Третє лютого""}, {""bbox"": [757, 1147, 1774, 1353], ""type"": ""handwritten"", ""text"": ""Домашня робота""}, {""bbox"": [523, 1262, 1753, 1479], ""type"": ""handwritten"", ""text"": ""1. Поход~~и~~{ло} зі трагедіями.""}, {""bbox"": [500, 1412, 2658, 1618], ""type"": ""handwritten"", ""text"": ""2. Повіяло холодними сильними вітрами""}, {""bbox"": [506, 1541, 2625, 1743], ""type"": ""handwritten"", ""text"": ""Серце стискалося від болючого цимоця""}, {""bbox"": [482, 1664, 2026, 1839], ""type"": ""handwritten"", ""text"": ""Одиниці при спорядженні думку""}, {""bbox"": [516, 1782, 2668, 1994], ""type"": ""handwritten"", ""text"": ""Але ж на виконах світлилася примінка""}, {""bbox"": [0, 1915, 242, 2084], ""type"": ""handwritten"", ""text"": ""роко""}, {""bbox"": [1, 2070, 179, 2202], ""type"": ""handwritten"", ""text"": ""них""}, {""bbox"": [1, 2174, 508, 2360], ""type"": ""handwritten"", ""text"": ""4 гостри-""}, {""bbox"": [0, 2640, 373, 2806], ""type"": ""handwritten"", ""text"": ""вважати""}]"
e260370e-ba23-56b4-ae0c-bfbda66bf49b.jpg,"[{""bbox"": [253, 352, 2746, 695], ""type"": ""handwritten"", ""text"": ""людовим унімського матеріалу, що""}, {""bbox"": [154, 629, 1870, 862], ""type"": ""handwritten"", ""text"": ""перемкнитись в його товщі.""}, {""bbox"": [181, 790, 2453, 1100], ""type"": ""handwritten"", ""text"": ""переповнення в його течіях""}, {""bbox"": [142, 1019, 2805, 1293], ""type"": ""handwritten"", ""text"": ""людини, який мав кілька сот метрів""}, {""bbox"": [174, 1224, 2602, 1497], ""type"": ""handwritten"", ""text"": ""говщини, на сусідні території дули""}, {""bbox"": [219, 1411, 2554, 1684], ""type"": ""handwritten"", ""text"": ""сильні вітри. Вони піднимали піски""}, {""bbox"": [213, 1607, 2901, 1892], ""type"": ""handwritten"", ""text"": ""й суцільними та розрізнявами їх на кількох""}, {""bbox"": [190, 1801, 2984, 2090], ""type"": ""handwritten"", ""text"": ""а суцільними та розривними""}, {""bbox"": [200, 2000, 2535, 2285], ""type"": ""handwritten"", ""text"": ""потужні товки шикуватих породи""}, {""bbox"": [211, 2217, 1924, 2490], ""type"": ""handwritten"", ""text"": ""ховтізватого колору-ми.""}]"
3e441d16-245d-552b-8f44-06206bf42ac7.jpg,"[{""bbox"": [570, 928, 3615, 1201], ""type"": ""handwritten"", ""text"": ""5. двадцята одиниця, що дорівнює одній десятій одини-""}, {""bbox"": [562, 1111, 3580, 1388], ""type"": ""handwritten"", ""text"": ""5. дасьма одиниця, що дорівнює одній усім""}, {""bbox"": [665, 1289, 3720, 1566], ""type"": ""handwritten"", ""text"": ""створення відео фільмів, що можуть""}, {""bbox"": [665, 1450, 3720, 1772], ""type"": ""handwritten"", ""text"": ""містити відеофрагменти, фото, звуко-""}, {""bbox"": [665, 1636, 3720, 1947], ""type"": ""handwritten"", ""text"": ""містити відсустримо, роз-""}, {""bbox"": [737, 1837, 3630, 2125], ""type"": ""handwritten"", ""text"": ""1. етан - розрібляється стенні цемарій""}, {""bbox"": [838, 2023, 3742, 2301], ""type"": ""handwritten"", ""text"": ""2 етап - виконується підготовка аудіо, -""}, {""bbox"": [915, 2226, 3310, 2481], ""type"": ""handwritten"", ""text"": ""гроша та відеомате - ріанів""}, {""bbox"": [881, 2394, 3921, 2689], ""type"": ""handwritten"", ""text"": ""3 етап - виконується монтаж відеофільму""}]"
011934b4-d919-5000-8c1e-39f96daeba68.jpg,"[{""bbox"": [473, 817, 1155, 954], ""type"": ""handwritten"", ""text"": ""Домашня робота""}, {""bbox"": [59, 1106, 1358, 1272], ""type"": ""formula"", ""text"": ""1) \\sqrt{0} = 0^2 \\quad 2) \\sqrt{1} = -1^2 \\quad 3) \\sqrt{36} = 6^2""}, {""bbox"": [54, 1293, 301, 1413], ""type"": ""formula"", ""text"": ""14.5""}, {""bbox"": [7, 1455, 1188, 1594], ""type"": ""handwritten"", ""text"": ""1) так тому що √9 = 3² і ≥ 0""}, {""bbox"": [0, 1579, 1499, 1744], ""type"": ""handwritten"", ""text"": ""2) ні тому що V-49 менше \""0\""""}, {""bbox"": [2, 1764, 265, 1926], ""type"": ""handwritten"", ""text"": ""№ 14.7""}, {""bbox"": [47, 1932, 1302, 2072], ""type"": ""handwritten"", ""text"": ""√169 = 13 таємно 13² = 169 > 0""}, {""bbox"": [33, 2059, 1336, 2258], ""type"": ""handwritten"", ""text"": ""√1/9 = 1/3 тому що (1/3)² = 1/9 і > 0""}, {""bbox"": [1, 2325, 259, 2470], ""type"": ""handwritten"", ""text"": ""№ 14.9""}, {""bbox"": [2, 2454, 1817, 2627], ""type"": ""formula"", ""text"": ""1) \\sqrt{25} = 5^2 \\quad 2) \\sqrt{36} = 6^2 \\quad 3) \\sqrt{0,16} = 0,4^2 \\quad 4) \\sqrt{4900} = 70^2""}, {""bbox"": [4, 2582, 1814, 2788], ""type"": ""formula"", ""text"": ""7) \\sqrt{0,04} = 0,2^2 \\quad 6) \\sqrt{\\frac{1}{64}} = (\\frac{1}{8})^2 \\quad 7) \\sqrt{1\\frac{11}{25}} = (\\frac{6}{5})^2 \\quad 8) \\sqrt{3\\frac{1}{16}} = 3(\\frac{1}{4})^2""}]"
8fd0b710-7b73-5e10-99c1-9c9c7e975390.jpg,"[{""bbox"": [380, 152, 1630, 390], ""type"": ""formula"", ""text"": ""8. A (2; -3; 1)""}, {""bbox"": [719, 369, 1329, 552], ""type"": ""formula"", ""text"": ""B(0; 1; 3)""}, {""bbox"": [712, 530, 1567, 740], ""type"": ""formula"", ""text"": ""C(-2; 0; 3)""}, {""bbox"": [2109, 621, 2953, 905], ""type"": ""formula"", ""text"": ""AB (2; -4; -2)""}, {""bbox"": [506, 634, 1935, 1063], ""type"": ""formula"", ""text"": ""C(-2; 0; 3) \\quad \\cos \\angle B = \\frac{\\vec{AB} \\cdot \\vec{AC}}{|\\vec{AB}| \\cdot |\\vec{AC}|}""}, {""bbox"": [2159, 817, 2911, 1074], ""type"": ""formula"", ""text"": ""B(-2; -1; 0)""}, {""bbox"": [518, 1023, 1437, 1298], ""type"": ""formula"", ""text"": ""\\vec{AB} \\cdot \\vec{AC} = 0""}, {""bbox"": [560, 1219, 3032, 1516], ""type"": ""handwritten"", ""text"": ""AB AC = 0""}, {""bbox"": [558, 1452, 1789, 1717], ""type"": ""handwritten"", ""text"": ""Оскільки AB ⊥ AC""}, {""bbox"": [710, 1723, 1292, 1896], ""type"": ""formula"", ""text"": ""∠B = 90°""}]"
1b908b1b-dbb0-563c-bd3d-a0c0b5935ab7.jpg,"[{""bbox"": [181, 197, 1380, 348], ""type"": ""handwritten"", ""text"": ""Висновок: Найшвидше розчинилася сіль, цукр,""}, {""bbox"": [181, 307, 1380, 437], ""type"": ""handwritten"", ""text"": ""сода. Лимонна кислота розчинялася найдо-""}, {""bbox"": [174, 410, 306, 494], ""type"": ""handwritten"", ""text"": ""Вже.""}, {""bbox"": [183, 502, 1380, 626], ""type"": ""handwritten"", ""text"": ""Більше розчиняються сіль, цукор, мицена""}, {""bbox"": [161, 620, 402, 694], ""type"": ""handwritten"", ""text"": ""кислота.""}]"
a3720007-553a-5cbb-9c0b-501605390704.jpg,"[{""bbox"": [286, 246, 673, 357], ""type"": ""handwritten"", ""text"": ""9. 1, A""}, {""bbox"": [463, 353, 707, 468], ""type"": ""handwritten"", ""text"": ""2. Б""}, {""bbox"": [472, 464, 693, 592], ""type"": ""handwritten"", ""text"": ""3. Г""}, {""bbox"": [488, 600, 691, 705], ""type"": ""handwritten"", ""text"": ""4 В""}, {""bbox"": [187, 822, 2002, 992], ""type"": ""handwritten"", ""text"": ""10. НАФТА - при синтезі півень утворюється про""}, {""bbox"": [176, 934, 1934, 1135], ""type"": ""handwritten"", ""text"": ""Створення Північноамериканської""}, {""bbox"": [170, 1063, 2137, 1265], ""type"": ""handwritten"", ""text"": ""зони вільної торгівлі між Канадою,""}, {""bbox"": [217, 1220, 1142, 1390], ""type"": ""handwritten"", ""text"": ""Мексиканське і США""}, {""bbox"": [173, 1345, 2166, 1546], ""type"": ""handwritten"", ""text"": ""11. Пронесли морське село - найбільша""}, {""bbox"": [180, 1484, 2087, 1686], ""type"": ""handwritten"", ""text"": ""проклята спортивна маніпуляція \""Брозилії\"".""}, {""bbox"": [148, 1618, 2208, 1824], ""type"": ""handwritten"", ""text"": ""12 України „Зручного пропорції - це держави""}, {""bbox"": [157, 1752, 2208, 1967], ""type"": ""handwritten"", ""text"": ""які дозволяють реєструвати морські су-""}, {""bbox"": [166, 1913, 2179, 2116], ""type"": ""handwritten"", ""text"": ""досі пів своїми пропорами за спрошеного""}, {""bbox"": [170, 2064, 2254, 2264], ""type"": ""handwritten"", ""text"": ""процедурою, навіть якщо судило не належн~~и~~{о}""}, {""bbox"": [182, 2246, 1220, 2389], ""type"": ""handwritten"", ""text"": ""і інші громадяни""}, {""bbox"": [892, 2337, 1252, 2454], ""type"": ""handwritten"", ""text"": ""14 рівень""}, {""bbox"": [160, 2415, 254, 2502], ""type"": ""handwritten"", ""text"": ""13.""}, {""bbox"": [262, 2428, 2265, 2626], ""type"": ""handwritten"", ""text"": ""1. Спотужа свобода розмальована в Нью-""}, {""bbox"": [190, 2571, 2291, 2800], ""type"": ""handwritten"", ""text"": ""ворку, а селянським свободи та де-""}, {""bbox"": [117, 2740, 2296, 2980], ""type"": ""handwritten"", ""text"": ""мократії. Подарована Громцією синку""}]"
cb8c96d6-b38e-55af-aa67-083cd8e610f3.jpg,"[{""bbox"": [39, 1424, 1814, 1599], ""type"": ""handwritten"", ""text"": ""- дешеві робочі сили""}, {""bbox"": [0, 1635, 2923, 1838], ""type"": ""handwritten"", ""text"": ""- тренування вирощування села на досвід""}, {""bbox"": [57, 1890, 611, 2034], ""type"": ""handwritten"", ""text"": ""речовини рів""}, {""bbox"": [75, 2070, 2679, 2285], ""type"": ""handwritten"", ""text"": ""- розвинення інфраструктури для""}, {""bbox"": [117, 2291, 2392, 2531], ""type"": ""handwritten"", ""text"": ""експортну ( порт. землі землі :)""}]"
b01c3599-8158-5d02-95d9-969e2031ac38.jpg,"[{""bbox"": [1416, 357, 3016, 636], ""type"": ""handwritten"", ""text"": ""Чотирнадцяте січня""}, {""bbox"": [1671, 566, 3141, 785], ""type"": ""handwritten"", ""text"": ""Домашня робота""}, {""bbox"": [1888, 760, 2852, 983], ""type"": ""handwritten"", ""text"": ""Вправа 267""}, {""bbox"": [815, 943, 3767, 1252], ""type"": ""handwritten"", ""text"": ""знати, лоше, віче, усміхатись,""}, {""bbox"": [455, 1203, 3477, 1467], ""type"": ""handwritten"", ""text"": ""загальний, підмисковий, понідпис-""}, {""bbox"": [455, 1393, 3477, 1646], ""type"": ""handwritten"", ""text"": ""звітування, місія, сенсор, підтрим-""}, {""bbox"": [417, 1678, 1727, 1938], ""type"": ""handwritten"", ""text"": ""здашку метро.""}]"
2d6d084a-84db-5133-832d-cee551c9cd94.jpg,"[{""bbox"": [187, 308, 3333, 712], ""type"": ""handwritten"", ""text"": ""поми, він підготувався від підйому""}, {""bbox"": [185, 548, 3220, 896], ""type"": ""handwritten"", ""text"": ""поми, він піднявся""}, {""bbox"": [176, 778, 2681, 1071], ""type"": ""handwritten"", ""text"": ""над політичною""}, {""bbox"": [175, 986, 2542, 1249], ""type"": ""handwritten"", ""text"": ""вид працелюбну як поїзди на""}, {""bbox"": [161, 1179, 2590, 1427], ""type"": ""handwritten"", ""text"": ""могли би падати, може""}, {""bbox"": [163, 1352, 3210, 1622], ""type"": ""handwritten"", ""text"": ""домоглися швидкості до 600 км/год,""}, {""bbox"": [139, 1541, 3269, 1821], ""type"": ""handwritten"", ""text"": ""що робимо його надзвичайно""}, {""bbox"": [101, 1746, 2926, 1998], ""type"": ""handwritten"", ""text"": ""відмінливими децентралізувався на""}, {""bbox"": [97, 1926, 2787, 2196], ""type"": ""handwritten"", ""text"": ""вивчається у відповідності до""}, {""bbox"": [60, 2134, 2765, 2414], ""type"": ""handwritten"", ""text"": ""згадані розвиток гіперсег""}, {""bbox"": [47, 2330, 2833, 2615], ""type"": ""handwritten"", ""text"": ""загальні рухливі і нерухливі""}, {""bbox"": [37, 2537, 3062, 2844], ""type"": ""handwritten"", ""text"": ""пущив у якої капули лягушка""}, {""bbox"": [7, 2752, 3152, 3060], ""type"": ""handwritten"", ""text"": ""приміщання на надзвичайно""}, {""bbox"": [0, 2983, 3017, 3304], ""type"": ""handwritten"", ""text"": ""високих швидкопоїних зоводін""}, {""bbox"": [0, 3208, 2471, 3560], ""type"": ""handwritten"", ""text"": ""зменшенню опору повітря,""}]"
5413bb7b-6b69-5589-b218-bfeb24d37648.jpg,"[{""bbox"": [757, 162, 3780, 545], ""type"": ""handwritten"", ""text"": ""виснажується ослабленням: вода завжди""}, {""bbox"": [555, 484, 3578, 837], ""type"": ""handwritten"", ""text"": ""ється туди, де вища концентра-""}, {""bbox"": [238, 807, 1211, 1102], ""type"": ""handwritten"", ""text"": ""~~води~~ осі.""}, {""bbox"": [455, 1052, 3477, 1378], ""type"": ""handwritten"", ""text"": ""трісноводні риби в морі: сасо-""}, {""bbox"": [555, 1333, 3578, 1654], ""type"": ""handwritten"", ""text"": ""вода витягує рідину з тіла ри-""}, {""bbox"": [455, 1610, 3477, 1888], ""type"": ""handwritten"", ""text"": ""назовні. Риба втрачає воду, її кі-""}, {""bbox"": [454, 1868, 3477, 2165], ""type"": ""handwritten"", ""text"": ""зморшкується, і вона чиме від""}, {""bbox"": [306, 2178, 1357, 2450], ""type"": ""handwritten"", ""text"": ""знаводження.""}, {""bbox"": [454, 2369, 3470, 2681], ""type"": ""handwritten"", ""text"": ""Морські риби в річці: крісна вода""}]"
45fcc1af-e4bb-5932-a521-d73b8cda4427.jpg,"[{""bbox"": [664, 428, 3013, 768], ""type"": ""handwritten"", ""text"": ""сімій - соні батареї, які можуть""}, {""bbox"": [3145, 604, 3465, 753], ""type"": ""handwritten"", ""text"": ""пош""}, {""bbox"": [635, 598, 3087, 874], ""type"": ""handwritten"", ""text"": ""зберігати значну кількість енергії""}, {""bbox"": [3154, 759, 3460, 894], ""type"": ""handwritten"", ""text"": ""кое""}, {""bbox"": [629, 752, 3046, 1038], ""type"": ""handwritten"", ""text"": ""зберігати злагоду""}, {""bbox"": [3147, 918, 3468, 1049], ""type"": ""handwritten"", ""text"": ""ша""}, {""bbox"": [580, 914, 3091, 1217], ""type"": ""handwritten"", ""text"": ""робому прямолінійну беззламну""}, {""bbox"": [586, 1073, 3137, 1347], ""type"": ""handwritten"", ""text"": ""роботу прикладною з математики""}, {""bbox"": [561, 1256, 3019, 1507], ""type"": ""handwritten"", ""text"": ""відкривав момент використання""}, {""bbox"": [3239, 1409, 3468, 1566], ""type"": ""handwritten"", ""text"": ""да""}, {""bbox"": [562, 1434, 3160, 1686], ""type"": ""handwritten"", ""text"": ""відкуплюють""}, {""bbox"": [513, 1610, 3216, 1878], ""type"": ""handwritten"", ""text"": ""сільського господарства, на відділи""}, {""bbox"": [510, 1795, 3216, 2073], ""type"": ""handwritten"", ""text"": ""вирішо. Вони управляли кожним""}, {""bbox"": [475, 2010, 3150, 2266], ""type"": ""handwritten"", ""text"": ""є масою цевінця (масою),""}, {""bbox"": [450, 2203, 3252, 2481], ""type"": ""handwritten"", ""text"": ""яка використовує сили магнітного""}, {""bbox"": [446, 2413, 3036, 2688], ""type"": ""handwritten"", ""text"": ""ним для підготовки та""}, {""bbox"": [421, 2609, 3149, 2886], ""type"": ""handwritten"", ""text"": ""перешкоди трапляються засобів""}, {""bbox"": [418, 2812, 3290, 3109], ""type"": ""handwritten"", ""text"": ""будинки. Це дозволило організму""}, {""bbox"": [413, 3024, 3302, 3338], ""type"": ""handwritten"", ""text"": ""виконання вправів з апеляцій""}, {""bbox"": [427, 3246, 3111, 3564], ""type"": ""handwritten"", ""text"": ""економічним витриманням.""}, {""bbox"": [323, 3447, 3304, 3814], ""type"": ""handwritten"", ""text"": ""В червоні цієї північної межі""}, {""bbox"": [274, 3705, 3066, 4048], ""type"": ""handwritten"", ""text"": ""причини відьмодій млянійних""}, {""bbox"": [254, 3921, 3103, 4296], ""type"": ""handwritten"", ""text"": ""тілів. коли на тілі""}, {""bbox"": [183, 4147, 3204, 4562], ""type"": ""handwritten"", ""text"": ""заходів для виключення""}]"
4648cf5b-07f4-598a-8778-51c40dc185b4.jpg,"[{""bbox"": [377, 340, 2825, 596], ""type"": ""handwritten"", ""text"": ""3. Мамонтова пещера ( США) - найдовша системи""}, {""bbox"": [388, 521, 2455, 758], ""type"": ""handwritten"", ""text"": ""через у світлі і з унікальними""}, {""bbox"": [511, 683, 2850, 916], ""type"": ""handwritten"", ""text"": ""підземними формуваннями та біофізичними""}, {""bbox"": [429, 1002, 788, 1082], ""type"": ""handwritten"", ""text"": ""ттям.""}, {""bbox"": [425, 1117, 1728, 1278], ""type"": ""handwritten"", ""text"": ""14. Незалежні швидкості:""}, {""bbox"": [532, 1301, 1419, 1453], ""type"": ""handwritten"", ""text"": ""- Вирізки лісів""}, {""bbox"": [522, 1445, 2147, 1621], ""type"": ""handwritten"", ""text"": ""Знищення біорізноманіття""}, {""bbox"": [559, 1611, 2405, 1798], ""type"": ""handwritten"", ""text"": ""- Забруднення ґрунтів та води""}, {""bbox"": [873, 1827, 1852, 1958], ""type"": ""handwritten"", ""text"": ""Програма покращення:""}, {""bbox"": [835, 2005, 1886, 2130], ""type"": ""handwritten"", ""text"": ""Співбесіди змовідними:""}, {""bbox"": [846, 2165, 2053, 2313], ""type"": ""handwritten"", ""text"": ""Контролю за вирубкою""}, {""bbox"": [568, 2333, 2079, 2495], ""type"": ""handwritten"", ""text"": ""- Екологічний тренажер""}, {""bbox"": [557, 2509, 2434, 2678], ""type"": ""handwritten"", ""text"": ""- Одіння місяцевого числення.""}, {""bbox"": [557, 2733, 2813, 2948], ""type"": ""handwritten"", ""text"": ""15. Головні причини, чому брязніє""}, {""bbox"": [615, 2932, 2783, 3125], ""type"": ""handwritten"", ""text"": ""- один з найбільших виробників кави""}, {""bbox"": [596, 3153, 1282, 3307], ""type"": ""handwritten"", ""text"": ""до світу:""}, {""bbox"": [606, 3308, 1923, 3453], ""type"": ""handwritten"", ""text"": ""- відшкодування витрат""}, {""bbox"": [630, 3441, 2897, 3638], ""type"": ""handwritten"", ""text"": ""- Родючі ґрунти, особливо чорноземи""}, {""bbox"": [661, 3607, 2919, 3808], ""type"": ""handwritten"", ""text"": ""- величайші тисячі сільськогосподарських""}, {""bbox"": [676, 3785, 915, 3864], ""type"": ""handwritten"", ""text"": ""цій-""}]"
108c913f-0a78-5005-adc7-7858d0a3736f.jpg,"[{""bbox"": [407, 64, 838, 178], ""type"": ""formula"", ""text"": ""\\sqrt{8} + \\sqrt{2} = \\sqrt{10}""}, {""bbox"": [93, 97, 233, 174], ""type"": ""handwritten"", ""text"": ""2 - A""}, {""bbox"": [66, 161, 1905, 333], ""type"": ""formula"", ""text"": ""3 - (1) \\quad (\\sqrt{7} - \\sqrt{2})(\\sqrt{7} + \\sqrt{2}) = (\\sqrt{7})^2 - (\\sqrt{2})^2 = 7 - 2 = 5""}, {""bbox"": [84, 234, 254, 308], ""type"": ""handwritten"", ""text"": ""3 - Д""}, {""bbox"": [43, 295, 1907, 572], ""type"": ""formula"", ""text"": ""4 - B \\quad (\\frac{7^{\\frac{3}{4}} \\cdot 2^{\\frac{3}{4}}}{2^{\\frac{1}{4}} \\cdot 14})^4 = (\\frac{\\sqrt[4]{7^3} \\cdot \\sqrt[4]{2^3}}{\\frac{14}{\\sqrt[4]{2}}})^4 = \\frac{7^3 \\cdot 2^3}{38416} = \\frac{2144}{2} = 2144""}, {""bbox"": [0, 538, 662, 712], ""type"": ""formula"", ""text"": ""= \\frac{2744}{19208} = \\frac{1}{7}""}, {""bbox"": [85, 786, 1585, 939], ""type"": ""handwritten"", ""text"": ""6) Знайдіть похідні функцій etg x = -√3""}, {""bbox"": [198, 912, 553, 1043], ""type"": ""formula"", ""text"": ""ctgx = -\\sqrt{3}""}, {""bbox"": [195, 1050, 1107, 1169], ""type"": ""formula"", ""text"": ""x = \\pi - \\text{arccctg} \\sqrt{3} + \\pi n, n \\in Z""}, {""bbox"": [185, 1193, 900, 1325], ""type"": ""formula"", ""text"": ""x = \\pi - \\frac{2\\pi}{3} + \\pi n, n \\in Z""}, {""bbox"": [196, 1368, 826, 1503], ""type"": ""formula"", ""text"": ""x = \\frac{\\pi}{3} + \\pi n, n \\in Z""}, {""bbox"": [83, 1547, 1609, 1701], ""type"": ""handwritten"", ""text"": ""7.) Знайдіть критичні точки функції:""}, {""bbox"": [184, 1683, 685, 1774], ""type"": ""formula"", ""text"": ""f(x) = x^3 - 3x^2""}, {""bbox"": [159, 1775, 1101, 1904], ""type"": ""formula"", ""text"": ""f'(x) = (x^3 - 3x^2)' = 3x^2 - 6x""}, {""bbox"": [206, 1914, 819, 2032], ""type"": ""formula"", ""text"": ""3x^2 - 6x = 0 | : (3)""}, {""bbox"": [226, 2033, 585, 2139], ""type"": ""formula"", ""text"": ""x^2 - 2x = 0""}, {""bbox"": [222, 2161, 578, 2244], ""type"": ""formula"", ""text"": ""x(x - 2) = 0""}, {""bbox"": [511, 2259, 788, 2331], ""type"": ""formula"", ""text"": ""x - 2 = 0""}, {""bbox"": [540, 2328, 744, 2421], ""type"": ""formula"", ""text"": ""x_2 = 2""}, {""bbox"": [101, 2425, 990, 2564], ""type"": ""formula"", ""text"": ""Відповідь: x_1 = 0; x_2 = 2""}, {""bbox"": [457, 2439, 989, 2546], ""type"": ""formula"", ""text"": "": x_1 = 0; x_2 = 2""}]"
9fa80aee-0b69-5d03-b811-eee399c13fa4.jpg,"[{""bbox"": [652, 42, 2285, 220], ""type"": ""printed"", ""text"": ""Wednesday, the twenty-third of April""}, {""bbox"": [1196, 218, 1679, 350], ""type"": ""handwritten"", ""text"": ""Homework""}, {""bbox"": [1309, 437, 1555, 584], ""type"": ""handwritten"", ""text"": ""р. 206""}, {""bbox"": [40, 729, 1116, 885], ""type"": ""handwritten"", ""text"": ""• an inclustry - промисловість.""}, {""bbox"": [44, 883, 1042, 1022], ""type"": ""handwritten"", ""text"": ""• an inhabitant - інунент.""}, {""bbox"": [45, 1069, 919, 1216], ""type"": ""handwritten"", ""text"": ""• population - населення.""}, {""bbox"": [54, 1220, 660, 1361], ""type"": ""handwritten"", ""text"": ""a sailoг- норак.""}, {""bbox"": [35, 1377, 1664, 1528], ""type"": ""printed"", ""text"": ""• to inhabit - населюють, жити в якомусь місці).""}, {""bbox"": [21, 1533, 1278, 1700], ""type"": ""handwritten"", ""text"": ""• to be proud of - пишатися чимось.""}, {""bbox"": [17, 1702, 1217, 1850], ""type"": ""handwritten"", ""text"": ""• to be buried - бути похованим.""}]"
